Date,Department,Business Unit,Data Integration Success Rate,Data Integration Success Rate %,Data Anomaly Detection,Analytics Implementation Impact,Big Data Adoption Rate,Big Data Adoption Rate %,Analytics Reporting Accuracy,Analytics Reporting Accuracy %
01-01-2022,HR,BU4,95.36555722,0.953655572,3,0.506140737,60.33202509,0.603320251,92.53547491,0.925354749
02-01-2022,IT,BU1,86.39309614,0.863930961,6,0.14670434,44.54298068,0.445429807,97.97690119,0.979769012
03-01-2022,Operations,BU1,96.46695447,0.964669545,10,0.040795369,93.660926,0.93660926,92.9691413,0.929691413
04-01-2022,Operations,BU3,98.4404735,0.984404735,5,0.407644856,67.62599344,0.676259934,92.47235897,0.92472359
05-01-2022,Operations,BU2,91.48264766,0.914826477,0,0.685027041,22.78520815,0.227852082,90.96753894,0.909675389
06-01-2022,HR,BU2,85.63229414,0.856322941,20,0.748975312,62.73359775,0.627335978,92.96475605,0.929647561
07-01-2022,Operations,BU1,90.21043179,0.902104318,18,0.587445477,68.61022751,0.686102275,90.60646985,0.906064699
08-01-2022,IT,BU3,95.32676599,0.95326766,5,0.06791963,74.98419665,0.749841967,93.05429504,0.93054295
09-01-2022,Marketing,BU4,80.77556088,0.807755609,5,0.70800542,85.45474816,0.854547482,91.39198814,0.913919881
10-01-2022,HR,BU2,90.23829954,0.902382995,20,0.89262262,68.09739639,0.680973964,97.41689229,0.974168923
11-01-2022,IT,BU3,87.11317414,0.871131741,15,0.700555021,2.103432005,0.02103432,97.58722945,0.975872295
12-01-2022,HR,BU4,80.05833412,0.800583341,18,0.782152107,98.36275725,0.983627573,94.29629976,0.942962998
13-01-2022,HR,BU4,94.84677382,0.948467738,6,0.069928424,70.77638411,0.707763841,95.57129952,0.955712995
14-01-2022,Operations,BU3,95.74500944,0.957450094,6,0.914380359,2.513223952,0.02513224,93.02838781,0.930283878
15-01-2022,Marketing,BU3,92.22582987,0.922258299,11,0.052655231,44.70986358,0.447098636,90.9683856,0.909683856
16-01-2022,Sales,BU1,93.05687206,0.930568721,5,0.872901533,98.6517035,0.986517035,99.12816365,0.991281637
17-01-2022,HR,BU4,95.58562616,0.955856262,0,0.993956053,32.98215069,0.329821507,96.89674495,0.96896745
18-01-2022,HR,BU1,81.16824212,0.811682421,4,0.28692028,12.23081462,0.122308146,99.93146622,0.999314662
19-01-2022,Finance,BU3,97.7666137,0.977666137,12,0.377836301,54.26297428,0.542629743,98.69554621,0.986955462
20-01-2022,IT,BU3,83.60506203,0.83605062,11,0.668335302,45.53118781,0.455311878,95.62646901,0.95626469
21-01-2022,Sales,BU2,96.4911728,0.964911728,14,0.676585841,58.11945071,0.581194507,98.26088072,0.982608807
22-01-2022,Operations,BU2,83.56683745,0.835668375,18,0.691381886,62.79439746,0.627943975,90.87308716,0.908730872
23-01-2022,HR,BU4,85.27503921,0.852750392,15,0.780940149,15.99038515,0.159903852,97.68234621,0.976823462
24-01-2022,Operations,BU2,80.63164751,0.806316475,2,0.638606849,48.73148122,0.487314812,93.50872624,0.935087262
25-01-2022,HR,BU4,93.12996081,0.931299608,10,0.321000243,58.40501503,0.58405015,93.05362707,0.930536271
26-01-2022,Marketing,BU1,98.95601773,0.989560177,20,0.458867083,8.513447254,0.085134473,96.53307176,0.965330718
27-01-2022,Marketing,BU2,92.98303094,0.929830309,8,0.11439203,0.620237643,0.006202376,99.56680865,0.995668087
28-01-2022,Marketing,BU1,88.73458406,0.887345841,10,0.04412096,63.50147982,0.635014798,94.68925861,0.946892586
29-01-2022,Sales,BU4,92.06148638,0.920614864,18,0.539677066,85.46472283,0.854647228,99.10413762,0.991041376
30-01-2022,Finance,BU3,95.73270507,0.957327051,19,0.815516145,61.07673687,0.610767369,93.93033917,0.939303392
31-01-2022,Marketing,BU4,92.26422839,0.922642284,6,0.26189824,3.374180874,0.033741809,92.7664047,0.927664047
01-02-2022,IT,BU1,94.93443674,0.949344367,13,0.628955678,53.65447227,0.536544723,95.91763873,0.959176387
02-02-2022,Marketing,BU3,93.98489163,0.939848916,6,0.349151713,34.64401819,0.346440182,91.45403246,0.914540325
03-02-2022,Finance,BU2,97.29738579,0.972973858,16,0.996395245,38.99733166,0.389973317,99.1963835,0.991963835
04-02-2022,Finance,BU2,95.56946452,0.955694645,19,0.647359324,8.933911902,0.089339119,93.28088767,0.932808877
05-02-2022,Marketing,BU1,82.31824805,0.823182481,5,0.824044886,13.71698925,0.137169893,99.39354702,0.99393547
06-02-2022,Sales,BU3,93.45483291,0.934548329,9,0.783549853,44.28108605,0.442810861,95.43486425,0.954348643
07-02-2022,Sales,BU2,91.90414493,0.919041449,9,0.755120111,81.60364998,0.8160365,92.25821703,0.92258217
08-02-2022,IT,BU2,91.54872437,0.915487244,4,0.364211677,81.12945046,0.811294505,91.4688648,0.914688648
09-02-2022,Sales,BU1,93.36461784,0.933646178,9,0.914136223,58.9015523,0.589015523,98.49325545,0.984932555
10-02-2022,Marketing,BU4,97.35295666,0.973529567,4,0.607561547,37.21513862,0.372151386,98.14348816,0.981434882
11-02-2022,IT,BU3,92.91613582,0.929161358,17,0.436441425,36.38997223,0.363899722,99.12229933,0.991222993
12-02-2022,Finance,BU2,85.10559009,0.851055901,7,0.781661907,6.131922045,0.06131922,91.46584468,0.914658447
13-02-2022,Operations,BU4,89.91412208,0.899141221,18,0.944542278,10.59361168,0.105936117,94.26317882,0.942631788
14-02-2022,IT,BU4,94.27038336,0.942703834,10,0.387448853,14.98273619,0.149827362,93.84667919,0.938466792
15-02-2022,IT,BU4,84.72617263,0.847261726,2,0.278298113,4.996482862,0.049964829,90.14808462,0.901480846
16-02-2022,Marketing,BU4,96.60044159,0.966004416,20,0.567299678,56.66521123,0.566652112,90.7199721,0.907199721
17-02-2022,Marketing,BU3,94.96574362,0.949657436,1,0.511954899,67.59527715,0.675952772,98.03303915,0.980330392
18-02-2022,Finance,BU4,83.14327527,0.831432753,1,0.271403293,71.25555053,0.712555505,95.1437659,0.951437659
19-02-2022,Marketing,BU1,83.44171546,0.834417155,11,0.260144976,67.46355853,0.674635585,96.95444006,0.969544401
20-02-2022,Operations,BU2,91.30071613,0.913007161,1,0.646017508,61.69815942,0.616981594,92.38724444,0.923872444
21-02-2022,Marketing,BU1,91.67544008,0.916754401,20,0.875405883,87.13018286,0.871301829,91.0733266,0.910733266
22-02-2022,Marketing,BU4,97.74125815,0.977412582,4,0.530183224,7.501003713,0.075010037,90.93004953,0.909300495
23-02-2022,Finance,BU3,82.84894067,0.828489407,19,0.821126296,29.20585519,0.292058552,95.10765722,0.951076572
24-02-2022,Marketing,BU3,91.45833715,0.914583372,0,0.379980439,45.85599669,0.458559967,98.22179205,0.982217921
25-02-2022,IT,BU4,83.68745062,0.836874506,7,0.712739672,8.073839803,0.080738398,98.77184008,0.987718401
26-02-2022,HR,BU4,83.19985966,0.831998597,2,0.516780689,13.92607237,0.139260724,93.25718861,0.932571886
27-02-2022,Sales,BU1,91.96813277,0.919681328,15,0.077450672,45.66605633,0.456660563,90.76908547,0.907690855
28-02-2022,Operations,BU1,93.31553846,0.933155385,5,0.109678698,44.61120458,0.446112046,91.09746893,0.910974689
01-03-2022,Sales,BU1,82.87854307,0.828785431,6,0.656590007,81.5595875,0.815595875,92.96106316,0.929610632
02-03-2022,IT,BU2,98.48383925,0.984838393,7,0.663312846,75.81320692,0.758132069,97.05573988,0.970557399
03-03-2022,IT,BU1,87.92594378,0.879259438,18,0.45091309,14.83437659,0.148343766,96.74909947,0.967490995
04-03-2022,Finance,BU2,93.87022948,0.938702295,2,0.70136727,16.92689998,0.169269,90.41552802,0.90415528
05-03-2022,Marketing,BU1,81.51136431,0.815113643,4,0.209703102,57.78620075,0.577862008,90.46387281,0.904638728
06-03-2022,Operations,BU3,83.27667781,0.832766778,15,0.878253608,6.376119829,0.063761198,97.49721522,0.974972152
07-03-2022,Finance,BU4,82.75842873,0.827584287,0,0.4902825,52.43260787,0.524326079,99.10824107,0.991082411
08-03-2022,HR,BU2,93.6576261,0.936576261,7,0.573020264,32.36339238,0.323633924,98.49417128,0.984941713
09-03-2022,Marketing,BU2,83.45791992,0.834579199,15,0.158899366,2.732972521,0.027329725,99.75332311,0.997533231
10-03-2022,Finance,BU2,94.72174207,0.947217421,3,0.353182959,34.96345172,0.349634517,97.74781605,0.977478161
11-03-2022,Sales,BU3,95.66714106,0.956671411,15,0.454910633,94.57668375,0.945766838,92.10684635,0.921068464
12-03-2022,IT,BU2,85.144183,0.85144183,15,0.409337122,1.316773942,0.013167739,94.41267754,0.944126775
13-03-2022,Sales,BU3,92.96927514,0.929692751,17,0.672901311,20.30402383,0.203040238,98.54321064,0.985432106
14-03-2022,Finance,BU2,90.82608901,0.90826089,9,0.43690714,22.3374799,0.223374799,93.25859983,0.932585998
15-03-2022,IT,BU2,89.09973896,0.89099739,13,0.961492309,26.75258032,0.267525803,94.10550252,0.941055025
16-03-2022,Sales,BU1,98.14670101,0.98146701,11,0.291721085,49.16823935,0.491682394,95.60109494,0.956010949
17-03-2022,HR,BU2,95.40132189,0.954013219,17,0.538627369,5.54615214,0.055461521,93.35677473,0.933567747
18-03-2022,Sales,BU4,80.28892182,0.802889218,14,0.598529591,31.54352071,0.315435207,94.10054698,0.94100547
19-03-2022,IT,BU1,89.79987432,0.897998743,6,0.6911817,86.63166429,0.866316643,99.81766993,0.998176699
20-03-2022,Marketing,BU4,94.08972197,0.94089722,7,0.900304226,84.38072296,0.84380723,95.05531119,0.950553112
21-03-2022,Operations,BU1,83.51014191,0.835101419,14,0.770960845,83.03086869,0.830308687,90.55764098,0.90557641
22-03-2022,Finance,BU2,91.11164604,0.91111646,19,0.147648398,87.2833358,0.872833358,95.21213203,0.95212132
23-03-2022,HR,BU2,89.97533626,0.899753363,10,0.225892972,9.339245357,0.093392454,94.39305416,0.943930542
24-03-2022,Operations,BU3,89.69335518,0.896933552,5,0.531095607,39.25789727,0.392578973,94.34663628,0.943466363
25-03-2022,HR,BU2,89.17485746,0.891748575,19,0.497630903,98.29963754,0.982996375,99.24917684,0.992491768
26-03-2022,HR,BU4,92.11530347,0.921153035,0,0.802786411,77.26708093,0.772670809,93.84533636,0.938453364
27-03-2022,IT,BU3,99.13324402,0.99133244,10,0.547075111,28.89054876,0.288905488,99.91375662,0.999137566
28-03-2022,HR,BU3,92.76504551,0.927650455,16,0.498874202,94.24898099,0.94248981,92.27934081,0.922793408
29-03-2022,Finance,BU1,94.25665496,0.94256655,9,0.684232048,60.25373403,0.60253734,97.03767263,0.970376726
30-03-2022,Marketing,BU2,90.22335226,0.902233523,5,0.124921631,60.42022572,0.604202257,95.08756148,0.950875615
31-03-2022,Sales,BU2,80.54588699,0.80545887,19,0.521838213,73.28575193,0.732857519,94.20223924,0.942022392
01-04-2022,Finance,BU1,92.83846122,0.928384612,15,0.748934709,91.87301914,0.918730191,96.51837915,0.965183792
02-04-2022,Marketing,BU4,89.69909521,0.896990952,9,0.988905159,92.50515012,0.925051501,93.07328088,0.930732809
03-04-2022,Marketing,BU4,80.23947153,0.802394715,8,0.401612052,1.621291129,0.016212911,90.29170093,0.902917009
04-04-2022,HR,BU3,83.63873209,0.836387321,14,0.501050567,77.06094736,0.770609474,99.76238051,0.997623805
05-04-2022,Operations,BU4,88.85708753,0.888570875,2,0.79923796,39.42664229,0.394266423,96.20627518,0.962062752
06-04-2022,HR,BU1,92.54546045,0.925454605,11,0.433254278,44.87533561,0.448753356,90.49406341,0.904940634
07-04-2022,IT,BU1,92.95725746,0.929572575,2,0.77030113,54.970392,0.54970392,92.65757745,0.926575775
08-04-2022,Operations,BU4,96.74286291,0.967428629,17,0.870034441,90.0203399,0.900203399,93.07236451,0.930723645
09-04-2022,Finance,BU4,96.39670493,0.963967049,14,0.931210226,13.28735375,0.132873538,94.05694428,0.940569443
10-04-2022,Operations,BU2,94.07239035,0.940723904,15,0.306996974,18.03863347,0.180386335,96.90343817,0.969034382
11-04-2022,Marketing,BU4,96.38301361,0.963830136,13,0.112255403,32.83835083,0.328383508,94.76770679,0.947677068
12-04-2022,Finance,BU3,96.19817473,0.961981747,12,0.587012932,45.54271733,0.455427173,92.02554686,0.920255469
13-04-2022,Marketing,BU4,89.66476827,0.896647683,6,0.410787541,0.845311942,0.008453119,95.20669709,0.952066971
14-04-2022,HR,BU2,85.58585574,0.855858557,15,0.975292227,66.73591767,0.667359177,96.49911524,0.964991152
15-04-2022,Sales,BU3,86.1129002,0.861129002,17,0.952720991,54.58498381,0.545849838,95.20284073,0.952028407
16-04-2022,Operations,BU4,99.27727177,0.992772718,18,0.034045856,67.20207504,0.67202075,94.01544981,0.940154498
17-04-2022,IT,BU1,89.97759228,0.899775923,20,0.85787707,2.767074298,0.027670743,90.90023036,0.909002304
18-04-2022,HR,BU2,90.39725941,0.903972594,16,0.868171826,6.372810111,0.063728101,98.52170427,0.985217043
19-04-2022,IT,BU2,91.51544785,0.915154479,18,0.808726565,1.551482625,0.015514826,98.50817275,0.985081728
20-04-2022,Marketing,BU4,86.32892759,0.863289276,1,0.813952487,20.38194789,0.203819479,98.04592408,0.980459241
21-04-2022,IT,BU1,83.83053511,0.838305351,18,0.57039113,15.0103691,0.150103691,99.46291049,0.994629105
22-04-2022,Operations,BU2,98.15254146,0.981525415,18,0.918651451,41.06351836,0.410635184,94.51125892,0.945112589
23-04-2022,HR,BU1,90.68786707,0.906878671,3,0.477278687,62.82124034,0.628212403,95.04082028,0.950408203
24-04-2022,Sales,BU1,95.74096435,0.957409644,15,0.143675284,19.93608516,0.199360852,98.6766864,0.986766864
25-04-2022,HR,BU1,89.09730259,0.890973026,9,0.081224122,83.09211092,0.830921109,95.31562435,0.953156244
26-04-2022,Sales,BU1,96.58553115,0.965855312,2,0.780194514,91.42265408,0.914226541,94.42052883,0.944205288
27-04-2022,Marketing,BU4,90.05943284,0.900594328,11,0.86256319,94.44200331,0.944420033,93.92387913,0.939238791
28-04-2022,Marketing,BU1,87.40615713,0.874061571,19,0.314863541,10.80319177,0.108031918,91.17190195,0.91171902
29-04-2022,Marketing,BU4,87.97563774,0.879756377,11,0.675046558,89.08332944,0.890833294,99.83514135,0.998351414
30-04-2022,IT,BU3,88.50360182,0.885036018,2,0.864696838,9.890090789,0.098900908,92.55420448,0.925542045
01-05-2022,HR,BU3,84.69655158,0.846965516,13,0.703660162,34.00773119,0.340077312,94.7478411,0.947478411
02-05-2022,Marketing,BU1,92.14036906,0.921403691,3,0.269539044,40.83986429,0.408398643,94.97540329,0.949754033
03-05-2022,Sales,BU2,94.77166368,0.947716637,18,0.854988807,4.631776057,0.046317761,97.81126436,0.978112644
04-05-2022,HR,BU4,94.07171761,0.940717176,13,0.834455611,47.72166393,0.477216639,90.00219524,0.900021952
05-05-2022,Sales,BU4,93.33303921,0.933330392,9,0.161516264,67.26188994,0.672618899,93.15678736,0.931567874
06-05-2022,Sales,BU4,84.58036263,0.845803626,11,0.591391413,3.731232422,0.037312324,99.00876448,0.990087645
07-05-2022,Sales,BU4,91.24775587,0.912477559,3,0.646330387,54.14340679,0.541434068,93.71379412,0.937137941
08-05-2022,Sales,BU1,97.2167346,0.972167346,8,0.44687043,73.01972966,0.730197297,90.71064868,0.907106487
09-05-2022,IT,BU3,87.00782042,0.870078204,3,0.026622382,40.48006254,0.404800625,98.73655445,0.987365545
10-05-2022,Finance,BU1,90.94945629,0.909494563,2,0.242026555,94.51777274,0.945177727,96.4514067,0.964514067
11-05-2022,HR,BU3,93.11279443,0.931127944,13,0.269644779,42.88645132,0.428864513,94.58481249,0.945848125
12-05-2022,Sales,BU2,90.86824465,0.908682447,12,0.729470346,63.49771914,0.634977191,98.67808275,0.986780828
13-05-2022,IT,BU3,96.03662578,0.960366258,7,0.306012861,85.9397726,0.859397726,99.1888474,0.991888474
14-05-2022,HR,BU4,92.06090583,0.920609058,18,0.885324008,76.90710373,0.769071037,94.78215131,0.947821513
15-05-2022,Marketing,BU2,90.77903909,0.907790391,16,0.217877435,95.61430583,0.956143058,97.68690314,0.976869031
16-05-2022,HR,BU4,95.63787629,0.956378763,15,0.407603646,20.34279793,0.203427979,99.42594041,0.994259404
17-05-2022,IT,BU2,81.05805905,0.810580591,20,0.293904614,26.07411768,0.260741177,93.67112854,0.936711285
18-05-2022,Sales,BU1,87.30377624,0.873037762,15,0.804165739,9.373120469,0.093731205,92.26353909,0.922635391
19-05-2022,Sales,BU1,84.66137131,0.846613713,16,0.805580864,27.08152062,0.270815206,96.19898706,0.961989871
20-05-2022,HR,BU3,82.21218854,0.822121885,12,0.660919568,20.28257779,0.202825778,98.81487328,0.988148733
21-05-2022,Operations,BU2,84.63606586,0.846360659,12,0.600391948,55.95496542,0.559549654,95.55901332,0.955590133
22-05-2022,Finance,BU3,97.5325814,0.975325814,12,0.16801322,63.74940176,0.637494018,91.23716525,0.912371653
23-05-2022,Sales,BU3,99.54329102,0.99543291,13,0.778106762,58.94409362,0.589440936,93.81235368,0.938123537
24-05-2022,Finance,BU2,84.67007967,0.846700797,1,0.309906706,5.288034023,0.05288034,98.61641723,0.986164172
25-05-2022,Finance,BU2,95.39450116,0.953945012,1,0.60052156,77.64668664,0.776466866,98.94087348,0.989408735
26-05-2022,Marketing,BU1,87.76525578,0.877652558,20,0.988666718,5.831424699,0.058314247,94.68495244,0.946849524
27-05-2022,Finance,BU3,89.16567887,0.891656789,7,0.549417098,8.417272807,0.084172728,94.84595993,0.948459599
28-05-2022,Operations,BU4,97.77654064,0.977765406,11,0.884243366,81.78560399,0.81785604,96.11161244,0.961116124
29-05-2022,Finance,BU1,94.50627849,0.945062785,17,0.754908357,25.09502233,0.250950223,97.71995868,0.977199587
30-05-2022,Sales,BU2,94.80054584,0.948005458,9,0.171079924,53.44963491,0.534496349,94.83302636,0.948330264
31-05-2022,HR,BU2,88.01302137,0.880130214,19,0.086666153,62.07313293,0.620731329,97.05496613,0.970549661
01-06-2022,Finance,BU4,98.44460106,0.984446011,11,0.084494022,12.46540327,0.124654033,93.97528742,0.939752874
02-06-2022,IT,BU2,90.32993803,0.90329938,10,0.988331872,70.39985766,0.703998577,97.62188373,0.976218837
03-06-2022,HR,BU3,94.45089243,0.944508924,16,0.030341101,12.87503914,0.128750391,93.82010093,0.938201009
04-06-2022,HR,BU1,81.7678409,0.817678409,17,0.365121845,4.079453282,0.040794533,98.29475307,0.982947531
05-06-2022,Sales,BU4,84.65248549,0.846524855,2,0.74538248,0.542346041,0.00542346,98.27762761,0.982776276
06-06-2022,Finance,BU1,97.14039467,0.971403947,13,0.88566486,39.85327857,0.398532786,91.65664138,0.916566414
07-06-2022,Finance,BU4,88.35900086,0.883590009,10,0.485693894,67.33179106,0.673317911,94.53093926,0.945309393
08-06-2022,Finance,BU4,80.19637882,0.801963788,9,0.40603319,26.75523226,0.267552323,97.00155302,0.97001553
09-06-2022,Finance,BU3,91.87807234,0.918780723,0,0.521947549,51.72438458,0.517243846,90.57796412,0.905779641
10-06-2022,Sales,BU2,99.92981187,0.999298119,12,0.688525758,60.18550033,0.601855003,96.39529219,0.963952922
11-06-2022,Finance,BU3,93.99496368,0.939949637,8,0.411391584,20.99084388,0.209908439,97.35465704,0.97354657
12-06-2022,Operations,BU1,93.41054906,0.934105491,16,0.334530679,33.11694869,0.331169487,94.49079319,0.944907932
13-06-2022,HR,BU2,89.45055394,0.894505539,20,0.751381782,64.6958181,0.646958181,95.69517719,0.956951772
14-06-2022,Marketing,BU1,89.36953173,0.893695317,16,0.613789963,74.44656054,0.744465605,98.59913901,0.98599139
15-06-2022,HR,BU3,93.29316164,0.932931616,5,0.181224546,36.55269425,0.365526943,99.10398558,0.991039856
16-06-2022,Operations,BU3,92.54052376,0.925405238,8,0.054370377,95.18506559,0.951850656,92.98679181,0.929867918
17-06-2022,Sales,BU3,92.91577573,0.929157757,16,0.827065366,8.226769101,0.082267691,93.6360489,0.936360489
18-06-2022,Sales,BU4,97.69636368,0.976963637,11,0.415531804,54.09638051,0.540963805,91.07578348,0.910757835
19-06-2022,Operations,BU4,86.28965416,0.862896542,8,0.883933928,62.90788896,0.62907889,97.45187949,0.974518795
20-06-2022,Marketing,BU2,97.54273586,0.975427359,5,0.050473666,87.83972767,0.878397277,91.60005236,0.916000524
21-06-2022,Marketing,BU4,85.93355565,0.859335557,10,0.90747725,7.529622156,0.075296222,94.27676837,0.942767684
22-06-2022,Operations,BU4,99.2088115,0.992088115,8,0.869971423,17.64160221,0.176416022,95.77782241,0.957778224
23-06-2022,Operations,BU2,93.477124,0.93477124,7,0.499179339,18.06455639,0.180645564,96.31296015,0.963129602
24-06-2022,HR,BU2,91.11103077,0.911110308,15,0.598248655,60.47061067,0.604706107,99.50533556,0.995053356
25-06-2022,IT,BU2,91.51926181,0.915192618,20,0.454721819,46.15108763,0.461510876,95.02792932,0.950279293
26-06-2022,HR,BU3,97.75349926,0.977534993,7,0.097816862,59.09602609,0.590960261,90.27619674,0.902761967
27-06-2022,IT,BU1,85.40964532,0.854096453,14,0.824502621,52.4308186,0.524308186,92.83705111,0.928370511
28-06-2022,IT,BU4,87.54960335,0.875496034,7,0.428948651,0.591904923,0.005919049,94.42799333,0.944279933
29-06-2022,Sales,BU2,95.4524363,0.954524363,13,0.252139399,57.33468748,0.573346875,95.51293523,0.955129352
30-06-2022,HR,BU4,95.38654061,0.953865406,16,0.741734787,2.413121082,0.024131211,96.98322395,0.96983224
01-07-2022,Sales,BU2,88.6786956,0.886786956,2,0.376276033,97.68784986,0.976878499,94.49541275,0.944954128
02-07-2022,Sales,BU1,89.79924201,0.89799242,9,0.804989748,44.24721442,0.442472144,95.96045603,0.95960456
03-07-2022,Finance,BU4,98.68028795,0.98680288,7,0.607391741,82.31581379,0.823158138,97.84182063,0.978418206
04-07-2022,IT,BU2,86.70156598,0.86701566,3,0.285050586,16.95336057,0.169533606,99.544921,0.99544921
05-07-2022,HR,BU2,99.62172616,0.996217262,2,0.912100138,14.78696842,0.147869684,93.24674669,0.932467467
06-07-2022,Marketing,BU3,81.70997766,0.817099777,18,0.425011241,75.25093205,0.752509321,90.14496592,0.901449659
07-07-2022,HR,BU2,95.16163871,0.951616387,19,0.280112922,56.58875172,0.565887517,97.91172255,0.979117226
08-07-2022,Operations,BU1,96.1419268,0.961419268,8,0.055999747,12.44932881,0.124493288,96.04182868,0.960418287
09-07-2022,Finance,BU1,81.40603185,0.814060319,4,0.180266029,68.10835707,0.681083571,93.76681633,0.937668163
10-07-2022,Finance,BU4,82.68705365,0.826870537,14,0.92004438,20.61534568,0.206153457,95.70910719,0.957091072
11-07-2022,Sales,BU1,95.43022904,0.95430229,18,0.562349255,16.28504678,0.162850468,95.86138106,0.958613811
12-07-2022,IT,BU2,91.33833232,0.913383323,11,0.134439698,99.77170789,0.997717079,97.25897714,0.972589771
13-07-2022,IT,BU1,92.37053809,0.923705381,13,0.677853246,22.36620085,0.223662009,98.88260956,0.988826096
14-07-2022,Sales,BU4,81.68081369,0.816808137,16,0.005420687,68.47592598,0.68475926,92.19653064,0.921965306
15-07-2022,Operations,BU4,97.49868762,0.974986876,2,0.986940166,75.56934091,0.755693409,91.94721111,0.919472111
16-07-2022,HR,BU1,96.26089169,0.962608917,15,0.688290412,89.79341607,0.897934161,95.42914215,0.954291422
17-07-2022,Marketing,BU1,85.68847864,0.856884786,12,0.470907263,98.89958673,0.988995867,96.3553125,0.963553125
18-07-2022,Operations,BU3,91.6581752,0.916581752,10,0.916723106,13.20194272,0.132019427,99.02399249,0.990239925
19-07-2022,HR,BU2,95.91983731,0.959198373,11,0.266113928,19.61550992,0.196155099,95.18621242,0.951862124
20-07-2022,Sales,BU1,82.10726503,0.82107265,17,0.512188003,20.20846317,0.202084632,96.44382276,0.964438228
21-07-2022,IT,BU3,88.74178395,0.88741784,13,0.82917748,53.58130368,0.535813037,93.88618664,0.938861866
22-07-2022,Operations,BU2,81.03422724,0.810342272,6,0.039988864,92.62785819,0.926278582,93.80096871,0.938009687
23-07-2022,IT,BU1,97.07849783,0.970784978,17,0.047283566,50.62938985,0.506293899,96.17621319,0.961762132
24-07-2022,Sales,BU4,84.84177465,0.848417747,9,0.750295685,70.70740734,0.707074073,96.51484846,0.965148485
25-07-2022,IT,BU1,98.88065862,0.988806586,3,0.99367915,16.4176205,0.164176205,91.70927945,0.917092795
26-07-2022,HR,BU4,87.8416675,0.878416675,3,0.074463388,55.38591443,0.553859144,90.43342936,0.904334294
27-07-2022,HR,BU1,88.54670868,0.885467087,14,0.380740812,62.80878323,0.628087832,91.66751745,0.916675175
28-07-2022,Finance,BU3,94.05856746,0.940585675,12,0.918360124,70.63322438,0.706332244,98.98793774,0.989879377
29-07-2022,Sales,BU2,98.50710737,0.985071074,19,0.217955864,31.31514978,0.313151498,95.83480365,0.958348037
30-07-2022,HR,BU3,83.94195142,0.839419514,20,0.374690734,86.32690239,0.863269024,93.10021311,0.931002131
31-07-2022,Operations,BU3,97.15134616,0.971513462,7,0.846080052,96.94372819,0.969437282,99.09640023,0.990964002
01-08-2022,HR,BU2,95.75240098,0.95752401,12,0.00278507,69.40046438,0.694004644,96.29840104,0.96298401
02-08-2022,Marketing,BU2,93.3945502,0.933945502,12,0.135845611,37.28777202,0.37287772,96.44006332,0.964400633
03-08-2022,HR,BU2,89.3004839,0.893004839,17,0.235698445,30.96150362,0.309615036,98.6935306,0.986935306
04-08-2022,IT,BU1,85.08602079,0.850860208,2,0.156515035,60.26485457,0.602648546,92.26986036,0.922698604
05-08-2022,Marketing,BU3,86.54069542,0.865406954,1,0.586773041,31.20235184,0.312023518,97.38049721,0.973804972
06-08-2022,Finance,BU2,90.39436974,0.903943697,0,0.17762378,6.732402405,0.067324024,98.78772023,0.987877202
07-08-2022,Marketing,BU4,81.25370052,0.812537005,16,0.010665936,25.04140118,0.250414012,99.98062297,0.99980623
08-08-2022,Operations,BU1,91.56314008,0.915631401,5,0.355498694,25.4348519,0.254348519,98.15309611,0.981530961
09-08-2022,Marketing,BU2,92.93864025,0.929386403,14,0.579769593,39.00562526,0.390056253,95.77736458,0.957773646
10-08-2022,HR,BU4,89.68231168,0.896823117,15,0.651626155,21.70337389,0.217033739,97.17028473,0.971702847
11-08-2022,HR,BU3,80.67034106,0.806703411,0,0.932344743,33.02195667,0.330219567,93.13084167,0.931308417
12-08-2022,Finance,BU2,87.2976392,0.872976392,6,0.050551933,27.08383979,0.270838398,99.48142587,0.994814259
13-08-2022,HR,BU1,93.37757258,0.933775726,4,0.43562124,4.301586024,0.04301586,98.98769246,0.989876925
14-08-2022,Operations,BU4,95.83159025,0.958315903,13,0.371007871,88.71450339,0.887145034,95.36145053,0.953614505
15-08-2022,Marketing,BU2,89.56422171,0.895642217,20,0.825884391,24.14489829,0.241448983,96.95318826,0.969531883
16-08-2022,HR,BU1,90.71318082,0.907131808,20,0.372988459,59.98515948,0.599851595,93.89608004,0.9389608
17-08-2022,Finance,BU2,86.54053203,0.86540532,12,0.417159614,77.98917185,0.779891719,91.48334175,0.914833418
18-08-2022,Sales,BU1,84.32657672,0.843265767,9,0.561087845,30.48552037,0.304855204,92.54212743,0.925421274
19-08-2022,Marketing,BU1,87.82545954,0.878254595,13,0.365044793,69.10836032,0.691083603,92.26520197,0.92265202
20-08-2022,HR,BU1,92.41749786,0.924174979,12,0.797436225,48.36277493,0.483627749,91.79515229,0.917951523
21-08-2022,Operations,BU3,87.08096458,0.870809646,5,0.728456968,65.84610793,0.658461079,92.47644406,0.924764441
22-08-2022,IT,BU4,85.76995991,0.857699599,10,0.985319669,77.32146457,0.773214646,92.46278734,0.924627873
23-08-2022,Sales,BU4,85.78269253,0.857826925,4,0.956605276,23.51946131,0.235194613,92.14581471,0.921458147
24-08-2022,Finance,BU1,99.01728988,0.990172899,14,0.405190476,73.47448074,0.734744807,90.21309021,0.902130902
25-08-2022,Sales,BU3,89.54787166,0.895478717,0,0.711644577,88.81571422,0.888157142,93.25678855,0.932567886
26-08-2022,Sales,BU1,96.9126502,0.969126502,18,0.955817563,17.35995611,0.173599561,99.83758508,0.998375851
27-08-2022,Sales,BU4,86.11969212,0.861196921,10,0.698357898,35.19686087,0.351968609,97.05391807,0.970539181
28-08-2022,IT,BU1,92.89054013,0.928905401,15,0.005152888,93.35701896,0.93357019,97.33218399,0.97332184
29-08-2022,Marketing,BU1,96.9980382,0.969980382,2,0.976118129,83.12397476,0.831239748,91.74740369,0.917474037
30-08-2022,IT,BU2,96.17405127,0.961740513,13,0.492074365,90.81326803,0.90813268,97.52204952,0.975220495
31-08-2022,Operations,BU3,85.30246757,0.853024676,7,0.228284891,70.81759911,0.708175991,98.29156412,0.982915641
01-09-2022,IT,BU2,95.60186674,0.956018667,3,0.017217469,29.84602038,0.298460204,98.79390385,0.987939039
02-09-2022,Operations,BU2,85.32815109,0.853281511,15,0.815350697,87.04591904,0.87045919,94.40368163,0.944036816
03-09-2022,Finance,BU3,97.05209418,0.970520942,16,0.207218502,90.5740133,0.905740133,91.54266632,0.915426663
04-09-2022,Sales,BU4,92.01678378,0.920167838,2,0.683663864,11.51845661,0.115184566,91.66231191,0.916623119
05-09-2022,Operations,BU2,85.08652045,0.850865205,9,0.95521879,43.31046378,0.433104638,94.92388532,0.949238853
06-09-2022,HR,BU2,81.62584607,0.816258461,10,0.030283713,27.02556302,0.27025563,97.94415776,0.979441578
07-09-2022,Sales,BU4,85.25752455,0.852575246,14,0.207515115,61.73133163,0.617313316,96.78543409,0.967854341
08-09-2022,HR,BU1,94.4598207,0.944598207,14,0.615460468,13.86361825,0.138636183,92.05946582,0.920594658
09-09-2022,IT,BU2,81.88611001,0.8188611,6,0.49160935,95.15106268,0.951510627,98.1238415,0.981238415
10-09-2022,Operations,BU2,98.54133585,0.985413359,3,0.940279424,89.71851381,0.897185138,94.03186404,0.94031864
11-09-2022,Operations,BU4,99.7400439,0.997400439,0,0.766079416,87.00350631,0.870035063,91.9236222,0.919236222
12-09-2022,Marketing,BU2,84.88519085,0.848851909,4,0.458255757,25.79280529,0.257928053,96.7750132,0.967750132
13-09-2022,Marketing,BU1,94.42862123,0.944286212,14,0.59931293,8.021035375,0.080210354,96.98299914,0.969829991
14-09-2022,Finance,BU4,92.4604588,0.924604588,1,0.873370122,91.84489114,0.918448911,97.91719574,0.979171957
15-09-2022,Finance,BU4,94.26908565,0.942690857,18,0.882056551,72.75398335,0.727539834,94.394866,0.94394866
16-09-2022,Finance,BU1,86.10079893,0.861007989,19,0.719722902,46.60587546,0.466058755,93.22917783,0.932291778
17-09-2022,HR,BU3,92.41189294,0.924118929,5,0.702415078,60.71219886,0.607121989,90.42999636,0.904299964
18-09-2022,Operations,BU1,89.67772608,0.896777261,1,0.288590524,13.104447,0.13104447,98.90538798,0.98905388
19-09-2022,HR,BU1,88.95987399,0.88959874,13,0.547075512,42.22399297,0.42223993,99.89407135,0.998940714
20-09-2022,Operations,BU2,97.50568144,0.975056814,4,0.922643746,8.915578465,0.089155785,98.14867466,0.981486747
21-09-2022,Sales,BU4,89.04817738,0.890481774,20,0.219601811,26.2384738,0.262384738,92.07829667,0.920782967
22-09-2022,HR,BU3,90.1181284,0.901181284,19,0.192314175,27.74578713,0.277457871,99.67740383,0.996774038
23-09-2022,HR,BU3,95.5412354,0.955412354,5,0.873181714,37.95502951,0.379550295,93.49646228,0.934964623
24-09-2022,Finance,BU4,94.80358345,0.948035835,0,0.633357708,40.05036239,0.400503624,96.12568477,0.961256848
25-09-2022,Operations,BU1,85.55576917,0.855557692,18,0.22500498,96.79808715,0.967980872,94.76438625,0.947643863
26-09-2022,IT,BU3,88.52367914,0.885236791,14,0.898622558,24.98481803,0.24984818,91.9042234,0.919042234
27-09-2022,Finance,BU2,89.42592309,0.894259231,15,0.960264068,25.68625814,0.256862581,93.72554553,0.937255455
28-09-2022,Operations,BU2,85.00878185,0.850087819,17,0.553780993,74.28691411,0.742869141,96.38645499,0.96386455
29-09-2022,HR,BU2,87.43797141,0.874379714,14,0.227377346,2.634514472,0.026345145,91.15595411,0.911559541
30-09-2022,HR,BU3,81.0185966,0.810185966,20,0.053497845,93.02495311,0.930249531,92.83742098,0.92837421
01-10-2022,Marketing,BU4,88.00119637,0.880011964,18,0.055076007,53.67631425,0.536763143,99.63130637,0.996313064
02-10-2022,Operations,BU4,97.13310822,0.971331082,5,0.890354808,98.18196467,0.981819647,92.3504283,0.923504283
03-10-2022,HR,BU4,99.77856847,0.997785685,14,0.10727491,1.616204833,0.016162048,97.42486384,0.974248638
04-10-2022,Operations,BU1,83.93813593,0.839381359,11,0.815187712,10.48002285,0.104800229,92.72236422,0.927223642
05-10-2022,Finance,BU2,94.22297523,0.942229752,12,0.252682535,96.59268922,0.965926892,99.70786283,0.997078628
06-10-2022,IT,BU1,99.70309424,0.997030942,9,0.953394379,68.45205836,0.684520584,90.80510689,0.908051069
07-10-2022,HR,BU4,93.08197543,0.930819754,16,0.339737701,15.44757905,0.154475791,92.76542251,0.927654225
08-10-2022,HR,BU4,89.23464946,0.892346495,4,0.613844451,54.13966551,0.541396655,99.04154125,0.990415413
09-10-2022,Operations,BU2,90.03818053,0.900381805,7,0.779490567,34.22412014,0.342241201,98.18990627,0.981899063
10-10-2022,Sales,BU4,81.29363519,0.812936352,18,0.776591115,40.687749,0.40687749,98.96330862,0.989633086
11-10-2022,Sales,BU3,84.86406174,0.848640617,7,0.582237098,98.26567987,0.982656799,92.185068,0.92185068
12-10-2022,Operations,BU4,82.49286942,0.824928694,18,0.019512449,90.69693282,0.906969328,94.39798965,0.943979897
13-10-2022,Finance,BU3,93.37793889,0.933779389,6,0.070015816,10.12775386,0.101277539,90.86910284,0.908691028
14-10-2022,IT,BU2,86.92366998,0.8692367,1,0.212392961,44.50977851,0.445097785,91.26847072,0.912684707
15-10-2022,IT,BU1,87.80421997,0.8780422,8,0.010247259,26.91405448,0.269140545,94.78661474,0.947866147
16-10-2022,Operations,BU3,96.65542761,0.966554276,1,0.679791236,55.99369857,0.559936986,98.98029191,0.989802919
17-10-2022,Sales,BU4,92.51564338,0.925156434,18,0.351647295,72.58883962,0.725888396,94.9717714,0.949717714
18-10-2022,Operations,BU2,91.11722961,0.911172296,13,0.12462552,9.035632613,0.090356326,96.51690766,0.965169077
19-10-2022,IT,BU1,99.41931643,0.994193164,19,0.034619531,55.51188311,0.555118831,91.75112797,0.91751128
20-10-2022,Sales,BU4,86.54962341,0.865496234,2,0.833113887,23.41912862,0.234191286,92.72340535,0.927234054
21-10-2022,Sales,BU3,92.91078932,0.929107893,13,0.51396299,7.380516835,0.073805168,92.07839796,0.92078398
22-10-2022,HR,BU2,95.48119748,0.954811975,5,0.721297497,59.1163771,0.591163771,90.77477823,0.907747782
23-10-2022,Operations,BU4,95.00132993,0.950013299,1,0.299512034,83.41049828,0.834104983,92.92570434,0.929257043
24-10-2022,Finance,BU3,94.23457147,0.942345715,3,0.371027227,93.94374824,0.939437482,97.472953,0.97472953
25-10-2022,Operations,BU4,90.2361061,0.902361061,7,0.028712941,69.88107177,0.698810718,94.89139239,0.948913924
26-10-2022,Sales,BU3,84.07449632,0.840744963,12,0.657700048,29.72098738,0.297209874,94.94706069,0.949470607
27-10-2022,Marketing,BU3,90.49162646,0.904916265,16,0.822133132,67.38564318,0.673856432,91.47529066,0.914752907
28-10-2022,Sales,BU3,93.22138504,0.93221385,13,0.95644013,88.01077798,0.88010778,93.39579313,0.933957931
29-10-2022,Finance,BU1,86.34986475,0.863498648,0,0.641710702,15.58422911,0.155842291,92.53288353,0.925328835
30-10-2022,HR,BU1,99.85989391,0.998598939,18,0.45317685,26.18019779,0.261801978,95.10696682,0.951069668
31-10-2022,Operations,BU3,99.6378829,0.996378829,20,0.311550786,14.15602048,0.141560205,91.86589927,0.918658993
01-11-2022,Operations,BU1,93.19808713,0.931980871,6,0.014606505,16.14029212,0.161402921,96.34138877,0.963413888
02-11-2022,Operations,BU2,88.140286,0.88140286,18,0.579885104,71.09388176,0.710938818,93.1410219,0.931410219
03-11-2022,HR,BU2,88.5715788,0.885715788,8,0.946397922,36.66639974,0.366663997,91.5002584,0.915002584
04-11-2022,Finance,BU4,88.46390355,0.884639036,12,0.140617238,78.36397367,0.783639737,97.09820334,0.970982033
05-11-2022,IT,BU3,83.05997618,0.830599762,13,0.244594314,80.71509421,0.807150942,98.71227268,0.987122727
06-11-2022,IT,BU3,91.39038059,0.913903806,7,0.192785446,30.03946843,0.300394684,94.66639403,0.94666394
07-11-2022,Operations,BU4,89.21511713,0.892151171,7,0.794599546,87.7048576,0.877048576,95.49476623,0.954947662
08-11-2022,Finance,BU3,99.59393967,0.995939397,15,0.691002421,41.73290481,0.417329048,94.40621451,0.944062145
09-11-2022,Sales,BU2,81.74437328,0.817443733,1,0.950176521,94.65856801,0.94658568,94.21741437,0.942174144
10-11-2022,Marketing,BU1,85.06711737,0.850671174,12,0.539440256,7.567303338,0.075673033,99.13161472,0.991316147
11-11-2022,Sales,BU4,95.61293007,0.956129301,2,0.047267988,82.36268365,0.823626837,99.44210462,0.994421046
12-11-2022,Marketing,BU1,86.81956027,0.868195603,19,0.266188301,0.309340476,0.003093405,91.91875847,0.919187585
13-11-2022,IT,BU2,93.84560153,0.938456015,17,0.063258396,81.08207751,0.810820775,99.65642585,0.996564259
14-11-2022,HR,BU4,88.07756066,0.880775607,7,0.923414538,36.69412616,0.366941262,96.39522058,0.963952206
15-11-2022,Marketing,BU4,99.27229459,0.992722946,1,0.516844037,64.61890046,0.646189005,94.07035687,0.940703569
16-11-2022,Sales,BU1,96.22181157,0.962218116,4,0.868660588,59.65118342,0.596511834,99.05167029,0.990516703
17-11-2022,Finance,BU4,83.45584827,0.834558483,5,0.784342706,74.23423167,0.742342317,95.59510764,0.955951076
18-11-2022,Sales,BU2,85.90295341,0.859029534,11,0.145663153,0.152849333,0.001528493,92.05947992,0.920594799
19-11-2022,Sales,BU2,86.72286989,0.867228699,0,0.525358955,95.47730994,0.954773099,93.46342365,0.934634237
20-11-2022,HR,BU2,83.31045101,0.83310451,0,0.369993528,58.61588698,0.58615887,98.6334979,0.986334979
21-11-2022,Sales,BU4,90.85058128,0.908505813,9,0.190515088,28.64184174,0.286418417,90.4915189,0.904915189
22-11-2022,Marketing,BU1,94.13869149,0.941386915,7,0.619360838,40.53513185,0.405351319,98.13005174,0.981300517
23-11-2022,Marketing,BU3,92.15963437,0.921596344,16,0.735417923,87.9685724,0.879685724,97.94547593,0.979454759
24-11-2022,Finance,BU2,82.50631363,0.825063136,7,0.256187315,13.22263272,0.132226327,93.2320751,0.932320751
25-11-2022,HR,BU4,96.68604948,0.966860495,3,0.237720234,84.73085537,0.847308554,90.55019788,0.905501979
26-11-2022,Operations,BU4,88.51399989,0.885139999,15,0.766754701,30.94658507,0.309465851,95.93022804,0.95930228
27-11-2022,Sales,BU2,86.03904426,0.860390443,19,0.787463096,97.15568567,0.971556857,92.63125578,0.926312558
28-11-2022,Marketing,BU1,89.01158412,0.890115841,2,0.906043022,84.74450988,0.847445099,94.35064343,0.943506434
29-11-2022,Sales,BU4,91.41759396,0.91417594,5,0.223842767,12.86579493,0.128657949,97.84808219,0.978480822
30-11-2022,IT,BU4,91.16658425,0.911665843,7,0.409509688,83.93006443,0.839300644,95.22575914,0.952257591
01-12-2022,Operations,BU3,89.66032134,0.896603213,16,0.330008709,17.38069955,0.173806996,93.41135377,0.934113538
02-12-2022,Finance,BU2,94.95124767,0.949512477,1,0.970090996,72.71843172,0.727184317,94.75040326,0.947504033
03-12-2022,Sales,BU4,81.74530316,0.817453032,1,0.510196542,3.077430866,0.030774309,99.86258843,0.998625884
04-12-2022,Sales,BU2,83.95888956,0.839588896,10,0.172032613,62.71578871,0.627157887,93.89398394,0.938939839
05-12-2022,Sales,BU1,97.19953277,0.971995328,7,0.442267162,15.99899656,0.159989966,91.01559961,0.910155996
06-12-2022,IT,BU2,88.83912318,0.888391232,16,0.395575313,27.34373803,0.27343738,99.40527142,0.994052714
07-12-2022,HR,BU3,82.92356102,0.82923561,18,0.814819866,48.09833151,0.480983315,93.44010983,0.934401098
08-12-2022,Sales,BU3,85.0547487,0.850547487,11,0.973516212,82.34952081,0.823495208,96.55953064,0.965595306
09-12-2022,Operations,BU3,83.90597189,0.839059719,2,0.333988944,32.30071658,0.323007166,91.92253849,0.919225385
10-12-2022,HR,BU2,85.27226205,0.852722621,18,0.444264471,36.2202788,0.362202788,95.9940619,0.959940619
11-12-2022,Marketing,BU4,99.68312739,0.996831274,0,0.555934834,75.80354903,0.75803549,99.42771613,0.994277161
12-12-2022,Sales,BU3,89.36348613,0.893634861,19,0.224514736,65.52799412,0.655279941,98.26690024,0.982669002
13-12-2022,Finance,BU3,98.12253529,0.981225353,1,0.68015169,24.0261651,0.240261651,93.9249938,0.939249938
14-12-2022,Operations,BU4,88.07583945,0.880758395,14,0.650358016,3.14573828,0.031457383,90.37947104,0.90379471
15-12-2022,Marketing,BU1,97.52614997,0.9752615,5,0.43448046,76.03332267,0.760333227,97.59916319,0.975991632
16-12-2022,IT,BU3,92.82028152,0.928202815,10,0.031532239,47.98181985,0.479818199,97.59959869,0.975995987
17-12-2022,Finance,BU3,90.05009538,0.900500954,18,0.355962451,98.20629165,0.982062917,99.67567339,0.996756734
18-12-2022,Finance,BU1,95.70011898,0.95700119,13,0.907492274,96.05487253,0.960548725,95.01963764,0.950196376
19-12-2022,Operations,BU1,86.52128939,0.865212894,12,0.937591164,81.50061467,0.815006147,97.52849167,0.975284917
20-12-2022,HR,BU3,91.06670165,0.910667017,17,0.582471402,32.3605279,0.323605279,92.5067682,0.925067682
21-12-2022,Finance,BU2,80.01424851,0.800142485,12,0.154153811,57.58563677,0.575856368,99.45215628,0.994521563
22-12-2022,Finance,BU1,84.48984154,0.844898415,12,0.823492701,41.79848508,0.417984851,97.25785136,0.972578514
23-12-2022,Finance,BU3,83.61667715,0.836166772,2,0.208369276,42.35410352,0.423541035,96.10584,0.9610584
24-12-2022,HR,BU2,89.14936102,0.89149361,17,0.138431996,50.11330745,0.501133075,96.26013931,0.962601393
25-12-2022,Finance,BU3,92.90194693,0.929019469,8,0.017206251,54.75340629,0.547534063,93.9754207,0.939754207
26-12-2022,Sales,BU3,91.87186835,0.918718684,15,0.400184676,99.14487701,0.99144877,97.6874332,0.976874332
27-12-2022,Operations,BU1,92.21290676,0.922129068,7,0.043552075,94.20845385,0.942084539,94.12151814,0.941215181
28-12-2022,IT,BU1,85.65050496,0.85650505,10,0.003644404,8.909627731,0.089096277,93.71963284,0.937196328
29-12-2022,HR,BU3,85.22776508,0.852277651,7,0.137150802,85.6072837,0.856072837,96.78065473,0.967806547
30-12-2022,HR,BU4,86.33045087,0.863304509,9,0.208008139,77.07234467,0.770723447,93.70600323,0.937060032
31-12-2022,Marketing,BU2,92.44234285,0.924423429,13,0.260275792,51.93942344,0.519394234,94.3936143,0.943936143
01-01-2023,Operations,BU1,95.77978277,0.957797828,6,0.43371935,79.79224111,0.797922411,92.77842372,0.927784237
02-01-2023,Finance,BU4,96.0055398,0.960055398,9,0.1015141,75.06505703,0.75065057,93.88531165,0.938853117
03-01-2023,IT,BU3,84.2920784,0.842920784,9,0.186170601,10.66367378,0.106636738,98.57911111,0.985791111
04-01-2023,IT,BU1,94.10415812,0.941041581,19,0.296144764,5.226642594,0.052266426,93.00196505,0.930019651
05-01-2023,Operations,BU2,80.80363847,0.808036385,13,0.86014603,8.507211027,0.08507211,99.19925262,0.991992526
06-01-2023,IT,BU2,81.66098981,0.816609898,4,0.336334287,64.74628305,0.647462831,93.42328109,0.934232811
07-01-2023,Finance,BU1,96.75347701,0.96753477,6,0.873495029,85.68120653,0.856812065,90.41046421,0.904104642
08-01-2023,Marketing,BU1,84.0416549,0.840416549,3,0.316891035,80.36806488,0.803680649,94.85593718,0.948559372
09-01-2023,Marketing,BU4,93.65347363,0.936534736,20,0.765413813,5.93531643,0.059353164,96.35840626,0.963584063
10-01-2023,Marketing,BU2,89.74087866,0.897408787,9,0.757354846,5.202074928,0.052020749,92.34290776,0.923429078
11-01-2023,Sales,BU1,82.92314001,0.8292314,20,0.482406287,2.522372406,0.025223724,94.90541783,0.949054178
12-01-2023,Marketing,BU1,86.38350091,0.863835009,12,0.958307765,4.832695077,0.048326951,90.35676712,0.903567671
13-01-2023,IT,BU3,87.04945493,0.870494549,2,0.837889352,56.75493397,0.56754934,91.74996184,0.917499618
14-01-2023,Finance,BU2,88.93228992,0.889322899,2,0.848267372,57.27775345,0.572777535,94.92371352,0.949237135
15-01-2023,Marketing,BU4,95.13961585,0.951396159,15,0.05309651,38.24553989,0.382455399,94.29705599,0.94297056
16-01-2023,Finance,BU4,94.07319235,0.940731924,18,0.911068784,89.44882167,0.894488217,97.77701527,0.977770153
17-01-2023,Sales,BU3,91.52238487,0.915223849,18,0.948218109,81.81312675,0.818131268,96.38370678,0.963837068
18-01-2023,Marketing,BU2,96.74897232,0.967489723,13,0.877760258,1.085202615,0.010852026,97.11092913,0.971109291
19-01-2023,IT,BU3,97.37829222,0.973782922,14,0.989774378,63.31114655,0.633111466,96.13736884,0.961373688
20-01-2023,Finance,BU4,97.97669345,0.979766935,14,0.137083647,43.83267512,0.438326751,92.61302756,0.926130276
21-01-2023,Operations,BU1,97.86947058,0.978694706,2,0.797212748,12.1975489,0.121975489,91.02072103,0.91020721
22-01-2023,Finance,BU2,81.79641139,0.817964114,11,0.65873424,6.244473119,0.062444731,96.21539862,0.962153986
23-01-2023,HR,BU3,84.35657564,0.843565756,1,0.365580049,10.3165757,0.103165757,97.39816284,0.973981628
24-01-2023,Finance,BU3,89.88316994,0.898831699,17,0.215973717,67.19078992,0.671907899,94.14244923,0.941424492
25-01-2023,Marketing,BU2,92.29758271,0.922975827,1,0.540560525,67.79249446,0.677924945,93.66307407,0.936630741
26-01-2023,Finance,BU2,81.05604032,0.810560403,13,0.530122382,96.61317174,0.966131717,91.61001957,0.916100196
27-01-2023,Marketing,BU1,80.66683017,0.806668302,9,0.586338301,16.51611952,0.165161195,98.94090029,0.989409003
28-01-2023,Sales,BU3,94.96122532,0.949612253,14,0.34045158,54.3039297,0.543039297,97.93750975,0.979375098
29-01-2023,IT,BU3,86.23554548,0.862355455,11,0.87497699,44.33271746,0.443327175,94.56672851,0.945667285
30-01-2023,Finance,BU1,95.97996377,0.959799638,3,0.055681668,11.28157032,0.112815703,95.94070854,0.959407085
31-01-2023,Operations,BU1,96.01429142,0.960142914,20,0.010186479,12.71206182,0.127120618,92.0715093,0.920715093
01-02-2023,Sales,BU2,88.87289992,0.888728999,15,0.095378696,34.18692924,0.341869292,94.01047797,0.94010478
02-02-2023,Marketing,BU4,83.40167616,0.834016762,15,0.247013955,30.11069511,0.301106951,94.8884927,0.948884927
03-02-2023,Finance,BU2,87.53341305,0.875334131,9,0.931930253,95.98784798,0.95987848,90.76891609,0.907689161
04-02-2023,HR,BU3,87.59761424,0.875976142,16,0.627211382,59.59262179,0.595926218,97.62836389,0.976283639
05-02-2023,Operations,BU4,97.02249232,0.970224923,14,0.402295803,27.43664539,0.274366454,94.62679124,0.946267912
06-02-2023,HR,BU3,85.78505468,0.857850547,1,0.362673496,58.59119673,0.585911967,91.44760281,0.914476028
07-02-2023,Operations,BU2,85.48251342,0.854825134,10,0.706504959,6.629409545,0.066294095,94.13008886,0.941300889
08-02-2023,IT,BU1,85.40149164,0.854014916,13,0.136685012,66.17998294,0.661799829,95.4791451,0.954791451
09-02-2023,Marketing,BU3,84.07010224,0.840701022,20,0.737357499,23.9261902,0.239261902,97.0741721,0.970741721
10-02-2023,HR,BU3,88.50589899,0.88505899,16,0.044622654,78.62388392,0.786238839,96.96923649,0.969692365
11-02-2023,Sales,BU3,92.13863294,0.921386329,1,0.812744517,78.99480981,0.789948098,96.96888041,0.969688804
12-02-2023,Finance,BU4,89.80584877,0.898058488,9,0.301078001,38.93890738,0.389389074,93.98936208,0.939893621
13-02-2023,Marketing,BU3,90.51877509,0.905187751,13,0.381719136,4.117654371,0.041176544,94.31797263,0.943179726
14-02-2023,Finance,BU1,83.07906309,0.830790631,20,0.612046502,70.69006578,0.706900658,95.71485523,0.957148552
15-02-2023,Sales,BU3,94.97677568,0.949767757,6,0.183135845,95.93618221,0.959361822,90.88346207,0.908834621
16-02-2023,Operations,BU2,85.4341575,0.854341575,5,0.26363796,23.51608986,0.235160899,91.00819245,0.910081925
17-02-2023,IT,BU2,97.40464679,0.974046468,10,0.724798901,56.87228325,0.568722833,94.8098125,0.948098125
18-02-2023,Sales,BU1,91.58257081,0.915825708,7,0.76124905,57.20996396,0.57209964,91.73438967,0.917343897
19-02-2023,Finance,BU3,91.05986148,0.910598615,11,0.745585108,47.27504879,0.472750488,96.48320062,0.964832006
20-02-2023,Sales,BU4,82.76845832,0.827684583,16,0.379425487,92.47564997,0.9247565,94.84962912,0.948496291
21-02-2023,Operations,BU3,82.71965938,0.827196594,11,0.573798799,96.45687996,0.9645688,94.01244615,0.940124462
22-02-2023,Marketing,BU2,93.15930199,0.93159302,14,0.98090312,62.39908304,0.62399083,99.09060038,0.990906004
23-02-2023,HR,BU1,88.32315878,0.883231588,11,0.103553796,14.62165896,0.14621659,92.54581935,0.925458194
24-02-2023,HR,BU3,87.97875836,0.879787584,10,0.489232712,56.48382365,0.564838237,97.21634383,0.972163438
25-02-2023,Sales,BU1,91.38505286,0.913850529,12,0.129222127,84.35489247,0.843548925,97.08649038,0.970864904
26-02-2023,Finance,BU3,85.81969207,0.858196921,16,0.791775789,38.93042725,0.389304273,92.14564622,0.921456462
27-02-2023,IT,BU3,94.76610592,0.947661059,3,0.043562583,58.75234123,0.587523412,91.66175624,0.916617562
28-02-2023,Finance,BU4,95.81257261,0.958125726,1,0.6041086,12.98376449,0.129837645,99.18274237,0.991827424
01-03-2023,Operations,BU1,91.83440535,0.918344054,10,0.24748111,11.39483301,0.11394833,95.66768904,0.95667689
02-03-2023,Marketing,BU1,93.8630892,0.938630892,19,0.25750129,94.5492386,0.945492386,97.50484781,0.975048478
03-03-2023,IT,BU4,97.24898092,0.972489809,1,0.534935387,98.70664696,0.98706647,99.51023436,0.995102344
04-03-2023,Marketing,BU1,89.65783595,0.89657836,11,0.268105849,5.560335073,0.055603351,95.34384604,0.95343846
05-03-2023,Operations,BU2,99.3185973,0.993185973,20,0.128303018,27.94241377,0.279424138,91.41369429,0.914136943
06-03-2023,Operations,BU3,82.03701028,0.820370103,0,0.746680512,96.80129789,0.968012979,97.94944883,0.979494488
07-03-2023,Sales,BU1,91.6751927,0.916751927,14,0.897774343,43.60156566,0.436015657,90.34340292,0.903434029
08-03-2023,HR,BU3,99.43447451,0.994344745,12,0.06705065,46.04564381,0.460456438,91.05940873,0.910594087
09-03-2023,IT,BU3,86.96102946,0.869610295,11,0.749944065,78.79057714,0.787905771,96.49395779,0.964939578
10-03-2023,Finance,BU2,95.06195818,0.950619582,15,0.238901921,97.32325249,0.973232525,95.77219687,0.957721969
11-03-2023,HR,BU4,96.31691933,0.963169193,18,0.963550323,39.25280565,0.392528057,93.38679582,0.933867958
12-03-2023,Operations,BU2,98.50623304,0.98506233,7,0.734523566,52.27189098,0.52271891,97.2458047,0.972458047
13-03-2023,HR,BU1,89.28809292,0.892880929,19,0.496371746,40.33499168,0.403349917,95.91341906,0.959134191
14-03-2023,Finance,BU3,92.95442008,0.929544201,6,0.478270942,98.61133768,0.986113377,92.89792696,0.92897927
15-03-2023,Sales,BU3,87.53539007,0.875353901,11,0.923997696,84.39627699,0.84396277,97.08496416,0.970849642
16-03-2023,HR,BU2,86.95102616,0.869510262,19,0.96811917,72.55213026,0.725521303,97.48913413,0.974891341
17-03-2023,HR,BU2,89.36744958,0.893674496,0,0.607640471,86.16983808,0.861698381,91.42020269,0.914202027
18-03-2023,HR,BU3,93.05623811,0.930562381,4,0.957618808,29.84553148,0.298455315,90.49700757,0.904970076
19-03-2023,Operations,BU2,94.2070639,0.942070639,17,0.349108512,17.19503327,0.171950333,98.75531386,0.987553139
20-03-2023,Sales,BU4,88.08799585,0.880879959,20,0.164810815,37.24224322,0.372422432,96.50517016,0.965051702
21-03-2023,IT,BU3,89.55676167,0.895567617,11,0.366573855,62.10057621,0.621005762,90.29836929,0.902983693
22-03-2023,IT,BU4,92.68038012,0.926803801,17,0.55213077,15.08793988,0.150879399,99.38948973,0.993894897
23-03-2023,Sales,BU3,91.58886947,0.915888695,16,0.672965875,30.01672242,0.300167224,93.8266208,0.938266208
24-03-2023,Operations,BU2,86.26283544,0.862628354,13,0.670300881,77.76188191,0.777618819,97.460605,0.97460605
25-03-2023,HR,BU1,81.7740391,0.817740391,14,0.718302083,10.51283598,0.10512836,92.38559683,0.923855968
26-03-2023,Operations,BU3,87.83149309,0.878314931,14,0.495797437,13.32159578,0.133215958,96.88279757,0.968827976
27-03-2023,IT,BU4,91.14878313,0.911487831,14,0.40438725,22.1675291,0.221675291,93.43300753,0.934330075
28-03-2023,IT,BU3,93.67292223,0.936729222,7,0.502167221,45.35147548,0.453514755,93.7979841,0.937979841
29-03-2023,Sales,BU3,94.55951379,0.945595138,11,0.749808042,16.51234184,0.165123418,94.11697069,0.941169707
30-03-2023,Sales,BU2,88.98902639,0.889890264,2,0.252443186,30.73587854,0.307358785,90.20432433,0.902043243
31-03-2023,Marketing,BU3,87.26688818,0.872668882,7,0.768256598,28.80849586,0.288084959,98.18745584,0.981874558
01-04-2023,Marketing,BU4,97.66473799,0.97664738,10,0.394571632,73.13255513,0.731325551,94.51227381,0.945122738
02-04-2023,Operations,BU1,80.69078112,0.806907811,6,0.923739188,82.49423441,0.824942344,94.71488281,0.947148828
03-04-2023,Finance,BU4,95.69963911,0.956996391,15,0.549213847,97.20564786,0.972056479,95.0435953,0.950435953
04-04-2023,Sales,BU3,84.84083242,0.848408324,14,0.635388227,34.69675001,0.3469675,92.81984293,0.928198429
05-04-2023,Finance,BU2,85.53229436,0.855322944,19,0.975180453,79.46915984,0.794691598,96.75047771,0.967504777
06-04-2023,Operations,BU2,94.2209618,0.942209618,12,0.253679873,99.11161246,0.991116125,99.32406455,0.993240646
07-04-2023,Sales,BU2,83.21102423,0.832110242,10,0.780149245,58.38737872,0.583873787,97.3449334,0.973449334
08-04-2023,HR,BU3,90.30323162,0.903032316,13,0.658868648,84.18425729,0.841842573,91.51057189,0.915105719
09-04-2023,Finance,BU3,94.6950377,0.946950377,1,0.960304858,95.95112606,0.959511261,96.49333168,0.964933317
10-04-2023,Marketing,BU2,80.30546723,0.803054672,17,0.80682621,38.92772792,0.389277279,97.67904156,0.976790416
11-04-2023,Operations,BU3,91.09563128,0.910956313,4,0.189604422,75.27312038,0.752731204,95.71147945,0.957114795
12-04-2023,Marketing,BU1,92.19990798,0.92199908,4,0.721386786,53.48602569,0.534860257,90.57028488,0.905702849
13-04-2023,IT,BU2,90.286703,0.90286703,0,0.743089475,26.52880311,0.265288031,98.14749512,0.981474951
14-04-2023,IT,BU3,84.03271103,0.84032711,7,0.836390661,48.04685527,0.480468553,91.85071813,0.918507181
15-04-2023,IT,BU4,83.37933318,0.833793332,11,0.9056736,62.75200877,0.627520088,95.0239569,0.950239569
16-04-2023,HR,BU4,98.72037282,0.987203728,20,0.252060121,62.56519814,0.625651981,98.67818457,0.986781846
17-04-2023,HR,BU2,82.34576634,0.823457663,9,0.204351296,66.68596009,0.666859601,92.1692406,0.921692406
18-04-2023,Operations,BU1,82.3153173,0.823153173,10,0.943463247,88.41551853,0.884155185,99.38132045,0.993813205
19-04-2023,Sales,BU1,85.95751998,0.8595752,0,0.121861017,77.00567567,0.770056757,99.00822702,0.99008227
20-04-2023,HR,BU3,87.85276246,0.878527625,16,0.722748475,71.62979244,0.716297924,92.98349791,0.929834979
21-04-2023,Finance,BU3,90.20866825,0.902086683,20,0.381599016,41.32644263,0.413264426,90.6294325,0.906294325
22-04-2023,Sales,BU1,96.54308943,0.965430894,8,0.50709457,52.80624554,0.528062455,97.42709949,0.974270995
23-04-2023,Finance,BU1,81.63239009,0.816323901,4,0.227852421,96.13734225,0.961373423,93.34510024,0.933451002
24-04-2023,IT,BU4,88.8582591,0.888582591,4,0.051192451,63.88532563,0.638853256,91.18909831,0.911890983
25-04-2023,Marketing,BU2,94.4812132,0.944812132,6,0.773152833,61.72486797,0.61724868,97.16829698,0.97168297
26-04-2023,Finance,BU2,84.79821631,0.847982163,3,0.6871632,57.15689254,0.571568925,96.23378538,0.962337854
27-04-2023,Finance,BU2,82.67524703,0.82675247,19,0.50734103,49.82364361,0.498236436,92.87939416,0.928793942
28-04-2023,Marketing,BU1,87.50366938,0.875036694,13,0.211019118,18.98069647,0.189806965,97.20291082,0.972029108
29-04-2023,Marketing,BU3,86.26320539,0.862632054,20,0.920561066,44.81772122,0.448177212,98.10853462,0.981085346
30-04-2023,Sales,BU2,87.18503756,0.871850376,9,0.791826535,57.03430594,0.570343059,95.68965419,0.956896542
01-05-2023,Sales,BU1,85.22263456,0.852226346,7,0.801005164,13.46376452,0.134637645,96.37031167,0.963703117
02-05-2023,HR,BU1,92.30259023,0.923025902,20,0.588470504,29.64957687,0.296495769,92.22848424,0.922284842
03-05-2023,Marketing,BU2,92.49575507,0.924957551,1,0.74020542,97.87052137,0.978705214,93.22152709,0.932215271
04-05-2023,HR,BU4,87.48566801,0.87485668,10,0.879014854,78.04565687,0.780456569,94.41030491,0.944103049
05-05-2023,IT,BU2,90.48090785,0.904809079,5,0.908201566,35.91876996,0.3591877,94.12163779,0.941216378
06-05-2023,IT,BU2,84.56884137,0.845688414,19,0.323920303,40.15023034,0.401502303,91.78799634,0.917879963
07-05-2023,Sales,BU2,93.36660639,0.933666064,18,0.85867217,56.13788957,0.561378896,96.6045076,0.966045076
08-05-2023,Finance,BU3,90.6448258,0.906448258,1,0.705288065,43.26268455,0.432626846,93.35415303,0.93354153
09-05-2023,Finance,BU3,86.46441072,0.864644107,7,0.383624455,32.88612402,0.32886124,92.27408399,0.92274084
10-05-2023,HR,BU1,91.47065666,0.914706567,10,0.90793978,99.57462197,0.99574622,99.36316555,0.993631656
11-05-2023,Operations,BU4,91.46819147,0.914681915,2,0.396800236,52.43275231,0.524327523,98.75219537,0.987521954
12-05-2023,Operations,BU4,92.49080393,0.924908039,2,0.815483098,60.2052742,0.602052742,92.13200298,0.92132003
13-05-2023,Operations,BU1,92.46016579,0.924601658,3,0.078093663,9.357146478,0.093571465,96.62378393,0.966237839
14-05-2023,Operations,BU2,83.64160521,0.836416052,8,0.668807003,99.79649478,0.997964948,91.59222627,0.915922263
15-05-2023,IT,BU2,93.63283194,0.936328319,11,0.658697323,3.539087725,0.035390877,97.70967815,0.977096782
16-05-2023,IT,BU4,89.23685403,0.89236854,14,0.854386809,28.97373715,0.289737372,91.19090968,0.911909097
17-05-2023,Finance,BU4,99.76260766,0.997626077,13,0.51303306,24.53321833,0.245332183,93.08411511,0.930841151
18-05-2023,Finance,BU4,85.18996548,0.851899655,0,0.897349287,34.76748813,0.347674881,91.2650171,0.912650171
19-05-2023,Marketing,BU3,83.04111254,0.830411125,9,0.174326529,6.652061593,0.066520616,93.43356748,0.934335675
20-05-2023,Sales,BU1,83.0907805,0.830907805,12,0.708714752,94.50727332,0.945072733,96.79299766,0.967929977
21-05-2023,Operations,BU2,97.53042404,0.97530424,7,0.961007145,69.07146938,0.690714694,91.16706323,0.911670632
22-05-2023,IT,BU2,81.92990555,0.819299056,9,0.132528309,30.36339578,0.303633958,92.49538604,0.92495386
23-05-2023,Finance,BU4,97.88693215,0.978869322,18,0.839133664,38.24763301,0.38247633,93.5322563,0.935322563
24-05-2023,Marketing,BU1,97.46925279,0.974692528,14,0.140750771,89.57027906,0.895702791,90.64031375,0.906403138
25-05-2023,Sales,BU3,81.75170495,0.81751705,5,0.106548692,92.17693519,0.921769352,99.53834734,0.995383473
26-05-2023,IT,BU2,98.29780786,0.982978079,4,0.253980153,2.77340023,0.027734002,92.90924052,0.929092405
27-05-2023,IT,BU1,93.96290208,0.939629021,8,0.489779115,62.62143863,0.626214386,90.18513313,0.901851331
28-05-2023,HR,BU1,93.648923,0.93648923,11,0.917405018,44.39719749,0.443971975,95.27138125,0.952713813
29-05-2023,Finance,BU2,96.77377593,0.967737759,12,0.044046153,95.27334379,0.952733438,93.83635993,0.938363599
30-05-2023,Operations,BU1,90.30320159,0.903032016,1,0.29072972,17.50612424,0.175061242,99.60565273,0.996056527
31-05-2023,Operations,BU4,92.27058083,0.922705808,3,0.860648259,3.473890168,0.034738902,96.51221943,0.965122194
01-06-2023,IT,BU1,93.38668201,0.93386682,13,0.399819271,20.27645392,0.202764539,97.39064805,0.973906481
02-06-2023,Finance,BU3,91.74866183,0.917486618,0,0.212520991,59.58094909,0.595809491,90.66006971,0.906600697
03-06-2023,Marketing,BU1,85.19176567,0.851917657,20,0.742930267,61.88886236,0.618888624,90.45148105,0.904514811
04-06-2023,IT,BU4,90.92949951,0.909294995,9,0.986685248,19.06424578,0.190642458,94.10825394,0.941082539
05-06-2023,Marketing,BU1,99.61077907,0.996107791,14,0.294350846,16.06898404,0.16068984,96.37420883,0.963742088
06-06-2023,Marketing,BU2,89.73376011,0.897337601,14,0.573733242,46.10664904,0.46106649,98.02082691,0.980208269
07-06-2023,HR,BU1,93.9903493,0.939903493,2,0.149485759,91.45259534,0.914525953,96.64635216,0.966463522
08-06-2023,Sales,BU4,92.77353746,0.927735375,20,0.943312739,77.89017635,0.778901764,98.17990593,0.981799059
09-06-2023,HR,BU3,89.06358259,0.890635826,0,0.763670496,72.80120396,0.72801204,95.90185617,0.959018562
10-06-2023,Sales,BU3,89.83713428,0.898371343,1,0.454911857,18.49859466,0.184985947,93.82745313,0.938274531
11-06-2023,Finance,BU4,86.51681196,0.86516812,17,0.255406005,77.75755917,0.777575592,90.50715862,0.905071586
12-06-2023,Finance,BU2,97.96507443,0.979650744,17,0.270727041,76.27208241,0.762720824,96.25851161,0.962585116
13-06-2023,HR,BU1,88.54694065,0.885469407,12,0.031549052,63.80034642,0.638003464,98.67559965,0.986755997
14-06-2023,Finance,BU1,87.0226313,0.870226313,12,0.898886723,42.63883036,0.426388304,95.37848761,0.953784876
15-06-2023,Sales,BU2,99.29902592,0.992990259,8,0.073659851,51.78870179,0.517887018,95.62777229,0.956277723
16-06-2023,IT,BU3,85.1709232,0.851709232,15,0.228648169,78.71052034,0.787105203,90.55587265,0.905558727
17-06-2023,Sales,BU3,82.31273223,0.823127322,2,0.3447206,91.10224307,0.911022431,93.08888042,0.930888804
18-06-2023,Finance,BU4,90.10670225,0.901067023,14,0.641377544,17.29045423,0.172904542,97.85841134,0.978584113
19-06-2023,HR,BU1,95.22865028,0.952286503,13,0.053794735,80.96368199,0.80963682,93.81594862,0.938159486
20-06-2023,Marketing,BU1,91.71717831,0.917171783,17,0.65656489,90.81131591,0.908113159,93.43620894,0.934362089
21-06-2023,Marketing,BU2,97.3384809,0.973384809,8,0.604300714,87.01516641,0.870151664,95.88457497,0.95884575
22-06-2023,HR,BU2,86.18300773,0.861830077,3,0.614058845,19.06016969,0.190601697,99.00205271,0.990020527
23-06-2023,Finance,BU3,91.71867441,0.917186744,14,0.2574012,71.43290458,0.714329046,91.2836434,0.912836434
24-06-2023,IT,BU1,85.4349214,0.854349214,17,0.945406689,52.02124786,0.520212479,94.29125422,0.942912542
25-06-2023,Operations,BU1,83.86211498,0.83862115,18,0.176195024,21.48768681,0.214876868,98.48612866,0.984861287
26-06-2023,HR,BU1,92.74704283,0.927470428,20,0.442173167,65.70474118,0.657047412,90.79371844,0.907937184
27-06-2023,IT,BU1,85.48105632,0.854810563,13,0.525220844,61.01556092,0.610155609,99.08756196,0.99087562
28-06-2023,IT,BU4,80.03920902,0.80039209,5,0.085163705,96.20069744,0.962006974,96.16241997,0.9616242
29-06-2023,HR,BU3,95.08443767,0.950844377,7,0.694767846,68.81225805,0.688122581,90.6469634,0.906469634
30-06-2023,IT,BU1,86.79556465,0.867955647,10,0.111286405,44.27041085,0.442704109,91.90458676,0.919045868
01-07-2023,Sales,BU3,92.06711273,0.920671127,17,0.858610798,29.67047557,0.296704756,93.83697258,0.938369726
02-07-2023,IT,BU3,90.98400179,0.909840018,5,0.099253611,76.5528988,0.765528988,98.05385722,0.980538572
03-07-2023,Operations,BU1,97.94713693,0.979471369,16,0.243722631,98.69941711,0.986994171,95.79467247,0.957946725
04-07-2023,HR,BU2,96.33293449,0.963329345,2,0.888158243,67.29532701,0.67295327,98.11184902,0.98111849
05-07-2023,Marketing,BU3,95.92746007,0.959274601,2,0.560689057,90.5105759,0.905105759,97.05130438,0.970513044
06-07-2023,Operations,BU2,82.74578724,0.827457872,17,0.698884678,26.36304527,0.263630453,97.84868907,0.978486891
07-07-2023,Marketing,BU4,95.56703962,0.955670396,0,0.966989814,3.671405137,0.036714051,96.80529319,0.968052932
08-07-2023,HR,BU1,99.81335441,0.998133544,20,0.292251632,35.52199994,0.355219999,92.71987335,0.927198734
09-07-2023,Sales,BU2,94.97964378,0.949796438,0,0.288727993,60.0390702,0.600390702,94.45801647,0.944580165
10-07-2023,HR,BU4,83.095535,0.83095535,4,0.131297032,6.222059795,0.062220598,97.42757887,0.974275789
11-07-2023,Marketing,BU3,92.24975702,0.92249757,18,0.513187181,55.3484596,0.553484596,96.78337016,0.967833702
12-07-2023,IT,BU2,85.32540161,0.853254016,10,0.810122151,73.25657929,0.732565793,97.81619101,0.97816191
13-07-2023,HR,BU2,96.90600166,0.969060017,7,0.243780768,54.00503526,0.540050353,92.47951156,0.924795116
14-07-2023,Sales,BU4,83.23687651,0.832368765,19,0.023019787,19.19760425,0.191976043,91.57559611,0.915755961
15-07-2023,IT,BU3,96.42068099,0.96420681,16,0.473969179,93.66591732,0.936659173,93.19775178,0.931977518
16-07-2023,Marketing,BU4,83.55915866,0.835591587,10,0.026436025,27.89666306,0.278966631,94.69877052,0.946987705
17-07-2023,Marketing,BU3,87.7136666,0.877136666,20,0.094596615,49.89372077,0.498937208,99.77776191,0.997777619
18-07-2023,Sales,BU3,81.31124176,0.813112418,10,0.644186115,34.43395055,0.344339506,92.9726376,0.929726376
19-07-2023,Marketing,BU4,84.42998351,0.844299835,16,0.597451464,2.825449123,0.028254491,96.70748678,0.967074868
20-07-2023,Marketing,BU4,87.13012228,0.871301223,3,0.5147305,96.18557043,0.961855704,97.69314213,0.976931421
21-07-2023,Operations,BU3,87.33651054,0.873365105,17,0.452131839,99.03976088,0.990397609,90.83304508,0.908330451
22-07-2023,HR,BU3,86.30498973,0.863049897,20,0.970100884,9.83494766,0.098349477,93.46252608,0.934625261
23-07-2023,Operations,BU2,84.33496642,0.843349664,11,0.112375593,59.23944957,0.592394496,93.83720026,0.938372003
24-07-2023,Marketing,BU4,80.36245368,0.803624537,10,0.847522983,70.08531859,0.700853186,97.45658006,0.974565801
25-07-2023,Sales,BU4,90.64798969,0.906479897,6,0.36096681,67.62284205,0.676228421,93.092443,0.93092443
26-07-2023,Operations,BU3,83.39719434,0.833971943,17,0.277102914,77.22896328,0.772289633,97.79845037,0.977984504
27-07-2023,IT,BU1,92.96715844,0.929671584,6,0.060308985,1.319619332,0.013196193,96.14504872,0.961450487
28-07-2023,IT,BU1,99.86345525,0.998634553,9,0.237496008,30.53715169,0.305371517,95.02281713,0.950228171
29-07-2023,IT,BU1,98.36913478,0.983691348,20,0.322421034,92.24024655,0.922402466,96.30741551,0.963074155
30-07-2023,Finance,BU1,96.74692762,0.967469276,16,0.840708872,91.02356152,0.910235615,91.8462341,0.918462341
31-07-2023,HR,BU3,87.01481716,0.870148172,11,0.785907082,84.60957458,0.846095746,95.03577609,0.950357761
