Date,Device Type,Time Spent (minutes),Product,Conversion Rate,Cart Abandonment Rate,Average Order Value,Customer Lifetime Value,Sales
30-06-2023,Desktop,5.965748223,Samsung,0.065674566,0.49200187,136.1475497,171.5687719,276.4298772
12-05-2023,Mobile,52.02698043,Lenovo,0.35607534,0.482897201,42.1086446,74.80126653,708.6937572
03-08-2023,Mobile,20.35149588,Lenovo,0.079000027,0.303245289,54.32899996,280.8397639,508.6966958
09-06-2023,Tablet,41.37945206,Dell,0.240985582,0.444965405,28.92794789,242.1612241,835.2127585
08-09-2023,Tablet,41.3147384,HP,0.103864763,0.174146254,141.6610296,55.22459169,478.6023609
01-09-2023,Mobile,6.20240879,Toshiba,0.301377822,0.453452608,192.7560992,128.780476,230.6591911
13-01-2023,Mobile,52.18423997,Acer,0.051714027,0.347808033,199.5071392,320.0329263,290.3747144
19-12-2022,Tablet,54.64209228,Asus,0.439532722,0.02651981,147.1595887,454.5681331,499.9745042
08-02-2023,Tablet,42.22959866,Acer,0.443135984,0.345030832,62.10284846,205.0622324,563.3066453
15-06-2023,Desktop,16.46932348,Dell,0.075650923,0.02998654,192.9755956,328.6908078,982.5326519
29-03-2023,Desktop,44.7208426,Lenovo,0.196340532,0.363152149,55.60631565,474.8502793,443.7797982
12-11-2022,Mobile,15.58917414,Asus,0.426438557,0.125055087,182.4210509,424.7903208,558.1252576
25-03-2023,Mobile,9.376057024,Lenovo,0.093585256,0.473819236,188.0665267,55.74189362,649.2860402
01-02-2023,Tablet,4.210917536,Dell,0.309980331,0.098631803,146.4570006,158.3912684,504.165076
08-04-2023,Tablet,55.51283054,Sony,0.048862703,0.220089564,118.0959632,72.47464374,973.5655446
24-05-2023,Tablet,20.84353494,Samsung,0.253630895,0.240141627,168.3122683,370.0762333,127.6948072
08-08-2023,Desktop,48.52479909,Microsoft,0.210933997,0.349407702,170.5541293,209.2682757,390.523145
06-05-2023,Desktop,59.36127727,Toshiba,0.236275071,0.389236184,68.32663536,109.7186988,231.5125162
03-01-2023,Mobile,48.71250704,Microsoft,0.102145837,0.159783608,104.2243362,467.5526549,133.8892789
10-03-2023,Mobile,23.64539704,Lenovo,0.285892548,0.291897606,153.9234732,444.1613656,285.3106394
11-05-2023,Tablet,14.14657912,Toshiba,0.156088933,0.159978569,106.5301901,250.0940551,530.4539394
09-06-2023,Tablet,27.14519844,Lenovo,0.110786478,0.203724448,195.0787833,365.3705026,124.5025196
01-12-2022,Desktop,37.31420955,Sony,0.24506106,0.124661961,183.6965868,183.7923538,397.7866421
23-07-2023,Mobile,51.40370611,Asus,0.243393273,0.050166227,47.23735416,72.32832546,874.4339688
06-09-2023,Tablet,54.57242417,Lenovo,0.167760346,0.09052012,175.8972473,72.03437894,663.1786611
10-05-2023,Desktop,6.644561881,Microsoft,0.035628981,0.212121667,33.19070633,215.6570959,555.4943912
24-05-2023,Desktop,3.274204975,HP,0.14491675,0.465300797,46.95598938,91.73845184,821.1625402
01-03-2023,Desktop,13.73798337,Dell,0.229049915,0.273368847,78.67219314,238.6427219,984.4577728
29-04-2023,Tablet,44.4393291,Apple,0.343785198,0.325144777,24.67272773,68.29839587,500.0737816
24-07-2023,Mobile,55.4896462,Toshiba,0.070893938,0.07131128,63.5679864,332.760147,782.5360135
05-08-2023,Tablet,55.4469279,Acer,0.124291303,0.375869265,154.2319614,346.9269981,202.166275
22-06-2023,Desktop,45.74030952,Asus,0.050229468,0.361391795,194.9901484,116.8284941,914.3964961
06-02-2023,Mobile,44.61138296,Dell,0.235011448,0.300071802,78.30518735,81.58960708,837.3890314
20-01-2023,Desktop,48.5987845,Dell,0.191536136,0.116562232,25.82205178,363.3430779,864.6550526
17-06-2023,Tablet,1.338805832,Dell,0.120233401,0.07290191,184.4116355,242.3645996,951.8254101
29-08-2023,Tablet,58.1087909,Acer,0.066606283,0.471251602,45.98187111,378.8759458,174.941507
16-01-2023,Tablet,28.28900298,Samsung,0.403236674,0.398888012,32.56852222,212.3161016,702.690687
11-03-2023,Desktop,35.54864657,Dell,0.112675936,0.200096292,49.53013296,442.8344738,253.5457225
28-07-2023,Tablet,39.29888425,HP,0.377208923,0.385188381,82.74924354,486.7553512,143.5925137
02-05-2023,Tablet,33.67121783,Samsung,0.37288196,0.285512719,158.2755513,201.6075317,499.698098
16-01-2023,Mobile,52.42072668,Asus,0.109090852,0.166581831,57.40951573,382.7774375,242.2635534
26-01-2023,Mobile,5.450285163,Apple,0.18956658,0.269888494,72.30385428,50.37649767,122.1311551
22-06-2023,Desktop,49.81846275,Lenovo,0.035289036,0.303007275,83.29070416,414.2343203,347.5449221
12-07-2023,Tablet,10.45809083,Toshiba,0.421053747,0.467134753,173.7525979,97.4822517,503.6955846
13-06-2023,Desktop,49.59288785,Sony,0.250532052,0.038228328,28.34595226,137.6579462,800.5399526
18-01-2023,Tablet,20.03847538,Sony,0.497961721,0.35529019,79.99516285,333.7061974,938.9178246
16-05-2023,Mobile,22.41336375,Lenovo,0.086121856,0.389481657,154.962535,71.49856239,413.8779937
10-01-2023,Tablet,57.78387588,Microsoft,0.050043043,0.138888558,85.11280855,158.3936964,705.8036052
28-11-2022,Mobile,40.53167094,Apple,0.389552659,0.498884633,92.17034989,229.9693474,482.2070503
17-06-2023,Tablet,35.19974499,Toshiba,0.073601764,0.024013861,197.9595049,404.0080819,225.3719514
15-08-2023,Mobile,59.36831038,Samsung,0.43305763,0.278386542,40.56569813,424.4820356,839.8736529
15-08-2023,Desktop,56.82269242,Dell,0.354340324,0.169427372,34.94384336,329.682146,888.4178435
11-12-2022,Tablet,44.88379976,Samsung,0.18053768,0.311359954,159.129418,248.7682514,371.0147188
26-11-2022,Tablet,30.90121888,Samsung,0.175918797,0.200621488,123.4616502,303.205101,617.5487434
22-05-2023,Tablet,8.830835244,Dell,0.033253144,0.054566126,70.13139383,89.81916524,759.4327706
26-11-2022,Desktop,34.18744243,Toshiba,0.128254416,0.123515775,81.21918654,85.49764218,659.3281426
30-12-2022,Desktop,1.278690635,Samsung,0.435894766,0.401654266,138.0311181,303.5615572,881.3204428
24-01-2023,Desktop,51.29133578,Apple,0.385385439,0.160918865,84.69694422,319.2605391,544.4834249
10-04-2023,Desktop,55.14075212,Samsung,0.357389845,0.163620065,139.0623932,178.1244189,545.9210244
19-10-2022,Tablet,4.194975004,Microsoft,0.150853808,0.270130353,140.7146618,307.8183177,477.4903276
21-08-2023,Desktop,50.54329265,HP,0.216425228,0.406621077,31.26492469,146.5612432,749.6067177
01-01-2023,Desktop,11.73040844,HP,0.126213206,0.237105674,104.7614928,292.6421636,272.1782394
30-08-2023,Tablet,5.789018747,Dell,0.263340567,0.317323045,127.2248687,389.8986993,218.0195956
27-01-2023,Tablet,26.96949666,Samsung,0.482728519,0.483438041,105.7307342,352.6683347,840.1090478
20-03-2023,Mobile,23.39679144,HP,0.368794697,0.040285741,26.58346973,101.6537752,330.0990583
24-09-2022,Mobile,46.10491093,Microsoft,0.364788324,0.15629713,134.1460579,473.0810741,349.2780692
01-11-2022,Tablet,15.67761602,Microsoft,0.198823777,0.149014104,71.87382069,265.8370949,308.3497747
10-07-2023,Desktop,39.10755474,Microsoft,0.211312541,0.326202471,78.11167514,275.0169098,864.7024109
24-02-2023,Tablet,10.03714968,Microsoft,0.222213483,0.262551782,194.6509671,149.3427252,712.951938
11-01-2023,Mobile,13.45900032,HP,0.059093303,0.04212459,56.75505239,330.8075126,376.234125
27-11-2022,Desktop,54.92671349,Acer,0.162506241,0.458267457,185.9273095,263.8988141,196.3268949
28-04-2023,Tablet,11.39683087,Samsung,0.014437854,0.348848249,44.35867237,199.608432,878.8091105
18-03-2023,Desktop,43.39537222,Acer,0.417288737,0.3211355,147.945412,432.3701135,973.5031569
02-01-2023,Mobile,24.22340722,Dell,0.292699745,0.198811218,177.879573,234.2450427,245.8619163
26-02-2023,Desktop,17.59328521,Lenovo,0.464677081,0.023641807,149.078947,416.219273,182.521575
17-02-2023,Tablet,43.42204407,Asus,0.240646566,0.039070973,135.775934,195.0292102,139.0403511
21-07-2023,Mobile,6.848541386,Dell,0.270739932,0.385225774,106.7092072,250.5652727,106.8335148
21-04-2023,Mobile,21.2716719,Acer,0.357485787,0.362577102,138.8473085,194.6207557,916.198527
08-10-2022,Mobile,49.93461777,Asus,0.188630134,0.044148919,37.04119554,62.6358689,144.5864249
24-03-2023,Mobile,47.12617918,Asus,0.123603591,0.087994531,73.7632552,182.2130893,387.180493
16-01-2023,Tablet,32.97199166,Toshiba,0.329429638,0.442513861,43.85135214,437.6634241,271.2694088
14-10-2022,Tablet,27.09422912,Dell,0.059485147,0.396077737,135.7658426,432.8628435,534.1873106
27-08-2023,Mobile,53.05940426,Microsoft,0.079583151,0.420922385,175.7408868,357.9071662,465.8775952
20-10-2022,Mobile,4.117516419,Microsoft,0.023238338,0.254973999,184.861757,127.0183689,385.252911
25-11-2022,Tablet,28.78694831,Asus,0.115166464,0.497090658,117.6406163,440.6468633,647.690928
22-08-2023,Tablet,23.67541394,Acer,0.397488157,0.29442138,167.9023142,453.0005763,905.2782907
07-09-2023,Mobile,51.11043388,Asus,0.123522598,0.12954288,192.1981586,249.2176305,710.9567783
05-12-2022,Tablet,31.41844106,Acer,0.491328196,0.290193002,187.5489006,247.1136689,450.1013986
08-06-2023,Tablet,17.53271449,Sony,0.15828679,0.057554732,49.02227808,441.220203,489.8655179
20-03-2023,Mobile,29.00057613,HP,0.372009976,0.23800038,126.9607251,89.87117384,714.571076
13-12-2022,Desktop,30.42537508,Asus,0.41842034,0.322790351,198.4086148,418.5101971,801.5659473
28-06-2023,Mobile,5.595196131,Dell,0.038034823,0.129292635,166.7164178,261.5763354,411.3453994
10-01-2023,Mobile,52.59071197,Lenovo,0.153694142,0.155115639,149.3157548,94.01505037,828.4203047
24-02-2023,Tablet,58.78233917,Lenovo,0.107283147,0.446247076,142.1686266,60.64287548,825.8702086
20-05-2023,Mobile,43.07691463,Asus,0.498469445,0.28803576,89.54649499,263.3342895,324.3060793
08-12-2022,Mobile,21.60124876,Acer,0.230020831,0.074464985,97.39814323,57.70170123,814.5368727
18-08-2023,Desktop,57.13143206,Apple,0.475910204,0.055327923,144.3414252,262.4268182,164.713578
29-10-2022,Mobile,31.32593163,Toshiba,0.302178852,0.224674279,95.30643578,336.3229829,232.034118
30-12-2022,Desktop,58.31630102,Samsung,0.497171893,0.309283902,117.8352825,405.3438208,277.33273
08-09-2023,Tablet,26.90950938,Asus,0.176672806,0.351908363,66.82477729,167.1985518,533.8050211
17-05-2023,Tablet,33.32377468,Apple,0.189087789,0.014382687,112.5837967,453.5967888,240.7089778
15-04-2023,Desktop,7.430441448,Dell,0.151882541,0.373213212,142.3405274,252.9753416,724.0451862
10-07-2023,Desktop,24.31207315,Lenovo,0.251486342,0.175132599,155.8138381,197.9269399,191.5440705
25-11-2022,Desktop,49.61508322,Samsung,0.08752215,0.149674005,169.1290865,248.8290943,127.1626274
25-05-2023,Tablet,7.099208871,Microsoft,0.238944196,0.066619632,159.7791604,389.0991959,705.8275534
12-09-2023,Tablet,48.39089701,Microsoft,0.181192063,0.168521721,81.36605912,346.8086941,383.2728278
02-08-2023,Mobile,45.17360653,Sony,0.269768,0.446446068,168.3560577,252.2356994,495.3818982
29-03-2023,Desktop,36.05265798,Asus,0.066733484,0.115761281,159.6394927,451.7257358,497.3421484
21-10-2022,Tablet,40.85899546,Microsoft,0.247071882,0.226672378,101.9323304,185.1019277,107.1122577
16-03-2023,Tablet,59.39728543,Toshiba,0.171926267,0.180751076,82.63351341,220.9666511,360.0935882
06-06-2023,Mobile,38.60302587,Apple,0.339497354,0.270013359,60.24229094,54.29671782,290.2830149
05-02-2023,Desktop,33.80129041,Lenovo,0.300530114,0.466166737,55.36464112,408.3115884,502.8828672
28-03-2023,Tablet,3.475654745,Lenovo,0.320531627,0.204809261,100.9352601,267.1576957,575.6503946
29-12-2022,Mobile,35.63363318,Acer,0.493710504,0.486950943,40.26247768,163.9862556,266.8129574
19-06-2023,Desktop,3.045039623,Sony,0.049280365,0.189092938,82.51320649,111.1079264,160.2806758
18-09-2023,Tablet,51.19613355,Sony,0.300357568,0.313369323,91.06892048,261.0676287,961.6383563
15-09-2023,Mobile,16.49152733,Acer,0.434514133,0.029245661,121.3616447,447.9233176,133.7881979
06-03-2023,Desktop,41.64368592,Apple,0.459088018,0.053520997,135.7849233,133.7231311,615.8006461
19-04-2023,Desktop,10.08967708,Acer,0.459496112,0.400123148,145.1371942,451.2859189,259.5974874
26-06-2023,Desktop,41.04397107,Acer,0.418560089,0.492471133,47.04430783,171.2035111,661.3894033
07-11-2022,Mobile,27.16535664,Dell,0.227073898,0.067369069,162.9218652,433.9536222,997.2195697
31-10-2022,Desktop,53.16422643,HP,0.142141616,0.301243231,38.99719188,365.3937464,462.9199294
05-05-2023,Desktop,17.69174626,Acer,0.457182003,0.458679458,118.1110786,123.682033,316.1460314
17-09-2023,Tablet,24.57432088,Samsung,0.428979795,0.316281598,155.669683,280.2450226,480.5990152
06-06-2023,Mobile,38.25941607,Toshiba,0.076237463,0.151622652,160.4147581,192.7359868,533.6168346
11-03-2023,Mobile,5.391608687,Sony,0.249141671,0.391691806,169.292327,189.9904401,823.8528995
04-10-2022,Desktop,9.15615268,Dell,0.469184084,0.442727138,22.66470355,112.0933785,967.353518
08-02-2023,Mobile,48.61745736,Acer,0.150209806,0.482058834,141.0810706,305.9483421,487.6945168
26-09-2022,Tablet,55.16816939,Samsung,0.253137257,0.173981197,106.8955106,200.2445709,149.2002995
17-07-2023,Mobile,2.189426379,Samsung,0.037479851,0.165418021,124.401682,262.8760033,943.1596292
28-07-2023,Desktop,34.44772502,Sony,0.078491198,0.375531122,35.11086229,173.3292251,438.0906609
05-12-2022,Mobile,17.81419704,Apple,0.256894587,0.293478545,23.19179474,497.6621544,213.6654033
28-10-2022,Tablet,7.183688026,Dell,0.197287208,0.322163053,159.7090151,67.62498533,773.0819807
17-10-2022,Tablet,50.28387834,Samsung,0.433135261,0.29370591,44.33624768,247.2355418,309.9028069
06-09-2023,Mobile,26.01482634,Dell,0.487601308,0.434374381,131.3710816,340.4749001,298.1919505
20-05-2023,Desktop,3.424610124,Sony,0.3718467,0.294526713,185.9820668,257.2950116,667.0351959
30-07-2023,Desktop,51.61840146,Dell,0.11657976,0.450081485,144.8985334,192.7542789,216.1188936
09-01-2023,Desktop,15.76875817,Sony,0.463284609,0.301852618,192.6785671,335.0868453,583.4113762
11-10-2022,Mobile,20.76911165,Acer,0.141559851,0.432702491,84.2876116,306.3154115,607.2549807
16-08-2023,Tablet,20.98050341,Lenovo,0.398597689,0.404950588,62.50284943,381.1255741,285.1393021
18-11-2022,Mobile,38.92997497,HP,0.065405969,0.468318112,109.8906637,232.796277,530.79019
05-04-2023,Mobile,26.01462112,Lenovo,0.450065301,0.387087147,179.5181454,456.3324235,390.8589635
06-11-2022,Desktop,32.97303381,Samsung,0.131153111,0.223145471,173.3496536,126.3150939,756.3133922
01-03-2023,Mobile,37.17707111,Microsoft,0.346941212,0.30136997,93.98103496,451.6695112,724.4258174
05-12-2022,Desktop,7.916535062,Acer,0.3436245,0.154717651,96.24607456,90.74404829,646.4639748
27-10-2022,Tablet,26.5926004,Asus,0.0728458,0.401224648,25.91371036,488.7850684,271.7092859
12-11-2022,Mobile,48.73646264,Dell,0.040120766,0.482783478,101.9665956,194.2509177,599.7410899
24-07-2023,Desktop,11.77833928,Samsung,0.492676238,0.015117746,45.50924796,270.3769115,409.6323337
04-05-2023,Tablet,16.94728941,Lenovo,0.241833278,0.036554877,70.64886651,167.9082678,945.5087541
23-10-2022,Mobile,35.31669621,Toshiba,0.143316147,0.049048729,56.61621606,138.1378983,966.2290044
03-05-2023,Mobile,17.59097768,Dell,0.255812852,0.403127855,196.675869,364.4992635,865.3826688
13-11-2022,Desktop,27.2188118,Asus,0.216751637,0.017500469,170.184402,153.6773058,510.3708418
19-02-2023,Desktop,10.3705593,Asus,0.221861273,0.173845338,85.56406339,240.166825,429.4392096
13-02-2023,Tablet,53.09150741,Microsoft,0.257608545,0.465121432,137.8889904,441.3570206,547.0456803
06-01-2023,Desktop,9.454955177,Acer,0.437962168,0.150027046,52.230798,391.8005628,764.0261701
14-03-2023,Mobile,48.0819089,Sony,0.266993297,0.203473869,197.1115783,493.9799251,769.7983156
03-03-2023,Tablet,18.61350095,Sony,0.063047988,0.149086558,167.6555437,117.8420493,608.9460487
26-11-2022,Mobile,43.52719341,Sony,0.241051578,0.421249017,119.3549828,314.0454923,493.7904403
15-11-2022,Mobile,41.39690522,Acer,0.246709885,0.075322878,34.93344657,389.94097,469.232307
11-09-2023,Mobile,18.26825363,Samsung,0.113302678,0.388955676,23.20391182,387.626659,675.4660823
14-11-2022,Tablet,40.02025248,Microsoft,0.321033518,0.37407616,125.8926435,241.3099228,319.6029297
15-09-2023,Tablet,29.78047299,Microsoft,0.340730406,0.019433969,60.06931797,124.9795767,608.8547444
31-10-2022,Tablet,51.5838805,Acer,0.087557179,0.079210871,128.8721864,433.3463595,279.7045405
15-10-2022,Mobile,56.82099152,Lenovo,0.129394948,0.446745474,67.83537318,400.9158507,402.1013295
21-05-2023,Mobile,29.93808676,Microsoft,0.289097317,0.362574202,27.91221526,75.84037849,853.7693654
08-12-2022,Desktop,49.84123921,Lenovo,0.12119066,0.131817767,44.07735272,454.7750529,814.2645795
26-02-2023,Desktop,58.49218302,Acer,0.363934731,0.227346209,137.9844544,422.615521,345.8881642
29-05-2023,Mobile,40.83119417,HP,0.208448952,0.119959004,170.3008322,279.3687072,531.7788102
25-10-2022,Desktop,21.26950563,Acer,0.10602547,0.074611198,63.81064566,202.0816042,524.2433889
04-11-2022,Desktop,57.18559801,Dell,0.403547133,0.030027989,101.9443067,469.1404234,832.8868988
05-12-2022,Desktop,49.25873462,Toshiba,0.21561195,0.342543127,187.9171308,187.5692762,130.1578168
10-05-2023,Desktop,37.92520438,Asus,0.060861152,0.163383176,28.31810057,347.9946904,721.4974863
02-12-2022,Desktop,18.60235603,Samsung,0.087056045,0.433477063,58.7294305,236.1966111,328.5410857
21-03-2023,Desktop,30.46786628,Dell,0.485512635,0.190170255,100.3217317,68.2189813,929.0176238
09-08-2023,Desktop,49.32071846,Toshiba,0.122611129,0.449528097,59.90426359,476.3081045,288.8411365
08-11-2022,Mobile,15.63073856,Dell,0.295736235,0.052556349,196.7916912,272.5468648,937.4360637
19-08-2023,Mobile,44.99979759,Lenovo,0.478552531,0.205316084,163.200093,426.6004715,158.3665845
11-06-2023,Desktop,51.56910615,Asus,0.419163092,0.156706358,194.3893641,141.563168,361.4498901
12-03-2023,Mobile,5.414098658,Dell,0.205632983,0.11124986,129.3451147,242.2230757,915.5407863
08-12-2022,Mobile,3.425502688,Dell,0.185867199,0.264288944,43.89845651,450.7625432,705.6886699
23-02-2023,Tablet,47.23883901,Dell,0.194751167,0.26374965,138.72283,428.1989187,300.9287027
22-12-2022,Mobile,38.5088387,Dell,0.269737711,0.497704296,94.24894159,274.6029547,721.4119653
06-02-2023,Mobile,13.16145621,Toshiba,0.144777785,0.102987464,157.9072217,288.0762261,619.8199579
15-02-2023,Mobile,53.70333371,Samsung,0.138499389,0.308735688,33.53387799,205.6174836,618.1690116
25-09-2022,Tablet,2.445616767,Toshiba,0.432290107,0.3638076,101.0868712,389.5663757,802.230217
01-05-2023,Mobile,2.250623529,HP,0.19848588,0.288233077,194.6814946,353.7659009,686.4629551
29-12-2022,Mobile,20.57636346,Dell,0.266031924,0.123730515,54.81782497,305.8395363,357.7890458
21-11-2022,Tablet,5.412638948,HP,0.048938827,0.243031372,26.28932861,274.9376083,886.7992904
02-08-2023,Mobile,47.65895431,Sony,0.013478273,0.330259684,197.0863762,224.3718323,350.1809167
09-03-2023,Mobile,16.67668352,Sony,0.054990556,0.160253186,33.11701086,255.5107351,778.7242898
22-09-2023,Desktop,15.4911341,Toshiba,0.092510145,0.226435408,60.40691847,149.8040646,979.4873516
27-03-2023,Tablet,24.31013116,Lenovo,0.176259225,0.429397142,144.0459036,187.1594641,358.1517598
14-06-2023,Desktop,29.99340222,Toshiba,0.306135688,0.071909887,65.11676612,421.7136471,387.9755094
11-02-2023,Tablet,59.83947702,Apple,0.033179453,0.351374457,24.77407638,123.028506,433.4252489
19-02-2023,Tablet,10.58559286,HP,0.152193488,0.161384736,25.99206565,237.0040574,175.8752274
02-04-2023,Tablet,36.89834531,Sony,0.250310347,0.314905538,23.97132023,420.6596174,105.1981758
12-09-2023,Mobile,23.70650278,HP,0.110530357,0.273194999,191.8698783,260.2935746,692.5223387
03-02-2023,Desktop,13.22087418,Toshiba,0.160465161,0.329074919,124.6281589,218.2703184,895.7656825
25-12-2022,Mobile,55.42081853,Toshiba,0.148991424,0.048600025,44.53791625,103.3291093,484.2987538
19-05-2023,Mobile,31.88464043,Microsoft,0.150285626,0.31900889,99.96323971,283.3416413,730.3456577
20-03-2023,Mobile,36.10453515,Sony,0.206659416,0.37091708,62.68856515,461.1364598,612.1019939
22-03-2023,Mobile,44.05537594,Sony,0.327638151,0.466139516,28.05021349,313.6061108,207.7228824
16-12-2022,Tablet,57.67748537,HP,0.455778385,0.338265888,174.5997127,363.2755412,770.2249924
10-08-2023,Desktop,57.57311888,Sony,0.209764005,0.282790442,148.4455142,276.9659993,594.1296082
23-09-2022,Mobile,20.96207024,Acer,0.111610176,0.037887364,180.5974008,316.4107376,704.066002
01-07-2023,Mobile,38.26646813,HP,0.177915407,0.374773262,86.87843601,267.7201276,769.472808
01-03-2023,Tablet,33.8118498,Acer,0.39801502,0.341890113,77.26096613,487.0831155,842.3137219
01-11-2022,Desktop,39.70046494,Lenovo,0.065276758,0.303015438,165.9563418,427.4332355,362.6119288
29-11-2022,Desktop,22.86498824,Acer,0.412358674,0.241034455,163.4466664,408.4764068,108.7824209
02-08-2023,Mobile,58.53885062,Microsoft,0.027224253,0.470294671,43.73160688,209.8842174,807.8237917
28-01-2023,Desktop,1.439849732,Samsung,0.30787616,0.185988892,164.8717259,390.8509652,339.6324861
22-12-2022,Tablet,40.51726697,Dell,0.116978611,0.382258376,137.3368279,306.5809182,350.7245024
27-09-2022,Desktop,7.430854607,Samsung,0.460676488,0.453500664,150.0842553,76.17934157,921.5460747
27-03-2023,Mobile,4.692300127,Microsoft,0.406760248,0.010226165,170.7112395,302.6559317,551.8796105
09-10-2022,Desktop,30.19392465,Microsoft,0.229484068,0.175689727,166.0492318,138.573554,562.845441
01-07-2023,Mobile,23.09012139,Toshiba,0.338662075,0.291159256,126.8474977,446.9147531,248.5787727
14-08-2023,Desktop,56.19163663,Apple,0.051203458,0.359695693,38.15583683,56.27864137,546.9756189
15-08-2023,Mobile,27.19845693,Toshiba,0.150101553,0.09638462,23.35856312,134.0472087,741.2943545
24-08-2023,Mobile,15.24599617,Asus,0.393299723,0.050462413,179.6155356,205.6360344,142.7602015
01-09-2023,Mobile,12.26246009,Microsoft,0.456835867,0.027882288,129.4796524,423.6275695,521.5402501
31-12-2022,Tablet,17.50217209,Toshiba,0.287181238,0.484694065,102.4819486,378.9146148,819.2867897
03-02-2023,Desktop,16.6605984,Sony,0.075822147,0.098108977,86.09557689,483.8621228,637.6749846
04-06-2023,Tablet,57.68507101,HP,0.051586567,0.257313324,111.7042771,129.2485283,619.1525411
22-08-2023,Mobile,34.86945518,Samsung,0.11124025,0.421668566,60.64922828,395.4461221,359.102736
14-04-2023,Tablet,45.3333529,Asus,0.044889795,0.398385409,51.50815244,68.75689443,398.4825173
05-03-2023,Mobile,23.98337023,Microsoft,0.290430218,0.298227299,148.5108142,181.9469519,394.4788848
03-09-2023,Tablet,25.32114829,Microsoft,0.053616197,0.011900645,142.2691025,99.9047752,508.3026195
29-11-2022,Desktop,41.25255332,HP,0.329064476,0.185804598,95.14040098,281.9127884,835.6111211
18-11-2022,Tablet,27.44760679,Asus,0.492911873,0.288743731,62.25063547,388.1923752,946.3146606
09-02-2023,Tablet,1.153308102,Sony,0.184569975,0.023411862,80.72804167,391.3840687,472.4332216
09-08-2023,Desktop,53.31309105,Asus,0.401058777,0.032513378,77.31356784,155.7877817,124.7768272
24-02-2023,Mobile,1.059912738,Dell,0.438468376,0.152187626,188.2299729,130.5804113,903.2156258
13-10-2022,Tablet,12.86518823,Asus,0.07885851,0.259214775,194.113837,51.11162954,645.8965515
11-03-2023,Tablet,59.58300423,Sony,0.101864263,0.468643818,144.6327227,95.03933674,447.5852245
25-02-2023,Desktop,38.91032871,Sony,0.492554823,0.409554396,192.3755827,458.4004616,950.27846
08-04-2023,Tablet,56.84789073,Acer,0.318203705,0.135718918,158.2636311,455.317859,187.7637188
16-09-2023,Tablet,32.01074396,Toshiba,0.39748622,0.145570311,81.05552429,177.7627305,188.4078762
06-11-2022,Mobile,23.21183324,Apple,0.417444272,0.08310599,81.20342066,128.7184202,895.6182481
23-03-2023,Tablet,50.17517039,Sony,0.423416113,0.11610878,43.18494451,102.1139536,799.9758313
17-12-2022,Desktop,18.69230894,Apple,0.30306146,0.334872911,170.307517,210.4512142,741.4104466
19-12-2022,Mobile,24.47716462,Toshiba,0.439977791,0.195459748,91.3128378,474.3748922,528.5109829
10-10-2022,Mobile,10.64106592,Toshiba,0.369912914,0.206396811,94.39987178,147.8942414,677.8356406
08-01-2023,Mobile,4.12882523,HP,0.407096742,0.030785986,30.20303695,154.3871999,650.189376
07-02-2023,Tablet,58.68468135,HP,0.476554503,0.260763271,158.7249295,407.169854,731.1864156
29-09-2022,Mobile,17.91552725,Toshiba,0.204357718,0.327209399,172.865267,104.1376888,122.5887325
13-02-2023,Desktop,11.31079782,Microsoft,0.289601847,0.05358145,39.71245143,79.24174988,224.0102025
21-10-2022,Mobile,13.38760166,Asus,0.192414512,0.174848343,199.2072543,92.25625847,930.0655413
19-01-2023,Mobile,20.27705904,Samsung,0.011443741,0.015081417,120.5193909,438.8204542,589.5812612
21-04-2023,Mobile,30.77469653,Sony,0.071012039,0.289740178,102.8837285,207.5721351,216.0118521
21-04-2023,Desktop,35.19692277,Asus,0.392020293,0.068475041,131.9482367,432.3720017,428.7019299
03-11-2022,Desktop,19.96064708,HP,0.098131624,0.498024544,138.0863286,229.6897405,818.4820668
22-05-2023,Tablet,56.5021369,Asus,0.475265841,0.254658753,34.41133951,261.6029591,328.1194246
26-07-2023,Tablet,18.2476962,Microsoft,0.259413866,0.268453585,150.8398354,178.7167416,961.3052695
05-12-2022,Tablet,15.08416957,Asus,0.326680211,0.488128758,180.6687018,89.6322467,740.6000615
12-04-2023,Tablet,16.03057858,Lenovo,0.188146255,0.21161861,93.96839346,195.1292179,470.3101337
21-05-2023,Tablet,51.20228212,Sony,0.154173783,0.179369766,70.1490006,215.724312,138.6132554
22-06-2023,Desktop,54.71841801,Lenovo,0.259894908,0.087271583,108.9841661,253.3440192,957.313972
26-02-2023,Desktop,50.88632105,Toshiba,0.403424481,0.271481972,129.8018242,91.41880445,849.914136
21-06-2023,Desktop,52.2791655,Microsoft,0.429947112,0.21635083,134.399963,276.8576547,115.7551782
25-01-2023,Mobile,26.08576237,Lenovo,0.3369881,0.337100287,43.21122698,157.775645,885.6638789
04-06-2023,Desktop,35.74733361,Sony,0.103959304,0.36541818,52.01576686,460.0244282,999.9489486
04-07-2023,Desktop,30.17947622,Asus,0.455773677,0.162545579,71.41801806,96.85664498,377.5669424
06-08-2023,Mobile,5.672935179,Samsung,0.361673462,0.02632656,164.4802012,197.6336657,331.9873172
28-03-2023,Mobile,29.3541509,Lenovo,0.018341111,0.381947281,77.69100759,331.4486402,127.3680762
28-03-2023,Mobile,16.35517338,HP,0.190007561,0.193776518,46.92546011,296.8592358,182.9223404
15-03-2023,Desktop,7.027007843,Acer,0.179596289,0.258228194,145.221075,439.2270289,567.3346021
12-09-2023,Desktop,52.44813361,Samsung,0.017942842,0.298619676,89.12471961,204.4573839,951.4982414
20-12-2022,Mobile,14.64591401,Samsung,0.284029412,0.211413562,115.8899661,233.4326925,432.7607831
11-01-2023,Mobile,58.52241849,Dell,0.136397123,0.282495537,131.7190137,181.7983402,436.1939225
24-05-2023,Tablet,41.20868962,Apple,0.162174999,0.362424716,166.6359612,95.12995632,999.8380967
23-06-2023,Tablet,3.169165751,Lenovo,0.497304591,0.27106323,156.5456244,139.7853457,834.2274407
30-03-2023,Mobile,8.169918755,Lenovo,0.444619794,0.481694292,23.2319852,66.85924706,144.8376395
06-04-2023,Desktop,52.77818505,Sony,0.207995638,0.390395374,183.6871279,95.44293374,503.6433383
15-09-2023,Mobile,48.53978424,Dell,0.044173434,0.338347069,34.46912939,376.5011903,937.8129247
18-08-2023,Mobile,18.7108636,Asus,0.445496858,0.024831724,141.7796371,465.5145812,125.6418983
26-05-2023,Mobile,29.45761331,Lenovo,0.292094377,0.116029507,27.06901232,113.3037788,134.5676963
05-06-2023,Tablet,47.25273264,Apple,0.348350111,0.128536761,54.9857247,239.4018611,492.6933259
07-04-2023,Desktop,33.78783274,Samsung,0.262377435,0.358589553,100.7637597,243.2397889,691.6634011
12-10-2022,Desktop,47.76865065,HP,0.052812037,0.169384825,80.77618559,355.7125685,714.3000233
06-04-2023,Desktop,54.59394618,Apple,0.269181003,0.2474157,188.6148076,484.9342778,293.0899827
02-01-2023,Desktop,15.90117404,Lenovo,0.234782328,0.033370148,178.1504411,470.4470479,443.3366509
24-03-2023,Mobile,58.77671225,Lenovo,0.35619227,0.023576392,168.0502306,197.6062727,554.5112395
16-02-2023,Desktop,31.76093008,Microsoft,0.236612524,0.088257563,160.6834157,89.84819477,538.4044496
17-07-2023,Desktop,1.613090231,Samsung,0.075752107,0.14934594,198.2178532,191.8925719,949.2223484
21-01-2023,Tablet,42.56100034,Acer,0.07968578,0.313233005,113.2135633,461.9922287,386.0783156
09-07-2023,Tablet,51.91808971,Acer,0.177137261,0.340639169,70.5653913,312.6342959,544.1945611
14-07-2023,Desktop,1.039361934,Dell,0.412236351,0.384556838,85.5590046,316.7798334,784.3335785
15-11-2022,Desktop,41.45034816,Sony,0.230624726,0.233632725,178.846637,280.662547,230.2020479
10-07-2023,Desktop,23.13903096,Apple,0.341334823,0.375114509,177.5145055,150.075726,650.7099151
11-11-2022,Tablet,44.63609498,Samsung,0.107937636,0.348489375,193.4799184,303.5109474,410.6397398
22-10-2022,Mobile,37.12898762,Sony,0.38497826,0.473299098,187.5517412,498.0783878,378.922308
15-07-2023,Desktop,10.64860978,Toshiba,0.137894718,0.168696511,168.4841079,88.05321973,418.1795862
13-11-2022,Mobile,40.76979424,Samsung,0.473558856,0.327327813,21.20130718,410.2972448,786.4386957
23-11-2022,Mobile,26.87411016,Acer,0.315388465,0.024715276,97.37249279,203.5406126,763.9159211
29-06-2023,Mobile,29.08310346,Asus,0.134322766,0.147407595,160.4222583,171.0955391,363.3813054
24-04-2023,Mobile,35.19912608,Toshiba,0.083714432,0.216671179,51.35323777,60.84429465,864.6366466
08-07-2023,Desktop,13.3041988,Sony,0.100695206,0.324431436,86.79185705,225.5621547,622.6488029
12-08-2023,Tablet,31.12398782,Dell,0.169611359,0.168364947,75.23926301,218.9069604,561.5773306
27-10-2022,Tablet,12.14459161,Dell,0.168556047,0.352856663,45.55236346,227.4034342,767.0874605
23-04-2023,Desktop,16.29146157,Sony,0.407930715,0.093973411,88.29856231,421.2768997,910.3541752
26-06-2023,Desktop,33.93374487,Apple,0.062486319,0.169046519,39.4396054,349.6544422,154.2867876
09-05-2023,Desktop,4.093448013,HP,0.3644518,0.261646187,71.14475816,302.7534096,615.1539162
10-04-2023,Mobile,13.92470506,Lenovo,0.090547035,0.109098326,21.34125194,113.8481849,670.783984
24-01-2023,Mobile,25.64811102,Lenovo,0.169881706,0.459932838,59.54712138,314.2484443,580.7220342
15-02-2023,Mobile,49.08932224,Sony,0.444132663,0.368740935,114.7835123,93.34770181,759.2664716
17-01-2023,Mobile,39.29515475,Acer,0.037239306,0.125634602,107.5465303,264.6993656,107.3258282
27-06-2023,Tablet,19.79955119,Apple,0.075359276,0.34863605,166.2179037,190.8362013,289.3012326
12-10-2022,Mobile,53.76432636,Samsung,0.278408753,0.302807852,125.9485028,234.020317,715.4218673
10-03-2023,Tablet,8.769086713,Lenovo,0.324586042,0.170881641,164.9907715,243.4221077,245.4094229
23-09-2022,Desktop,20.4550131,Apple,0.444540673,0.04327295,23.83300437,111.6268592,867.1802422
16-12-2022,Desktop,9.392305461,Toshiba,0.23471227,0.025933407,160.4670485,460.8138614,449.3797428
10-12-2022,Desktop,25.24037361,Lenovo,0.224619347,0.333307787,63.45384289,423.2775719,490.3511494
08-11-2022,Tablet,13.98137463,Acer,0.148045841,0.22089569,157.4662842,348.3772967,296.7408329
14-02-2023,Desktop,41.42119558,HP,0.276200633,0.220572384,78.37184279,363.3352453,358.5813959
23-07-2023,Desktop,55.98909255,Sony,0.1378087,0.441612631,62.51559501,149.3284185,512.9893279
09-05-2023,Tablet,9.295156786,Acer,0.499436405,0.067881279,80.22420958,329.423863,476.8231068
19-12-2022,Mobile,34.74179931,Lenovo,0.289032092,0.233317477,48.35542404,225.5133134,568.9277379
28-08-2023,Mobile,45.97024941,Toshiba,0.184248962,0.02928015,121.7698042,324.1904697,554.9770806
10-09-2023,Mobile,39.36871534,Apple,0.444009339,0.497384638,101.9047744,408.2646713,838.7038607
29-06-2023,Mobile,16.58436408,HP,0.204864797,0.078227439,72.71667239,157.0610532,990.9946456
23-12-2022,Tablet,9.066211804,Acer,0.261374869,0.353312184,132.966187,111.7257969,619.1086176
10-10-2022,Tablet,35.61281085,HP,0.174437526,0.256649941,190.8465424,397.5380506,146.29688
19-04-2023,Mobile,59.02084899,Toshiba,0.120679515,0.253528359,143.9794699,227.3620922,682.5720723
02-09-2023,Mobile,40.25288239,Sony,0.4541856,0.041612718,199.9486309,278.2153179,131.9357294
14-10-2022,Tablet,38.34152545,HP,0.308904815,0.035389278,197.6034256,65.37584918,261.0094485
19-02-2023,Desktop,14.19852241,Asus,0.182729362,0.445496623,67.19679696,348.4482404,896.2274792
18-03-2023,Desktop,48.77195413,Sony,0.374695625,0.185272148,57.56580081,59.47280265,620.0964047
03-06-2023,Desktop,25.20478662,Asus,0.033127267,0.459970797,23.46217263,98.94077244,210.7048969
27-11-2022,Tablet,47.98348722,Apple,0.055423137,0.234029741,75.31665005,121.669443,823.1844093
22-03-2023,Desktop,16.585854,Apple,0.207870187,0.115308901,22.58678373,170.096831,900.7182744
20-06-2023,Desktop,49.56458982,Sony,0.024705741,0.343242659,73.76304832,411.2563949,723.06818
16-01-2023,Mobile,25.01108686,Apple,0.291563942,0.458941248,163.4151863,460.8035115,849.1407788
19-01-2023,Mobile,7.759876814,Microsoft,0.133771702,0.256495241,155.270695,346.7476442,947.0734908
23-07-2023,Tablet,58.17859139,Asus,0.351591808,0.23484372,80.547596,321.4583326,466.408406
24-10-2022,Mobile,52.98771103,Sony,0.098632839,0.03885548,112.6096507,206.2332431,110.4613048
17-11-2022,Tablet,38.56535686,Apple,0.476084313,0.38819405,163.7856298,357.795969,838.6514457
08-04-2023,Desktop,30.69685338,Acer,0.447180575,0.368361921,84.83754586,263.2877646,482.8807631
28-04-2023,Mobile,39.0933764,Apple,0.168491291,0.200470305,84.33242745,253.6144508,435.7266195
28-04-2023,Mobile,23.33120201,Microsoft,0.496048307,0.32556371,38.37018073,363.2928532,732.8014797
28-09-2022,Tablet,1.94274703,HP,0.111912555,0.470074825,190.3990023,199.5345732,194.2680839
10-03-2023,Tablet,45.9558868,Toshiba,0.422907672,0.490521569,55.40422738,212.5898729,864.2334577
14-02-2023,Desktop,26.63945119,Microsoft,0.1641783,0.313011513,83.58008166,214.2665288,318.063751
25-05-2023,Mobile,4.062337842,Apple,0.388349113,0.278181129,77.64146946,182.4492531,753.2072343
04-09-2023,Mobile,46.94127892,Acer,0.390996179,0.236504319,174.339104,112.8911283,607.9242202
23-08-2023,Mobile,42.86249365,Asus,0.495774615,0.467335923,26.63191398,320.0021493,922.7728593
04-12-2022,Mobile,30.52640857,Sony,0.218511078,0.484888346,186.6653773,375.6972525,448.5658224
12-01-2023,Desktop,35.41670467,Sony,0.054654699,0.133602209,102.2106856,79.87381944,436.8418311
20-02-2023,Tablet,4.579610285,Toshiba,0.136764523,0.31739374,131.9188476,473.9092908,320.0691229
12-02-2023,Tablet,22.60341708,Dell,0.466157231,0.3177784,166.4439553,180.7741491,776.8826572
10-11-2022,Desktop,22.62296749,Asus,0.446012221,0.352540009,140.7061799,287.4730613,725.8471867
26-09-2022,Tablet,46.42225489,Apple,0.027689561,0.335976043,68.26659707,89.36075557,266.14396
17-01-2023,Tablet,2.453633471,Acer,0.343487583,0.294676612,24.96024869,328.5028672,115.8315635
25-10-2022,Desktop,32.74264444,Lenovo,0.15441571,0.445777156,71.58888261,268.2995682,834.8139547
19-08-2023,Mobile,22.1965964,Microsoft,0.029533792,0.162251827,163.4167519,106.1929192,233.4193146
11-08-2023,Mobile,51.44936137,Acer,0.443625956,0.19071136,152.9023048,391.1100168,404.8904564
30-12-2022,Tablet,30.07519988,Asus,0.416823932,0.027641811,132.8727489,151.2418699,927.6839521
20-05-2023,Mobile,33.89555638,Samsung,0.461194067,0.084570154,153.6462568,379.7844749,205.3181702
18-09-2023,Mobile,16.3087565,Apple,0.299526954,0.486489826,76.35829543,109.6956751,685.8546863
22-11-2022,Desktop,17.96671505,Toshiba,0.253027896,0.074235964,123.7060563,66.006534,328.5430463
04-03-2023,Desktop,15.7507254,Microsoft,0.388445518,0.186984384,144.5574382,494.4986973,630.7410162
29-09-2022,Desktop,40.47539798,Toshiba,0.177320635,0.350589113,166.6714539,476.8151932,494.9657481
02-06-2023,Mobile,38.64902843,Toshiba,0.20950987,0.2279855,62.68122404,332.6737111,850.2979152
04-01-2023,Mobile,31.93556906,Lenovo,0.145755039,0.189833113,108.0089733,250.7242771,890.5292143
25-12-2022,Tablet,28.69880581,Apple,0.308009126,0.073126321,139.1193422,377.8899171,784.8771017
03-05-2023,Tablet,40.54977556,Dell,0.497400233,0.44896291,66.39317043,373.30592,576.7493152
27-09-2022,Tablet,37.8017162,Apple,0.445807776,0.03605648,192.8766757,374.3308589,320.509133
09-08-2023,Desktop,58.16684963,Dell,0.240326454,0.352408258,36.07865675,189.4231266,202.5769207
28-02-2023,Desktop,13.10765173,HP,0.499218184,0.058578565,122.5135507,377.1069789,981.9042592
20-08-2023,Tablet,18.69576389,Samsung,0.257712617,0.401119213,62.49631887,240.3248637,588.1579388
20-09-2023,Tablet,17.30916156,Microsoft,0.151489725,0.2904347,167.1608615,144.9855674,854.564123
07-05-2023,Desktop,14.15717815,Microsoft,0.429960363,0.050573003,113.6480076,368.1125109,577.7494214
09-05-2023,Tablet,35.27580668,Sony,0.339727366,0.3192936,71.91752573,220.725718,558.3569323
17-10-2022,Desktop,36.39385195,Dell,0.349218511,0.175154712,43.74974014,488.0581333,682.2763059
02-02-2023,Tablet,16.36596296,Microsoft,0.088247378,0.373207563,158.382265,185.8570467,763.4131872
06-09-2023,Desktop,8.877591765,Microsoft,0.256858684,0.428547137,123.5846671,449.4577144,407.0949203
02-10-2022,Tablet,23.99964617,Microsoft,0.18994558,0.338027187,67.99079288,147.5365604,389.0286383
05-02-2023,Tablet,6.748062032,Apple,0.423022716,0.249055202,163.3139261,483.3009374,877.4389619
25-06-2023,Desktop,37.12799206,Sony,0.053294236,0.431640027,110.5821641,317.9328368,172.8830362
16-07-2023,Desktop,5.897753296,Dell,0.374224739,0.303674005,163.9368696,275.3315812,354.9762685
01-11-2022,Mobile,42.886424,Samsung,0.251910608,0.494607882,153.5362174,234.1590426,415.018637
13-05-2023,Tablet,45.34781082,Asus,0.123175675,0.304382309,90.25204301,333.7967126,686.730288
04-03-2023,Tablet,42.81799181,Dell,0.212336963,0.161961868,148.4270483,254.3161338,989.7465606
16-04-2023,Mobile,15.51106198,HP,0.2534471,0.227791744,20.76062051,299.7270155,198.559027
11-02-2023,Tablet,58.37660998,Microsoft,0.096392324,0.100807799,109.898807,394.9606391,206.9515446
23-01-2023,Tablet,13.15209751,Microsoft,0.041560815,0.109154113,181.4905252,156.0400978,634.480096
27-03-2023,Desktop,25.25015673,Dell,0.121477107,0.141743893,165.5840599,114.3780815,653.2448149
04-05-2023,Desktop,7.85921517,Asus,0.013683558,0.390183207,45.39098328,484.4066216,944.6204047
15-07-2023,Tablet,52.97388971,Acer,0.287327761,0.446273331,184.9436605,59.46959121,260.116743
10-11-2022,Desktop,32.98270536,Dell,0.343394868,0.200452403,46.87510539,226.2109733,537.02838
03-08-2023,Mobile,26.01170183,Dell,0.344949918,0.325587773,79.78788166,339.2959783,923.1091224
29-10-2022,Mobile,19.52622239,HP,0.072009017,0.073350509,61.23192482,497.031165,826.032789
05-10-2022,Mobile,23.05490738,Acer,0.257367732,0.044488271,148.1985917,401.6503254,210.396965
27-06-2023,Mobile,33.30333266,Dell,0.379382901,0.313640608,170.4076791,64.65492643,863.5568529
12-12-2022,Tablet,46.59823007,Lenovo,0.215413252,0.368517813,34.87096516,465.753608,528.4371474
21-09-2023,Desktop,31.55359217,Lenovo,0.203875324,0.475959761,193.9887158,367.3489407,530.3780019
25-04-2023,Desktop,23.68502206,Apple,0.154378666,0.449845447,189.7686963,392.2754405,448.6022917
15-01-2023,Mobile,58.46002394,HP,0.027628681,0.097432691,118.0722075,68.33881238,497.1052324
19-08-2023,Desktop,41.56031142,Dell,0.236171066,0.201712931,94.22324318,313.5957805,368.1043704
28-02-2023,Desktop,57.58892523,Toshiba,0.249140076,0.2713009,49.95933075,393.5416639,870.1623885
18-12-2022,Mobile,8.212950094,Lenovo,0.277676988,0.055914768,119.1366273,448.2894024,312.3492154
21-08-2023,Desktop,52.11257727,Toshiba,0.326881258,0.055700816,79.78766761,411.7089865,297.0023267
26-02-2023,Mobile,3.936057107,Dell,0.15520346,0.284699395,126.8078044,93.30451561,476.1819091
29-07-2023,Desktop,21.43854708,Asus,0.155169961,0.39229119,66.07542511,224.3295485,236.6779498
08-02-2023,Mobile,20.85950829,Samsung,0.48237893,0.26619666,102.6861547,326.0679511,697.5899601
11-06-2023,Mobile,44.79088835,Lenovo,0.222843431,0.146314446,198.479616,294.7858426,527.4430313
16-07-2023,Tablet,41.2784128,Lenovo,0.48971748,0.179055684,194.3023325,190.081406,395.2759092
17-10-2022,Desktop,49.44113357,Acer,0.220449073,0.201698459,184.1506261,302.2690465,601.6084617
29-01-2023,Tablet,4.830877909,Microsoft,0.168323245,0.029358951,47.35916266,180.8268176,378.1453934
19-11-2022,Desktop,33.35650174,Apple,0.169835292,0.225909233,166.3112541,191.5570972,277.5002798
07-11-2022,Tablet,43.14159812,Samsung,0.100065957,0.487815916,63.52243357,65.42271161,103.5263252
24-06-2023,Desktop,20.18858718,Sony,0.076421778,0.496985988,25.8313482,152.2393582,921.9242783
28-05-2023,Tablet,52.17389515,Samsung,0.225536601,0.290571781,197.9967135,285.8373828,514.1222116
07-07-2023,Desktop,4.890248641,Apple,0.377479409,0.41643843,30.16624559,447.6422628,113.9089012
03-11-2022,Mobile,51.85261652,Samsung,0.016520083,0.043324185,183.8794882,429.8029073,287.9884778
26-04-2023,Mobile,43.99266712,HP,0.355305055,0.459878644,134.0891685,98.44754196,554.6935319
06-09-2023,Desktop,22.52533034,Apple,0.432193238,0.395422596,179.3204306,401.7289527,859.2217784
13-08-2023,Desktop,24.0174236,Sony,0.142811993,0.141483593,194.3001356,108.470794,157.3457494
04-11-2022,Tablet,10.06396611,Toshiba,0.300365595,0.360808896,122.1136916,156.8490197,206.1392146
15-10-2022,Tablet,53.03582966,Acer,0.378881787,0.364771889,105.3381003,335.6324551,675.8900749
09-08-2023,Desktop,33.91748598,Toshiba,0.472601882,0.461561636,130.3514371,375.7427422,369.0065423
27-12-2022,Tablet,53.09228366,Microsoft,0.346040584,0.297408483,72.35672976,163.9949672,356.2391988
12-09-2023,Desktop,47.69771847,Asus,0.033002428,0.307069665,128.0403943,65.63642774,434.8936322
31-05-2023,Desktop,17.39375538,Lenovo,0.309425689,0.468517547,154.6736996,469.516537,123.2818709
10-01-2023,Desktop,36.38124982,Samsung,0.36494839,0.299676303,35.48678398,358.1136123,272.2266168
20-12-2022,Desktop,44.28281161,Microsoft,0.280737694,0.479895817,181.485659,116.0986586,173.8079789
30-01-2023,Mobile,32.12736831,Microsoft,0.179235945,0.034699158,133.4726676,424.5911549,875.4684914
14-05-2023,Desktop,47.31438716,Toshiba,0.300452039,0.139391207,39.58994156,244.0524759,741.1333331
11-10-2022,Desktop,25.66055835,Toshiba,0.174455836,0.486415148,44.20456501,121.455363,319.3782188
31-03-2023,Desktop,41.99128362,Apple,0.241481064,0.157369416,174.7080396,57.51465526,145.155083
02-02-2023,Mobile,58.83253621,HP,0.154396953,0.110608082,52.74167385,482.1848317,463.6315812
05-09-2023,Mobile,9.633046792,Toshiba,0.267144962,0.039706733,189.1278972,349.9774625,772.8916989
01-02-2023,Mobile,54.27642834,Sony,0.149482924,0.386211385,193.6027318,464.4797721,519.0532998
19-07-2023,Tablet,45.7928461,Lenovo,0.260091093,0.369789831,75.62950964,449.9237155,352.9826366
22-11-2022,Mobile,20.62443772,HP,0.336809919,0.403185127,193.1565694,408.1911316,528.1761631
22-07-2023,Tablet,24.52483814,Acer,0.227317779,0.44475721,29.1005601,375.7651639,882.0611873
15-01-2023,Mobile,6.590131383,Asus,0.197261115,0.099978737,86.54925528,350.8445466,987.3691436
22-01-2023,Desktop,30.45831024,Sony,0.218049902,0.493956618,164.8273617,436.0622828,573.9847873
08-12-2022,Mobile,13.97202476,HP,0.230429543,0.059137723,36.04552466,480.4782531,939.9317344
18-05-2023,Desktop,26.16847133,Sony,0.137299046,0.046157647,137.8619581,152.7490918,591.2406031
14-12-2022,Mobile,52.76900196,HP,0.444772719,0.220702044,89.30398113,356.1186775,159.8909942
10-02-2023,Mobile,54.0068386,Asus,0.351357836,0.101776459,100.5839128,371.7204122,547.7460066
29-11-2022,Mobile,11.43788992,Toshiba,0.095884807,0.274826344,36.3507523,362.2132036,723.7480139
18-08-2023,Tablet,27.57030905,Samsung,0.128255689,0.226067878,166.228973,110.6809341,342.9791047
01-08-2023,Mobile,17.22013056,Microsoft,0.021863719,0.022066869,138.2741368,495.6586771,436.1111361
03-07-2023,Mobile,24.58022333,Toshiba,0.398455903,0.474475979,178.3098511,316.1140785,243.0732054
26-09-2022,Desktop,20.28334633,HP,0.479265802,0.083672869,167.2202925,494.253795,943.7287388
14-09-2023,Mobile,12.87379152,Toshiba,0.223349101,0.295826688,67.79556317,142.1236588,615.629283
09-12-2022,Mobile,14.52557753,Lenovo,0.190242939,0.19079102,188.419012,308.8545089,899.4264756
13-01-2023,Tablet,18.74630707,Acer,0.168252875,0.280643179,193.3990597,350.1439397,993.2289543
30-06-2023,Mobile,23.18085806,Lenovo,0.019950112,0.282403735,160.9262498,284.6814668,870.4660829
05-05-2023,Desktop,17.62526924,HP,0.017491802,0.390286741,124.5498406,89.96299018,594.697348
29-07-2023,Mobile,52.00220545,Lenovo,0.059867467,0.210524138,130.2232109,326.3472012,475.3040321
24-03-2023,Mobile,30.8792616,Samsung,0.223690822,0.244339099,30.36563401,457.4308767,621.7483734
25-09-2022,Tablet,28.10488829,Asus,0.46650576,0.124881982,46.33435304,479.8650851,467.1344618
19-06-2023,Mobile,37.30087707,Dell,0.482967055,0.033933563,152.0947734,293.6605771,384.4960494
24-09-2022,Tablet,50.63908156,Toshiba,0.089972207,0.404790255,109.6192265,58.03917244,831.7962093
29-06-2023,Desktop,2.361063232,Toshiba,0.246347571,0.046079981,46.86671106,294.1702501,179.2987105
11-02-2023,Tablet,7.698591501,Samsung,0.343160814,0.058026407,20.6632167,119.2386436,549.3384672
05-07-2023,Mobile,56.66394663,Acer,0.360626164,0.246550046,27.06735163,254.7549032,720.0073868
22-02-2023,Mobile,37.55537292,Microsoft,0.173763857,0.300454382,126.2160182,456.3768043,719.2247282
05-01-2023,Mobile,45.77785891,Apple,0.424566646,0.056513153,24.53332413,186.2091943,841.2754946
01-10-2022,Mobile,45.65445694,Microsoft,0.172059782,0.131757453,82.48669851,480.7735506,751.1789357
24-04-2023,Mobile,53.97040381,Asus,0.325094652,0.09088882,95.91168563,174.3213269,340.8217943
02-04-2023,Desktop,58.70644161,Lenovo,0.098015402,0.226763943,51.97591362,167.9040597,430.3930093
21-01-2023,Tablet,41.84065767,Lenovo,0.258044007,0.401424028,100.8665659,179.8312069,369.8573906
29-03-2023,Mobile,10.66162498,Lenovo,0.051696072,0.186536593,115.3630311,291.1336572,656.1662342
29-05-2023,Desktop,24.25805364,Dell,0.280987968,0.431044272,107.469113,104.9578341,331.4515776
12-07-2023,Tablet,1.396835455,Apple,0.451447851,0.371295254,146.0459323,108.2965957,367.9442022
05-12-2022,Desktop,25.28257517,Lenovo,0.074797951,0.45670833,86.92828538,291.5992005,838.7963664
15-11-2022,Tablet,55.90650934,Lenovo,0.283040651,0.385510891,154.7764399,420.2698856,148.7145434
17-08-2023,Tablet,34.88922599,Toshiba,0.190074508,0.182570331,52.04655129,59.97424933,237.3240065
10-12-2022,Mobile,34.27822212,HP,0.206366983,0.082042368,38.86577608,471.6058144,724.902078
24-03-2023,Desktop,47.2584289,Apple,0.455514343,0.371344718,173.8095323,239.0330869,939.1711128
31-10-2022,Mobile,41.48301547,Acer,0.152168628,0.499131671,94.30567026,119.9408671,184.0422165
04-05-2023,Desktop,29.24875127,Microsoft,0.167535087,0.045824226,142.8883662,241.7560735,133.9482385
16-05-2023,Desktop,22.00198651,Microsoft,0.112288158,0.239528204,129.9929951,275.1536792,596.0700218
02-12-2022,Tablet,23.67629063,Asus,0.138331326,0.343652306,38.32528341,421.3942729,947.0203186
20-02-2023,Tablet,19.96073393,Apple,0.472524316,0.210583791,40.63207928,111.0401964,659.5803639
25-08-2023,Tablet,31.99632308,Dell,0.194687986,0.237219761,178.3417636,449.7925096,426.2030144
02-11-2022,Mobile,39.68242976,Sony,0.322924224,0.157381825,179.477051,212.8156288,262.8061091
02-07-2023,Tablet,15.71443394,Lenovo,0.120477537,0.013276222,91.26217445,467.3058668,584.4700541
04-06-2023,Desktop,22.02715843,HP,0.246470306,0.463682828,57.92456975,127.8864856,624.9871249
18-07-2023,Mobile,43.90417013,Microsoft,0.414499596,0.160994809,29.40936595,329.3741187,544.6782108
05-12-2022,Mobile,9.891419042,Sony,0.182820802,0.428883657,113.61787,62.55631292,853.0995482
25-01-2023,Desktop,2.452039288,Asus,0.362786409,0.487530973,55.2067587,201.8008536,972.59823
06-12-2022,Mobile,49.99192043,Toshiba,0.289394967,0.375440536,125.1567895,315.8674474,491.239186
06-10-2022,Mobile,15.40510047,Dell,0.101544696,0.229679126,148.8152207,441.1293375,451.2753131
21-06-2023,Mobile,30.40228872,Asus,0.460661559,0.46651336,50.6432237,182.7594022,393.3899517
20-06-2023,Tablet,24.22661448,Lenovo,0.147146985,0.217665033,140.0160072,443.7904855,167.7553909
11-02-2023,Mobile,22.47558648,Dell,0.293700076,0.36228637,95.20477506,488.1028186,969.0708307
12-09-2023,Desktop,13.11173349,Asus,0.210764028,0.368997158,172.2733754,157.4482977,455.0611765
29-01-2023,Tablet,6.069783493,HP,0.019251963,0.04335646,85.98075284,167.1892016,575.5629696
01-05-2023,Desktop,30.80185136,Apple,0.372331396,0.022360869,195.9494766,321.596082,596.2843831
17-04-2023,Mobile,36.18805242,Toshiba,0.313768919,0.227888937,39.205068,403.3373851,157.3478784
30-07-2023,Desktop,54.91637533,Sony,0.229448428,0.465555148,26.67108341,186.695555,543.9720261
04-02-2023,Desktop,45.23249548,Microsoft,0.053577576,0.022341251,108.3786214,303.703215,785.3499033
28-06-2023,Desktop,33.1910751,HP,0.413710701,0.074692585,90.98276822,151.059585,532.1022183
05-05-2023,Desktop,58.44923241,HP,0.128029551,0.320965981,97.72703324,366.8894942,430.5203235
16-07-2023,Tablet,20.04249041,Apple,0.256524029,0.491835255,67.90215779,150.4179114,930.4741885
23-11-2022,Mobile,56.59940301,Apple,0.270592,0.228402523,82.21904426,464.6052985,604.0045724
09-11-2022,Tablet,41.55268084,Dell,0.122225279,0.238493412,58.23355112,430.0273174,650.6630005
20-05-2023,Desktop,36.07208515,Sony,0.260275168,0.31679472,113.759636,496.8102689,203.1184953
25-10-2022,Desktop,28.70350418,HP,0.164027068,0.14147431,29.06176464,137.6961214,892.1490904
30-05-2023,Desktop,19.30233144,Acer,0.340060669,0.077675604,107.7936657,138.9720862,430.2216271
09-04-2023,Tablet,8.088176509,HP,0.273811332,0.064982156,38.95464062,190.9520515,524.1626907
09-06-2023,Desktop,4.793111848,Dell,0.162981328,0.076818953,141.2126829,425.4237269,533.8267121
16-06-2023,Mobile,51.47013245,Apple,0.463486183,0.043371261,192.9453909,231.9848912,499.7144279
15-12-2022,Tablet,31.67529061,Samsung,0.398744457,0.066692364,90.49588636,274.7446623,584.3152133
20-07-2023,Mobile,38.4216806,Asus,0.303822115,0.392230189,195.4469345,135.6135702,918.8110696
28-01-2023,Desktop,54.02865656,Toshiba,0.01534347,0.094841615,190.2933269,368.9677951,901.5960679
12-09-2023,Mobile,36.94394858,Lenovo,0.288115906,0.200516478,59.64284585,142.3203035,274.5127383
29-09-2022,Mobile,45.21650079,Asus,0.360818099,0.308232526,142.9801637,99.79092399,404.1664907
12-07-2023,Mobile,5.387626491,Dell,0.269154666,0.266054104,69.65322242,165.6870578,286.4277989
02-07-2023,Mobile,3.702080617,Toshiba,0.012877585,0.362269085,43.93083455,166.5145158,779.2135789
08-04-2023,Mobile,58.46242555,Toshiba,0.196296966,0.216736743,107.2373178,339.4036833,341.6542776
03-02-2023,Tablet,16.33976684,Acer,0.315500892,0.177688773,101.3170152,78.60916913,967.4779747
31-01-2023,Desktop,5.891569809,Toshiba,0.122921498,0.217759072,27.42793414,96.55483784,734.7705627
28-09-2022,Desktop,44.53399864,Sony,0.365153531,0.388992369,65.43526706,357.5986577,190.4008717
01-01-2023,Tablet,17.42307633,Microsoft,0.391141812,0.482719372,82.58621558,411.0943256,928.8850634
23-01-2023,Tablet,21.1766232,Lenovo,0.472200656,0.42896917,46.74325939,497.1222784,563.0669363
11-01-2023,Desktop,37.94622973,Samsung,0.289363229,0.031467086,151.2428507,367.9006504,629.5329995
01-05-2023,Desktop,42.39250091,Lenovo,0.197498721,0.08783393,21.95233309,182.7181633,914.030574
08-11-2022,Tablet,43.21381812,HP,0.492315813,0.492618469,85.27909491,479.1745482,960.4269176
06-03-2023,Tablet,50.7138919,Toshiba,0.156786004,0.093451406,143.7760247,448.1278823,566.854724
25-03-2023,Tablet,11.62248629,Acer,0.049255722,0.047091588,24.92818529,327.7540276,773.4212267
26-04-2023,Tablet,38.60064954,Dell,0.155783431,0.296736086,137.3382655,166.1194593,598.1833646
20-05-2023,Tablet,51.10480745,Lenovo,0.414884932,0.39053812,185.3367604,84.07304834,239.4583953
17-02-2023,Tablet,53.37765179,Dell,0.027168244,0.083768417,61.37301234,338.1124112,913.5812706
18-07-2023,Tablet,37.61651236,Sony,0.341417061,0.089598831,146.2366746,401.3531124,234.2269367
28-03-2023,Tablet,33.89837445,Microsoft,0.079781741,0.489705654,104.2238489,405.6335807,527.7946645
27-06-2023,Desktop,11.46013743,Lenovo,0.445228443,0.269061972,104.692144,133.409571,792.4648056
03-08-2023,Mobile,30.31412087,Dell,0.249663306,0.429493286,54.36536328,234.0807083,153.4055413
02-05-2023,Desktop,6.572121398,Sony,0.434712139,0.363448143,134.7217559,209.2100674,606.2509785
30-09-2022,Tablet,18.18692634,Acer,0.399782983,0.145129728,108.6681335,288.1406617,348.840014
07-04-2023,Mobile,45.83173137,Sony,0.089100578,0.385995759,134.5900305,186.5898951,371.8438601
31-01-2023,Tablet,57.86538858,Acer,0.469231007,0.438982799,191.1212979,444.7800703,122.4964199
02-06-2023,Tablet,27.28676379,Asus,0.240820374,0.273501293,185.7250904,449.9326421,937.4312822
13-01-2023,Desktop,13.41834004,Sony,0.18022663,0.139108963,138.749171,209.9231166,477.1511439
29-06-2023,Tablet,33.76533694,Lenovo,0.084240708,0.173642228,197.7508685,231.4550631,777.0052459
23-12-2022,Tablet,47.37503582,Samsung,0.057378867,0.489341522,182.0454743,293.6139183,692.3606561
05-02-2023,Desktop,21.46484534,Sony,0.05056457,0.322177093,176.754491,205.9336727,851.5444789
20-02-2023,Desktop,3.157118834,Microsoft,0.392185539,0.299556995,71.78214629,333.5996234,282.3426283
23-01-2023,Desktop,30.25939389,Asus,0.07682899,0.331834751,120.0074597,67.59061559,582.1018675
18-09-2023,Tablet,20.17972858,Samsung,0.153438105,0.242578505,199.2648894,91.67092674,706.0728118
13-03-2023,Tablet,17.21326676,HP,0.13247955,0.147716654,149.9348365,491.0739868,302.8577196
30-09-2022,Desktop,7.05316495,Acer,0.11763415,0.413859469,109.632055,246.9058384,813.0439125
09-04-2023,Desktop,53.3392806,Toshiba,0.189611157,0.162412875,85.44619148,144.7918918,427.3243634
15-01-2023,Desktop,52.67965665,Acer,0.303420887,0.220314722,176.9454452,380.282016,588.5445447
04-07-2023,Tablet,31.22444735,Asus,0.251372059,0.395793341,194.8497,419.6215048,440.0274485
14-05-2023,Mobile,36.44156094,HP,0.332990499,0.085639509,71.31231324,393.0049295,850.7706298
17-06-2023,Mobile,44.25118811,Apple,0.24580601,0.153845907,161.9715021,59.47302557,921.6228336
01-03-2023,Mobile,50.66280931,Sony,0.161203799,0.219587097,39.32907624,445.3166779,966.8035158
29-01-2023,Tablet,5.083298596,HP,0.245693046,0.089302123,149.4543694,239.1076953,724.0279154
21-11-2022,Tablet,28.59900632,Toshiba,0.173024579,0.42112375,90.53662096,407.6063145,148.3817591
15-01-2023,Mobile,54.90862489,Dell,0.127317365,0.467871576,189.864747,447.5678137,436.4779681
19-01-2023,Tablet,30.59550162,Dell,0.116231207,0.422320568,53.01632732,451.7861452,158.5023802
21-08-2023,Tablet,8.348968083,Toshiba,0.019748394,0.042283191,73.28151007,118.962985,649.0385708
18-04-2023,Tablet,19.42402446,Lenovo,0.490663858,0.420928646,47.13188905,259.7498076,565.7405804
28-05-2023,Desktop,54.47848161,Apple,0.027470733,0.416315693,97.15879992,261.0976628,832.854571
16-12-2022,Mobile,2.103755848,Acer,0.133288958,0.116769304,22.98525723,186.2730095,874.0158387
24-04-2023,Tablet,14.29734659,Acer,0.213991334,0.189799161,165.4077435,146.5325283,492.2297718
17-07-2023,Mobile,26.00098367,Lenovo,0.31721524,0.18956488,93.7358856,337.1113414,184.7772694
23-07-2023,Tablet,31.23526471,Toshiba,0.018216423,0.255299159,109.9885164,97.83499312,670.3844642
30-06-2023,Desktop,41.30517743,Acer,0.232758087,0.490971174,80.74306372,188.1229057,972.5114325
31-05-2023,Tablet,59.5984376,Asus,0.106273589,0.051599574,93.36667011,345.1197063,945.5594328
18-09-2023,Tablet,15.66071629,Microsoft,0.181212087,0.453177562,135.4843545,119.5109432,210.4241959
09-08-2023,Tablet,24.57800219,Asus,0.147113374,0.494250302,159.9466473,427.7616015,752.3708773
23-12-2022,Desktop,37.46606648,HP,0.211368327,0.030934163,33.00505324,419.002557,401.8184022
22-05-2023,Desktop,29.71373026,Lenovo,0.14537483,0.022801026,64.14374126,452.2727779,840.8995818
17-12-2022,Desktop,41.03676119,Sony,0.302126206,0.373534223,26.4787523,239.9372624,522.0446038
02-05-2023,Desktop,1.154232544,HP,0.429101796,0.051127386,56.65053794,389.6562778,848.133897
27-10-2022,Desktop,42.52816761,Acer,0.259495989,0.255603149,109.816265,378.5365791,448.0624332
15-11-2022,Tablet,51.88608075,Dell,0.203606029,0.348919895,74.25591256,420.9174855,171.9445827
14-11-2022,Tablet,45.51078117,Asus,0.086352881,0.013339272,155.1035324,110.9989728,715.2141394
10-02-2023,Tablet,2.916228996,Microsoft,0.313227508,0.407259406,120.0800637,310.3782349,473.6178913
03-12-2022,Mobile,29.55750745,Toshiba,0.040644145,0.325848878,126.7510025,396.8691463,954.0413871
21-07-2023,Mobile,55.37601516,Acer,0.423700412,0.314115312,193.3991506,127.71967,632.5539206
10-06-2023,Desktop,38.14156885,Dell,0.450211313,0.034953154,123.1504511,172.2225557,247.9605801
09-12-2022,Desktop,16.69585618,Samsung,0.072480144,0.04545285,162.2225085,177.0711433,831.5147315
10-11-2022,Mobile,12.69844992,Dell,0.388530907,0.162912061,152.9233772,382.2263053,739.1003685
25-07-2023,Desktop,56.87643034,Lenovo,0.068517612,0.492333795,147.522937,188.4851223,499.6144814
20-08-2023,Mobile,15.84017022,Asus,0.340340696,0.234710602,139.9213961,433.1150199,639.5324348
06-04-2023,Tablet,42.177124,Apple,0.020250796,0.462483628,39.99654576,421.4755255,650.3226356
20-12-2022,Desktop,31.5939725,Microsoft,0.359077538,0.179253419,195.2965052,244.6667958,487.4744214
05-07-2023,Desktop,30.05860491,Sony,0.07041377,0.187003428,125.3950021,127.9238612,165.1868351
31-07-2023,Tablet,16.91885972,Asus,0.145702488,0.062225543,71.31055469,72.26500963,269.266254
27-08-2023,Tablet,36.23125026,Asus,0.14002127,0.369336761,30.41834852,318.5034138,515.9236139
16-04-2023,Mobile,23.94996049,Samsung,0.132793044,0.127423792,110.1609747,277.9230688,634.3280483
03-08-2023,Mobile,44.43871371,Apple,0.414315022,0.086844969,25.46427095,250.951941,838.6945097
12-02-2023,Desktop,36.90856364,Toshiba,0.270079925,0.35934886,34.72618099,189.0744477,884.0163438
25-04-2023,Desktop,32.95990632,Dell,0.297446886,0.04398059,155.2098607,458.1453276,551.9579937
24-12-2022,Mobile,55.03762479,Dell,0.418061807,0.033836041,67.01871608,299.3902538,947.7013544
24-01-2023,Mobile,59.08172646,Toshiba,0.108328233,0.26237039,179.9019155,416.8446011,772.7276099
07-03-2023,Tablet,29.68895789,Sony,0.178024872,0.214953226,186.667876,68.96629964,688.5844608
26-05-2023,Desktop,33.87428807,Sony,0.204766361,0.266521974,40.77398125,177.1235949,790.9206748
12-09-2023,Tablet,4.363964801,Microsoft,0.413527282,0.020349389,112.6199327,237.5129164,756.3155268
24-01-2023,Tablet,1.89988987,Sony,0.362597182,0.326929917,166.050816,197.805146,150.4597637
11-01-2023,Tablet,19.87832899,Samsung,0.182527406,0.055951315,194.3649963,201.7632324,988.867738
21-08-2023,Mobile,38.36265671,HP,0.327086941,0.2589923,186.9164792,296.1164928,246.7858215
08-12-2022,Desktop,43.70924172,Microsoft,0.252229399,0.452435977,88.69137746,431.1725556,880.0644277
10-10-2022,Tablet,52.39949067,Apple,0.488060101,0.35842895,44.38676754,437.3446163,581.806267
28-10-2022,Tablet,46.7052087,Sony,0.105713683,0.094912354,197.91177,425.6452683,550.0853547
01-10-2022,Tablet,55.9718375,Sony,0.181332997,0.090034021,82.00840556,224.5300858,429.9961087
17-08-2023,Tablet,55.13910391,Sony,0.252332048,0.216624009,21.88824563,78.35394876,362.8556214
29-04-2023,Desktop,36.46337187,Dell,0.476365674,0.336171341,33.38183751,242.3473255,147.2668766
10-05-2023,Tablet,5.876707442,Asus,0.465170808,0.416557901,165.4322948,419.3383113,356.7444793
01-04-2023,Desktop,46.18320353,Acer,0.015323811,0.22921384,71.12333628,190.9160427,713.6492499
06-01-2023,Tablet,18.03205069,Apple,0.122311226,0.103630269,85.94888288,51.98495555,144.7421825
12-07-2023,Desktop,49.30475698,Dell,0.285139993,0.305817377,186.8432144,247.6009156,767.2443624
17-06-2023,Desktop,21.34362805,Microsoft,0.160504855,0.441240108,147.9603426,443.0884491,293.8192988
15-05-2023,Mobile,8.460895835,Asus,0.356926613,0.200041351,60.60962608,306.8795225,264.2535048
13-02-2023,Mobile,22.85217049,Acer,0.168124292,0.204119773,158.1994135,94.7450834,463.888488
08-12-2022,Tablet,47.98406532,Apple,0.499215941,0.328589045,145.4632267,166.5354477,580.8797675
04-12-2022,Mobile,57.15427721,Toshiba,0.125640199,0.205109505,73.36017048,458.302343,922.5977912
18-04-2023,Desktop,31.87437961,Toshiba,0.111627251,0.095252495,116.0779894,172.3449309,329.0237053
01-11-2022,Mobile,7.608306413,Acer,0.24040818,0.407418441,30.03111703,51.77779029,940.2734362
25-02-2023,Mobile,36.20390076,Samsung,0.444673923,0.058813834,105.2150179,418.6619773,922.7930134
02-11-2022,Desktop,48.25208783,HP,0.075476913,0.2685434,51.65033803,131.5489299,880.5600806
16-08-2023,Mobile,12.95355241,Acer,0.417237126,0.15722854,161.971731,57.88793363,697.1980034
01-10-2022,Tablet,18.92210287,Microsoft,0.394960731,0.274842622,20.93768472,415.3429135,748.7194842
26-12-2022,Mobile,49.20435739,Lenovo,0.311305626,0.391613139,144.3866605,139.5503833,390.6580405
03-08-2023,Desktop,10.81588248,Samsung,0.373218541,0.243445458,76.43628473,200.681399,785.1711648
04-08-2023,Tablet,27.82811866,Microsoft,0.323445032,0.144268432,48.14905185,490.7425206,628.7896947
01-06-2023,Mobile,16.99259063,Dell,0.03564006,0.028935807,184.4012136,74.78966047,814.1016965
01-11-2022,Tablet,21.70149633,Acer,0.267682768,0.405216044,171.2145823,332.3941513,345.0352881
01-08-2023,Desktop,3.920723676,Microsoft,0.48267299,0.190153418,127.5454429,429.5030383,721.4211987
10-07-2023,Mobile,39.56184987,Sony,0.294888713,0.223293516,196.8172057,257.2437512,880.0477141
17-06-2023,Tablet,6.101627722,HP,0.439029807,0.19764333,27.45100248,252.976653,167.7127047
09-11-2022,Desktop,46.44314422,Lenovo,0.078463215,0.323334079,89.26858146,221.6032444,605.7627825
13-02-2023,Desktop,59.96712028,HP,0.103552972,0.160157819,24.45688998,183.7266965,288.9770052
26-09-2022,Tablet,41.24759329,Toshiba,0.254160958,0.315889044,140.595344,154.6895173,685.566844
11-12-2022,Tablet,33.53946876,Dell,0.05768983,0.244599459,70.39944939,67.79694722,605.4554055
17-12-2022,Mobile,30.15999347,Lenovo,0.04563689,0.261187187,88.90329351,94.89555021,410.695461
09-06-2023,Tablet,55.1949676,Sony,0.447823424,0.320252729,145.1568869,177.6451156,977.3819681
01-04-2023,Tablet,49.96321938,Microsoft,0.382939064,0.04048836,36.73287265,395.9820619,224.1777058
03-06-2023,Mobile,20.54873849,Acer,0.288802165,0.162975776,37.71300894,270.8610957,114.228023
13-09-2023,Mobile,22.51934165,Sony,0.095980415,0.296919504,166.8598413,477.1768177,689.2616841
31-12-2022,Tablet,16.505549,Acer,0.238771496,0.130162829,77.10120907,471.5069693,634.0539514
03-07-2023,Mobile,52.5634158,Acer,0.245473401,0.014265503,66.10440245,314.4299721,856.4319468
01-06-2023,Tablet,12.00570173,Dell,0.368616831,0.446512141,127.9635966,360.4393097,534.8698916
11-06-2023,Tablet,2.455315279,Apple,0.016634266,0.194807538,101.4748275,343.908746,621.6483296
09-11-2022,Mobile,8.763780513,Dell,0.058720578,0.336754866,133.1189051,395.42151,616.3833929
27-11-2022,Desktop,12.04790547,Lenovo,0.040979425,0.326453163,154.1243864,392.848576,975.8630519
26-05-2023,Mobile,9.729801396,Lenovo,0.033346618,0.23755811,92.57571329,365.1012362,750.2368783
11-05-2023,Desktop,22.67560321,Dell,0.076359479,0.018981751,199.3451026,457.8027986,757.6100046
19-11-2022,Mobile,1.024905537,Asus,0.163573049,0.088141981,65.24007485,466.6510925,748.1554189
07-07-2023,Mobile,31.53028917,Toshiba,0.07032855,0.275423528,178.1230169,287.4830378,974.7373099
17-07-2023,Tablet,3.4686701,Samsung,0.222607027,0.154264199,105.0371356,329.7256959,588.0840286
22-11-2022,Desktop,4.27263978,Dell,0.388598591,0.238550862,109.8116662,297.7658516,635.2729918
21-12-2022,Tablet,54.72068337,Sony,0.373941582,0.098149592,86.9877487,211.0471827,220.5132782
26-04-2023,Desktop,15.77772095,Toshiba,0.455983405,0.102686307,166.0959958,204.1733843,144.5252428
26-11-2022,Tablet,46.3304653,Apple,0.286576338,0.169608664,63.50793149,104.7710507,770.6997472
29-08-2023,Desktop,42.66439062,Dell,0.389411331,0.39231534,143.1497146,411.3855877,317.923611
08-06-2023,Mobile,13.95695759,Acer,0.412777485,0.013915275,28.16849841,359.8803029,507.8716663
09-09-2023,Tablet,9.585822855,Asus,0.474447144,0.025899004,150.5664359,107.0797256,912.5666781
14-01-2023,Desktop,47.93911921,Microsoft,0.263640908,0.354135564,65.87526967,75.00159248,554.1755183
19-02-2023,Mobile,17.22720387,Microsoft,0.32634317,0.38792151,171.5934872,182.4871951,517.080576
29-04-2023,Mobile,56.57810712,Asus,0.413872658,0.37621109,88.57818768,304.0090366,365.3547523
13-05-2023,Mobile,28.39598384,Apple,0.375334454,0.293137161,118.9246109,435.3586717,576.9386151
14-05-2023,Mobile,51.24219154,Toshiba,0.049260638,0.023957707,168.7126368,206.9865418,789.905228
03-08-2023,Mobile,13.97698875,Apple,0.23265458,0.081157734,119.2218638,133.4313465,154.9383646
18-03-2023,Tablet,28.84637289,Dell,0.23288872,0.115121798,197.2063467,405.3652716,406.9776741
04-04-2023,Mobile,2.855817009,Sony,0.336623906,0.47157501,57.78396415,402.3465706,931.2696496
13-11-2022,Desktop,14.6145104,Dell,0.120851238,0.217988362,158.6822437,437.6524882,695.0837236
18-12-2022,Tablet,13.81199857,Samsung,0.158051514,0.295810173,51.73055586,371.7186725,568.7969422
26-10-2022,Mobile,44.692866,Microsoft,0.104668954,0.179345146,194.9534635,445.9337637,659.636072
12-07-2023,Tablet,47.17607183,Sony,0.44830078,0.095091238,197.1113918,226.10203,137.5288654
04-06-2023,Mobile,35.11405343,Dell,0.171060867,0.399484079,42.72378684,95.1717885,967.5967266
06-02-2023,Desktop,59.6795779,Lenovo,0.154073832,0.023171407,133.7055989,371.7486223,117.7172945
02-05-2023,Tablet,53.66060815,Toshiba,0.206842462,0.32697476,59.60223068,172.0085169,697.3863054
30-12-2022,Mobile,4.193267058,Toshiba,0.059927917,0.358076549,22.84545589,192.9019166,956.6084545
01-03-2023,Mobile,22.01499774,Lenovo,0.30724472,0.294100121,177.9433409,150.6296882,279.2901906
20-04-2023,Mobile,38.2156435,Asus,0.367572872,0.473194129,89.49767052,59.30774804,124.6190233
27-02-2023,Desktop,50.72612618,Asus,0.117670545,0.394825807,68.59397787,485.366972,273.7738565
27-09-2022,Desktop,24.9239846,Apple,0.373354613,0.365143591,57.51446027,89.09173136,678.4894114
14-12-2022,Desktop,48.98950148,Lenovo,0.103144104,0.354975705,124.5981971,299.3177989,299.1420414
31-05-2023,Mobile,30.77348431,Lenovo,0.360943693,0.401395371,177.1852716,422.5931921,367.740242
14-12-2022,Tablet,18.89710103,HP,0.238803517,0.088135165,184.569952,188.0189875,682.6878343
25-08-2023,Mobile,20.95877985,Samsung,0.403084804,0.241688343,110.0756757,377.579504,809.8349104
06-06-2023,Mobile,52.97282321,Toshiba,0.202929867,0.206743623,90.19308089,100.0136024,466.1463685
18-05-2023,Desktop,38.71591515,Lenovo,0.061306822,0.261028058,70.74763457,419.206054,497.6300974
24-06-2023,Tablet,46.10188553,Lenovo,0.308695664,0.206679278,82.4811136,119.1326086,257.0574528
30-03-2023,Desktop,23.65356983,Asus,0.229138948,0.213835083,46.29128738,149.2768985,910.9443642
22-02-2023,Desktop,49.73012178,Dell,0.202724774,0.498765093,134.7819811,72.1240765,575.7596097
05-02-2023,Mobile,52.52326368,Samsung,0.310017872,0.462529321,148.5304556,160.9290279,218.7082335
26-06-2023,Tablet,23.43496868,Microsoft,0.071172209,0.266839292,185.7375225,170.6766948,551.3998249
07-01-2023,Desktop,31.71890229,Dell,0.195928791,0.069960017,136.3177111,138.9343983,820.2754802
31-08-2023,Tablet,39.80006252,Dell,0.415950288,0.323433063,78.37459693,195.3328869,400.793334
29-12-2022,Mobile,10.30103288,Samsung,0.023569437,0.046447358,20.86620824,132.3997341,883.9773617
29-01-2023,Tablet,59.90242397,HP,0.447998549,0.415613044,176.8435003,169.2553142,776.2466427
24-10-2022,Tablet,20.60280979,Dell,0.131957537,0.417170512,144.8025365,65.40167818,994.5733291
24-12-2022,Tablet,23.33110248,Apple,0.021620595,0.107498917,75.50956235,318.5435761,795.3616433
08-10-2022,Tablet,20.2689495,Lenovo,0.451898995,0.353219043,22.26660117,285.2985227,224.367913
24-08-2023,Desktop,45.0085375,Samsung,0.340882934,0.050014894,34.62493115,309.0734851,123.0978502
03-10-2022,Mobile,27.18978565,Toshiba,0.410898824,0.031915193,196.1860704,385.9885479,512.0985047
13-12-2022,Tablet,32.93588393,Samsung,0.057198895,0.336008397,71.30064659,421.5170559,142.4956207
28-11-2022,Mobile,46.30041013,Samsung,0.341388893,0.309904882,128.8207914,414.0676407,507.0054286
24-06-2023,Desktop,14.20933769,Apple,0.040319,0.062925769,102.6046414,457.3804622,396.8865706
18-08-2023,Tablet,18.82683416,Microsoft,0.193438792,0.491415138,58.65581656,370.4413142,538.585649
05-02-2023,Mobile,51.37873208,Asus,0.05651319,0.225106097,136.5061389,100.6559343,388.79467
13-09-2023,Desktop,37.14054119,Samsung,0.241923861,0.079291368,56.78365728,434.1690937,428.9762554
20-07-2023,Mobile,35.98400951,HP,0.357643246,0.449487143,184.9876206,337.2236787,748.3816939
03-05-2023,Desktop,24.2695485,Microsoft,0.454705749,0.308609533,145.0427595,493.9627021,263.1672518
08-12-2022,Desktop,38.85200195,Sony,0.37965397,0.411225089,35.38720742,381.6281446,123.7568768
23-02-2023,Tablet,1.805624252,Microsoft,0.374811536,0.063224902,71.86809296,218.9768953,126.2305164
17-10-2022,Tablet,4.963007662,Toshiba,0.126705482,0.429746464,40.04609551,180.9635386,124.521425
20-09-2023,Desktop,45.77918001,Samsung,0.118286494,0.35741971,109.568568,110.3849636,531.0625839
29-04-2023,Tablet,50.75583081,Dell,0.207196222,0.187515192,180.2099546,448.8803997,859.9857474
14-03-2023,Desktop,13.67987423,Lenovo,0.239963203,0.09155063,21.34829947,326.5782653,847.1198271
25-10-2022,Tablet,44.00871463,Sony,0.326176969,0.170622717,111.1772771,344.0045791,752.5349598
13-03-2023,Desktop,27.95584337,HP,0.180348824,0.129983727,148.4119608,243.1620972,600.8666983
27-06-2023,Desktop,54.60650177,Sony,0.104029217,0.207066184,153.0377001,469.1022082,504.2932756
30-07-2023,Mobile,9.985916,Apple,0.17869161,0.227838111,185.4121335,221.9334795,416.4802502
19-06-2023,Tablet,30.93055551,Asus,0.011046276,0.341294703,75.19583175,389.4962939,516.8761415
05-04-2023,Tablet,37.04136749,Asus,0.094378667,0.223022772,26.01199573,398.1396943,621.9300096
15-10-2022,Mobile,9.337768243,Microsoft,0.013687969,0.410621704,144.9949345,284.6843521,127.7697811
30-05-2023,Desktop,37.89336279,Microsoft,0.409614891,0.20568076,67.4159242,413.6824708,735.1368779
09-05-2023,Desktop,49.10641092,HP,0.4539106,0.343944547,93.39942433,184.2050031,183.2765791
13-05-2023,Mobile,23.53068419,Samsung,0.280848924,0.090843174,66.98970667,274.1702281,444.9212716
20-12-2022,Tablet,9.117867814,Sony,0.161501255,0.181780868,41.59100438,291.0883826,815.5830362
03-06-2023,Mobile,15.65871074,Toshiba,0.276977394,0.073652405,32.1555332,439.3851174,114.5797666
18-03-2023,Tablet,32.73276658,Samsung,0.353400148,0.015020507,134.0587512,89.81580968,816.2974014
07-01-2023,Mobile,23.54391333,Apple,0.127991528,0.335501926,140.3401986,169.4364401,699.8676767
19-03-2023,Mobile,28.87170133,Dell,0.28105424,0.059109487,121.5746271,271.5367146,465.0954967
27-01-2023,Desktop,15.37596106,Lenovo,0.20154506,0.270529693,101.4340725,402.117477,913.5286097
11-11-2022,Mobile,38.15013747,Acer,0.485762471,0.187351925,97.62108411,417.6271252,228.1136943
01-09-2023,Tablet,10.20642518,Acer,0.287836103,0.099776587,145.2339438,268.0423789,178.8999322
27-10-2022,Tablet,13.13252844,Lenovo,0.259169079,0.230432911,127.4495866,282.2182004,587.5232601
18-01-2023,Desktop,9.214050216,Microsoft,0.164663891,0.054887248,88.17285719,497.1486842,726.753738
09-04-2023,Tablet,53.74040714,Sony,0.117911629,0.48196017,167.9350247,444.155868,913.3468223
02-10-2022,Mobile,39.75455385,Toshiba,0.114736293,0.1682896,132.2973583,380.6739244,634.0738458
15-12-2022,Mobile,3.816026176,Acer,0.256581857,0.131230268,72.52779628,392.6418381,990.4258386
13-10-2022,Tablet,59.32598591,Acer,0.372258201,0.464571049,104.979682,147.4536338,108.7761014
24-11-2022,Desktop,27.62659016,Lenovo,0.450986738,0.490845797,48.07703133,112.9520402,490.643096
23-06-2023,Tablet,42.54205115,Lenovo,0.415171656,0.035308506,160.0283178,55.27202675,766.8866556
23-04-2023,Mobile,24.66856908,Samsung,0.151203744,0.02616564,138.3225568,410.1880659,340.3060705
23-10-2022,Tablet,21.89628926,Toshiba,0.109756961,0.104359842,29.26755471,413.1639795,591.6981726
21-10-2022,Tablet,49.27782827,Apple,0.043168794,0.225796741,23.17927977,299.5820473,455.1080433
23-09-2022,Tablet,20.51818012,Toshiba,0.241901454,0.438453411,104.3064663,496.4945315,786.4113083
14-12-2022,Tablet,37.32388633,Asus,0.287417485,0.404115759,23.84671638,88.244437,266.7916176
26-01-2023,Mobile,25.78589394,Microsoft,0.368707868,0.299235714,82.08789384,248.9960338,107.1605939
09-08-2023,Desktop,58.08774703,Toshiba,0.431566079,0.077225105,145.1432968,189.0113086,294.09996
16-02-2023,Desktop,36.90606498,Samsung,0.112595868,0.054781105,113.9396967,70.94813921,190.2746276
16-08-2023,Mobile,23.76893996,Lenovo,0.254153166,0.437215594,58.02757922,413.3214464,353.3108759
12-03-2023,Tablet,6.72277611,Samsung,0.350330936,0.232782208,38.89322188,485.3428847,168.5605735
17-03-2023,Desktop,25.52568329,Microsoft,0.419337668,0.034240893,20.95180937,219.6433937,450.3507069
24-03-2023,Desktop,5.972376648,Samsung,0.137770641,0.25779001,89.89567579,180.9291906,342.0471029
10-12-2022,Desktop,28.53336791,Acer,0.133382682,0.409711677,177.0949637,142.4233849,167.887546
09-12-2022,Desktop,57.76115016,Apple,0.210281152,0.044216212,176.8486318,102.3401474,846.7496366
17-07-2023,Desktop,41.36807638,Acer,0.101162129,0.242025746,55.64123711,296.5910186,932.2760566
18-05-2023,Tablet,1.939560215,Asus,0.133434807,0.423837032,120.7461638,311.2340488,237.0450834
29-03-2023,Tablet,17.01933221,Microsoft,0.174909383,0.185565367,189.4871067,279.5770482,908.0684635
06-08-2023,Desktop,50.11762153,Lenovo,0.032023493,0.130553349,176.9125856,302.9287151,358.4056402
07-03-2023,Tablet,45.66358874,Apple,0.030065241,0.21748996,85.12253508,299.045457,278.5943191
14-09-2023,Desktop,39.58254607,Dell,0.415894641,0.373627127,90.60648404,234.7183314,630.3092659
24-04-2023,Desktop,35.30978674,Apple,0.39956896,0.464792679,151.3814876,412.8658781,908.8275894
29-11-2022,Mobile,4.6541916,Asus,0.237644137,0.380850916,36.02934995,149.9245035,367.3636704
26-09-2022,Mobile,20.54371513,HP,0.059634688,0.423762924,116.578351,350.0160296,710.6478394
22-01-2023,Desktop,33.48895239,Dell,0.21558627,0.13762626,145.0844895,129.553879,472.2194763
09-09-2023,Desktop,35.47449674,Microsoft,0.395778938,0.273443118,171.8049301,203.6181041,674.2485779
03-07-2023,Desktop,33.09088619,HP,0.051677903,0.219604486,24.32751759,499.9064908,136.1825282
17-09-2023,Mobile,53.22481358,Dell,0.429794567,0.147912531,140.0023231,86.62203163,948.784358
27-10-2022,Mobile,38.18921542,Dell,0.439091665,0.042109644,84.34603269,146.3040287,695.5755478
28-04-2023,Desktop,53.87864045,HP,0.373606104,0.399443128,189.3609641,291.2224728,294.7558418
05-09-2023,Tablet,20.42207307,Sony,0.37145393,0.166960074,39.28636282,60.42093386,354.6243308
13-04-2023,Tablet,23.90401516,Apple,0.147738571,0.126598599,172.5352991,246.1403004,969.5688146
29-08-2023,Desktop,45.94098938,Apple,0.036629836,0.017611482,58.39502814,329.4290794,514.1031478
08-02-2023,Desktop,4.045038916,Toshiba,0.061393223,0.457116987,185.780483,322.717839,300.3268096
29-05-2023,Tablet,31.7812727,Sony,0.267923986,0.034646478,171.9956834,463.1989433,149.5913259
06-07-2023,Mobile,47.19735949,Toshiba,0.450193136,0.355275809,101.0128209,53.99380833,233.9409591
10-01-2023,Mobile,31.70391001,Acer,0.340103106,0.209656243,92.19449618,282.2220708,193.4970648
31-08-2023,Desktop,11.56999813,HP,0.014928965,0.024746924,108.4755969,448.5604689,428.1917561
22-11-2022,Mobile,1.995161483,Sony,0.180155286,0.416273458,55.82176448,311.0523745,316.3853047
30-03-2023,Desktop,36.84577532,Dell,0.368928945,0.449053881,87.24746344,114.13376,922.2759726
31-03-2023,Tablet,10.94693886,HP,0.367244123,0.402869006,152.4519565,315.3161395,954.6494133
25-10-2022,Desktop,42.93017262,Toshiba,0.069356637,0.394342087,127.4854134,214.1448065,815.347584
02-03-2023,Tablet,27.653337,Apple,0.288775037,0.423578688,143.0502526,257.6351137,711.4907249
01-05-2023,Desktop,12.78884081,Asus,0.11748116,0.407911612,114.2245594,165.6997735,399.4753969
15-07-2023,Mobile,48.9177731,Apple,0.387570152,0.472387716,69.11860258,147.9668944,206.8833092
17-08-2023,Mobile,30.18059996,Toshiba,0.100953429,0.154666249,62.55966284,404.224252,714.9188869
27-01-2023,Mobile,18.84740425,Dell,0.421680405,0.157519942,24.05306464,55.5098024,126.3139618
20-08-2023,Desktop,11.02732597,Toshiba,0.179232468,0.328983128,69.92959747,245.1922708,441.6839478
27-06-2023,Desktop,39.19214529,Sony,0.201468888,0.051400538,127.5368616,372.6204831,654.2265301
06-11-2022,Desktop,33.10192262,Microsoft,0.127264673,0.323202735,129.3132265,119.3145512,945.6181284
23-06-2023,Tablet,23.64624204,Dell,0.275035284,0.106078919,163.1092611,271.2912666,302.9526706
17-03-2023,Mobile,54.90119343,Dell,0.037955646,0.463183638,28.85317985,452.1038783,303.5088901
21-03-2023,Mobile,41.94306751,Apple,0.350876077,0.185996716,26.98182743,374.3198465,862.4204514
01-10-2022,Tablet,56.77697317,Acer,0.218921268,0.120195501,107.8673838,498.7317875,457.5762869
24-10-2022,Mobile,38.14199007,HP,0.148445409,0.227681326,64.5641231,86.78679844,180.087284
14-11-2022,Mobile,54.25746463,Dell,0.388876632,0.117218033,109.796065,265.03347,361.0295816
23-01-2023,Desktop,36.52394995,Dell,0.210211954,0.013472967,61.52798582,483.2130631,863.2818331
19-12-2022,Tablet,38.60244036,Apple,0.333913039,0.070062422,182.8301665,475.5179374,926.6240488
07-12-2022,Mobile,54.25851517,HP,0.02872672,0.450577909,120.2346743,72.35661613,627.3159951
13-07-2023,Mobile,49.98293351,Lenovo,0.166870472,0.418730062,40.67752231,399.009808,409.8280275
14-03-2023,Desktop,55.61648635,Toshiba,0.201067098,0.320086521,78.37237839,221.2676795,731.0334716
27-05-2023,Mobile,59.9080922,Microsoft,0.401043373,0.014889414,175.1010279,458.598406,533.9732659
29-04-2023,Mobile,2.969871641,Asus,0.473564094,0.135403855,47.43447034,355.5534494,788.4994768
16-07-2023,Mobile,49.95931313,Asus,0.248932493,0.307470764,198.8597535,113.5737124,535.5894023
06-10-2022,Tablet,16.01225911,Lenovo,0.472039538,0.27351297,133.6397779,405.292496,777.6020749
12-12-2022,Desktop,14.94813168,Microsoft,0.339950054,0.127472179,82.24592169,310.1480095,959.678347
28-03-2023,Desktop,47.97083165,Dell,0.284048445,0.372124071,71.88127112,171.8529538,280.4063922
23-05-2023,Desktop,18.05633453,Samsung,0.263849398,0.394442441,152.3289621,204.623821,232.0910922
19-08-2023,Mobile,4.660588162,Sony,0.048420551,0.21818446,45.28402702,413.103076,145.7528561
18-08-2023,Mobile,7.040414442,Samsung,0.209204438,0.089913543,82.87818547,140.1066014,972.9921063
23-08-2023,Mobile,54.49554104,HP,0.064591739,0.227552668,40.58085606,295.6338005,592.9736917
17-09-2023,Desktop,42.08335826,Acer,0.330631705,0.208510753,60.34032045,407.1519077,752.4941088
27-09-2022,Desktop,31.60648346,Samsung,0.470951491,0.28174998,167.1536362,293.6067435,598.830609
29-08-2023,Desktop,58.11895615,Lenovo,0.016057604,0.28568793,62.51658855,138.9941127,885.4977089
25-03-2023,Mobile,10.25642272,Acer,0.325287151,0.133744848,132.1793054,259.1600606,520.0883182
28-01-2023,Desktop,32.99198503,Acer,0.141976026,0.426986608,46.36718813,319.7818207,967.5295707
24-07-2023,Tablet,32.65940923,Samsung,0.428214669,0.356017583,30.4507255,196.9753645,623.2635067
14-02-2023,Desktop,3.606957938,Dell,0.489086904,0.233944842,101.2890724,68.10375568,483.2879778
12-12-2022,Tablet,33.31257991,Sony,0.186583701,0.101573971,195.0633029,447.9254584,995.7747881
09-01-2023,Mobile,18.92699855,Asus,0.423683477,0.202234474,98.25681852,350.095451,749.5428473
19-04-2023,Tablet,52.1163949,Lenovo,0.17155401,0.419609441,138.7241694,427.8674978,632.815769
23-12-2022,Desktop,20.23202365,Toshiba,0.175095279,0.085385354,137.5911359,274.4146036,649.5031416
13-08-2023,Tablet,51.9923025,Asus,0.196161074,0.241726916,25.13948234,486.5860017,811.0687118
02-09-2023,Desktop,46.4778028,Sony,0.0854142,0.028102344,116.8482292,308.761579,382.629231
30-01-2023,Tablet,16.87961897,Toshiba,0.010009141,0.42541397,92.63108591,204.7454781,876.0486887
31-07-2023,Tablet,45.49879,HP,0.428311443,0.498645521,101.2540366,297.0745176,978.197319
22-03-2023,Tablet,52.82544545,HP,0.384523234,0.467034873,26.87084745,50.86781608,765.6790795
12-07-2023,Desktop,59.42316615,Acer,0.497523241,0.059885138,76.22923217,228.5567085,576.984014
22-06-2023,Tablet,57.56514665,Lenovo,0.167256839,0.359231545,183.8599733,103.0064763,133.700347
22-07-2023,Desktop,2.86225033,HP,0.392261217,0.450899298,161.1694083,456.786426,146.4367546
27-02-2023,Mobile,39.41888407,Asus,0.332682505,0.449259533,87.26769746,390.7536127,235.6329634
28-04-2023,Desktop,16.49614289,Acer,0.362693574,0.476555319,22.13962913,403.2065365,329.0757043
12-07-2023,Mobile,39.59844756,Acer,0.167786184,0.359696688,101.7567061,216.7468743,933.0187681
12-02-2023,Mobile,47.42408565,Sony,0.2702597,0.218913516,193.7034778,177.3865213,759.8506113
08-05-2023,Desktop,55.63738364,Acer,0.23581108,0.155528601,35.77045884,147.8737146,594.5864354
23-04-2023,Tablet,59.81982022,Acer,0.198775535,0.348689834,181.7279889,463.3852171,183.9898813
05-06-2023,Mobile,22.14110581,Apple,0.264877268,0.465552979,68.66224528,246.6054955,412.2437097
21-01-2023,Tablet,58.88860223,Asus,0.41130976,0.270443847,118.3034386,268.1827978,199.2639192
15-11-2022,Mobile,40.7926042,Acer,0.352593742,0.13178026,126.9354227,104.209231,603.4779636
27-02-2023,Desktop,19.55169983,Asus,0.425880981,0.400407545,106.226219,372.9248083,983.6959309
19-12-2022,Tablet,16.56341961,HP,0.19687448,0.073774683,31.8734653,343.8157466,676.3343787
31-01-2023,Tablet,52.58358123,Acer,0.151835742,0.027501174,114.3096708,134.8190288,647.8094111
05-06-2023,Mobile,12.43879376,Sony,0.013210565,0.092507197,104.606608,356.6792365,460.8643821
02-12-2022,Mobile,20.33628144,Lenovo,0.066596802,0.130338176,57.17772182,121.4001395,601.6161146
07-11-2022,Mobile,50.14144951,Lenovo,0.135166844,0.42966499,104.2801901,239.9484915,557.0131244
27-12-2022,Tablet,38.74463642,Sony,0.26741736,0.467896387,176.8343262,169.8103551,888.525016
29-05-2023,Tablet,56.33418909,Lenovo,0.051826187,0.464058094,166.6114828,356.1037086,551.8872212
17-01-2023,Desktop,54.72253195,Samsung,0.324239673,0.145883908,194.9286628,221.7339884,136.860515
18-01-2023,Mobile,49.92502718,Dell,0.383411768,0.049292239,181.9827213,420.7169716,419.6285849
29-10-2022,Desktop,5.85643842,Dell,0.037929581,0.425951158,164.8931339,382.497321,824.6699943
10-12-2022,Tablet,8.09469142,Lenovo,0.264348793,0.315797966,111.9164426,118.7902637,567.0456525
08-01-2023,Mobile,10.7627699,Acer,0.290241357,0.017511845,109.695094,319.5251508,873.5736396
20-10-2022,Tablet,32.33659271,Lenovo,0.491176043,0.477022812,153.3858607,294.7804963,795.759993
30-11-2022,Tablet,2.051120033,Samsung,0.420317067,0.309791585,181.0369678,464.1892607,501.4891544
14-05-2023,Mobile,17.98725968,Acer,0.456097557,0.247816752,100.4402327,103.2031376,538.9717334
03-08-2023,Mobile,22.35163025,Lenovo,0.467847587,0.31079831,190.5301166,167.6981176,670.3763527
04-08-2023,Tablet,41.06664928,Toshiba,0.285330613,0.485163705,189.3144353,343.2007283,187.4414739
25-11-2022,Desktop,42.97273947,Microsoft,0.287533767,0.151239694,178.4408728,199.9013652,857.1007091
27-03-2023,Mobile,57.15629946,Microsoft,0.066749103,0.251469847,162.5327042,406.7701058,969.395613
01-12-2022,Desktop,56.92243379,Lenovo,0.397436542,0.339344937,163.6946181,332.8476374,283.5092946
02-01-2023,Desktop,5.111451898,Microsoft,0.369962593,0.177011809,75.04308086,358.9185772,595.4668999
24-05-2023,Mobile,41.65772905,Microsoft,0.029717864,0.444646157,156.9211531,120.3313838,902.1036416
26-07-2023,Mobile,19.98952968,Sony,0.441826822,0.063735801,131.4487002,329.2502641,156.8740067
18-05-2023,Desktop,10.11060331,Apple,0.019004719,0.08681441,74.49501747,347.4359699,891.7653984
25-11-2022,Mobile,55.74989706,Acer,0.113876055,0.150930706,28.65777987,444.7525044,602.6483911
15-01-2023,Desktop,51.79850746,HP,0.04239148,0.150221963,42.32487947,213.6552851,221.8201073
20-07-2023,Mobile,38.21079759,Samsung,0.184549901,0.343533827,165.1340433,376.2690068,551.4305536
06-03-2023,Mobile,53.29877923,Toshiba,0.148137916,0.158211905,188.7098044,360.657569,861.8562155
05-02-2023,Tablet,24.79038984,Samsung,0.18520937,0.420855447,114.9075682,305.4552283,661.2355885
31-03-2023,Desktop,41.36564952,Asus,0.252045618,0.160003167,168.4920077,366.4787697,808.3475832
01-12-2022,Desktop,30.75662266,Microsoft,0.338158099,0.144870355,52.83739323,102.4530649,675.8668112
22-09-2023,Mobile,24.44656538,Acer,0.043213981,0.167114054,66.86059083,470.4929607,722.2852834
27-11-2022,Tablet,58.29691901,Toshiba,0.288391274,0.12589638,132.326371,413.0985174,790.2306732
05-03-2023,Mobile,51.99244337,Samsung,0.033937887,0.499355791,156.4665626,72.58598868,748.1757434
18-10-2022,Desktop,22.01405662,Asus,0.152896369,0.259272896,185.6037806,360.6524473,274.2193511
12-09-2023,Desktop,22.46645114,Lenovo,0.275233453,0.396470685,89.92055034,391.3811918,300.6405805
03-02-2023,Mobile,43.72556471,Acer,0.139953176,0.432214227,196.0003603,449.0682848,969.4052782
30-01-2023,Desktop,57.82086676,Toshiba,0.057675195,0.322167467,73.88011976,476.6871667,119.0578383
19-03-2023,Tablet,9.652546234,Acer,0.083833633,0.085395073,194.5726183,96.41112839,179.6043337
16-11-2022,Tablet,25.26108735,Acer,0.480357932,0.324003327,33.06498037,76.79684879,577.3788548
08-08-2023,Tablet,24.02496552,Apple,0.184539289,0.197364881,138.6726261,173.3195323,383.8047319
05-08-2023,Desktop,31.16255809,Acer,0.254631807,0.308740532,176.4834533,390.9220896,456.0071174
25-06-2023,Tablet,10.77401821,Samsung,0.275148834,0.156140386,141.7968032,249.073792,557.7171901
11-05-2023,Tablet,38.9155645,Asus,0.153386281,0.439839455,197.7328129,254.866892,179.2990696
15-08-2023,Desktop,33.46262434,HP,0.345984113,0.405279544,124.5853561,260.0495515,777.2550878
20-06-2023,Mobile,21.90612809,Acer,0.247402276,0.188175287,198.4180059,263.0500458,491.2649839
30-06-2023,Tablet,37.89297535,Asus,0.156374053,0.426771021,115.1643502,399.4861819,838.6689949
24-05-2023,Tablet,14.44907665,Asus,0.376315777,0.205825009,108.0104924,111.2171737,764.2243271
15-02-2023,Tablet,46.96972316,Toshiba,0.076526318,0.307754533,67.02051265,308.7111022,615.8067813
10-07-2023,Mobile,48.75283823,Toshiba,0.450046806,0.470407494,152.1863106,65.91365568,928.7684055
09-07-2023,Tablet,49.28070441,HP,0.182413511,0.498054057,145.3921079,174.7035769,984.6009113
10-02-2023,Mobile,57.15249792,Dell,0.138932846,0.486449191,24.09533304,350.9943369,460.8989985
19-07-2023,Mobile,29.87102771,Acer,0.05403444,0.097534385,179.4073487,98.60150847,106.4091385
18-12-2022,Tablet,58.64500001,Lenovo,0.40902459,0.425631949,184.060117,178.1953694,983.891495
20-12-2022,Tablet,28.62754535,Toshiba,0.10382812,0.449899473,158.5578975,448.4864745,908.0996557
06-02-2023,Tablet,35.19908484,Apple,0.488272525,0.321389039,135.5260369,355.2990814,981.0555134
20-05-2023,Desktop,59.90791738,Microsoft,0.117735913,0.202285045,189.9896186,112.4195911,317.5688073
25-12-2022,Desktop,8.37449906,Asus,0.092305173,0.269690166,67.01944217,190.8367849,627.9752027
05-09-2023,Mobile,6.886829335,Asus,0.249268384,0.332073057,78.05053047,327.5828725,270.4764901
30-03-2023,Desktop,48.48419845,Dell,0.404688815,0.125801996,67.20798012,256.7032221,574.765326
26-10-2022,Desktop,14.11108647,HP,0.23305367,0.39587142,91.7642352,346.0765636,359.370446
07-09-2023,Tablet,20.63697134,Samsung,0.438539434,0.011516374,199.8275968,389.5671779,417.8731421
09-05-2023,Tablet,4.74514697,Sony,0.414805364,0.136313326,199.9187241,187.9961779,604.9968286
16-04-2023,Desktop,6.290863576,Toshiba,0.100421603,0.384551445,159.1889401,256.6490199,935.3268033
14-05-2023,Desktop,28.41618182,HP,0.16500577,0.06139537,94.57247747,398.8682603,741.3222688
01-06-2023,Mobile,7.511426098,HP,0.164697185,0.273608651,25.98589167,453.8274174,285.9538642
09-01-2023,Mobile,34.44685711,Apple,0.37419105,0.114265967,108.9982335,385.6367273,245.4685316
20-06-2023,Desktop,45.37938914,Apple,0.41356744,0.138224669,153.2904917,400.4537106,844.3916376
02-12-2022,Mobile,38.52447989,Samsung,0.262513621,0.01766815,145.8209119,247.85158,815.4128113
27-06-2023,Desktop,9.559128613,Asus,0.454780303,0.178055034,61.19583218,151.2514843,600.4416006
01-11-2022,Tablet,31.31130542,Asus,0.341133736,0.47374229,181.0354838,335.6382667,903.6858517
28-04-2023,Mobile,23.95454167,Microsoft,0.410900426,0.190817277,143.7128502,485.2346782,185.0171718
28-03-2023,Mobile,58.44661556,Apple,0.499737052,0.052196438,166.1053119,175.1167624,784.2622252
29-07-2023,Tablet,18.30933745,Apple,0.092479846,0.010649151,32.67167927,477.3414707,288.3598232
16-01-2023,Tablet,18.50886408,Dell,0.492001821,0.369007583,104.3151082,81.12319541,764.5386876
27-06-2023,Desktop,59.61729258,Lenovo,0.226562526,0.080297775,21.20568712,397.9325705,289.6726674
03-12-2022,Tablet,14.62178494,Microsoft,0.314173617,0.222130823,104.7824315,235.2706591,491.3879279
10-04-2023,Mobile,33.99521031,Lenovo,0.442052035,0.101536403,148.2248085,422.4376837,660.0083701
05-01-2023,Mobile,3.500850025,Asus,0.134772518,0.436473518,93.42125121,123.5632774,451.7128459
21-04-2023,Mobile,2.233503448,Asus,0.021610862,0.444380242,128.262787,252.4745947,865.4206761
29-04-2023,Desktop,21.62865904,Asus,0.249928424,0.192937046,57.05692174,423.453274,801.0955936
31-01-2023,Tablet,22.95608036,Apple,0.446959734,0.230738849,94.32582501,238.4728917,960.1391368
10-03-2023,Tablet,35.09296182,Apple,0.305803789,0.141200081,149.1831787,447.9475088,174.2387767
05-02-2023,Tablet,26.75141182,Lenovo,0.446814345,0.166500694,92.11008126,472.1523188,187.898353
01-07-2023,Desktop,58.18277055,Dell,0.402169296,0.021817071,83.12938558,223.1311321,218.1931659
20-11-2022,Desktop,52.82575927,Dell,0.270395533,0.286583216,94.20417222,444.2803752,321.4578335
21-09-2023,Desktop,29.46799434,Toshiba,0.119737642,0.198625936,59.32825221,87.60118097,551.7646852
02-09-2023,Mobile,11.60874055,Asus,0.293933103,0.365774375,106.6751419,289.5055237,213.5292499
28-08-2023,Desktop,41.38018485,Toshiba,0.064735626,0.405497468,128.4321886,329.5974718,354.3292994
04-06-2023,Mobile,8.410324035,Apple,0.18466191,0.110627834,72.21704949,488.0186525,381.423373
25-01-2023,Tablet,28.80854636,Toshiba,0.395175917,0.323273196,132.425402,151.783733,631.0358862
08-10-2022,Tablet,47.82566324,Apple,0.288545228,0.015906029,108.8821776,476.5725331,372.6790011
16-04-2023,Tablet,14.6067821,Toshiba,0.030322185,0.050076602,109.0109049,196.801194,430.7593594
22-05-2023,Tablet,12.90543125,Sony,0.415282544,0.446513408,135.9562076,369.6463286,800.6196213
07-09-2023,Desktop,16.9811293,Apple,0.251588844,0.371322865,176.9350447,460.257005,199.7421826
15-02-2023,Tablet,12.9181915,Toshiba,0.184754284,0.450642616,112.5415042,168.8077055,957.7434308
07-04-2023,Desktop,17.42316666,HP,0.466871156,0.33359765,125.3203713,360.6552956,936.6219654
28-08-2023,Tablet,9.754021623,Microsoft,0.147781464,0.420542216,116.8016585,480.3772334,951.6722966
31-10-2022,Mobile,55.28397157,Toshiba,0.258601622,0.314684417,21.2001797,495.376329,207.2786291
30-10-2022,Desktop,13.7075358,Dell,0.057169296,0.31703693,189.9884383,346.3426332,279.6294324
01-03-2023,Tablet,31.72309561,Asus,0.381282002,0.432240744,100.6836808,360.7576541,721.0384272
29-03-2023,Desktop,18.36475312,Dell,0.055719736,0.36217822,42.35252513,397.4393621,222.0256062
05-12-2022,Desktop,24.73287644,Dell,0.21530156,0.111555331,147.4646682,456.2013303,827.6872966
29-06-2023,Tablet,57.38647658,Sony,0.241677384,0.029971536,28.19418201,395.1645123,460.3835515
15-10-2022,Desktop,30.34704203,Samsung,0.35083041,0.363713155,20.26359017,183.6700855,365.9139467
21-08-2023,Tablet,42.0797368,Microsoft,0.156726836,0.136769836,64.28541994,126.9236072,891.8060957
22-03-2023,Mobile,49.27329163,Apple,0.097376115,0.390256032,135.1091451,381.7561005,609.4115928
08-06-2023,Mobile,2.996691446,Apple,0.181808039,0.401766111,142.0098162,58.48623751,231.2822965
27-09-2022,Mobile,31.82081996,Samsung,0.283227617,0.183474196,146.228659,402.5348444,859.9268796
14-07-2023,Tablet,33.8140656,Toshiba,0.051714848,0.139082902,143.3703178,155.254518,245.9199899
13-09-2023,Mobile,16.0658541,Sony,0.059179001,0.105808806,184.5673001,421.5715687,745.9688402
20-10-2022,Desktop,46.0013532,Asus,0.029151102,0.47289333,112.3082445,454.1381332,977.0838413
04-05-2023,Tablet,50.16849363,Acer,0.243207919,0.10768175,70.76910317,476.0161256,727.7088161
07-02-2023,Tablet,28.6732413,Asus,0.25712554,0.25607777,173.4892215,219.1237001,266.1327631
18-02-2023,Desktop,2.544440922,Samsung,0.202730629,0.191791523,39.7635222,302.2187131,831.125468
14-04-2023,Tablet,51.51105699,Acer,0.425616456,0.39090074,48.02829798,290.1589891,817.5765677
17-03-2023,Desktop,56.09112769,HP,0.13266241,0.371494746,57.75289853,421.1226335,488.1502655
11-02-2023,Tablet,17.86285504,HP,0.473127507,0.131848068,75.18934821,341.2549344,556.6489462
02-12-2022,Desktop,1.814764498,Samsung,0.297658631,0.172155183,31.60902199,337.9442153,159.7350806
23-03-2023,Desktop,2.931666073,Asus,0.278187814,0.3866845,33.39156122,320.0456665,692.5378746
04-03-2023,Tablet,13.31336545,Lenovo,0.088406952,0.3772477,154.7579836,484.0667964,950.2809843
21-01-2023,Tablet,7.39121048,Dell,0.065481536,0.098793148,139.1138776,241.022143,470.586382
30-07-2023,Mobile,26.57239011,Microsoft,0.300577178,0.312162022,145.0468876,489.6299288,204.2686522
22-02-2023,Desktop,12.32965315,Dell,0.310860968,0.456008503,30.40673542,114.6425696,566.4874886
11-08-2023,Desktop,48.08460112,Dell,0.050039801,0.254403192,87.91367693,372.2932716,831.4347072
03-03-2023,Tablet,3.236258103,Apple,0.473389562,0.257659136,28.88556335,186.66293,902.6869289
27-02-2023,Mobile,59.93309251,Lenovo,0.049852201,0.37887032,98.90290487,385.2726149,898.9675289
03-05-2023,Mobile,59.07059275,HP,0.400817975,0.086121793,51.45109143,180.7768522,747.4609099
03-06-2023,Mobile,23.45473172,Acer,0.322388909,0.353747441,107.7796884,371.7627762,855.8664561
11-08-2023,Tablet,56.03962193,Sony,0.243942062,0.160499414,79.16626236,461.4666519,310.8514698
06-10-2022,Desktop,38.26013009,Dell,0.20042761,0.126039466,71.62358085,178.8586047,842.908858
09-04-2023,Mobile,40.19138999,Apple,0.429607065,0.172321018,129.6954606,398.7819359,689.2612231
24-05-2023,Mobile,52.7445711,Apple,0.378293065,0.23840045,158.5712583,116.2551705,782.2092222
02-10-2022,Desktop,48.99706724,Lenovo,0.129948479,0.233546788,95.35943855,253.9131476,827.536379
06-07-2023,Desktop,6.108303507,Samsung,0.279719326,0.461592436,30.38068957,289.2020475,155.0143686
15-08-2023,Tablet,1.776066826,HP,0.19403463,0.163993342,108.0747153,144.1633677,532.0010575
14-08-2023,Tablet,31.0852,Sony,0.057958763,0.168047243,146.471718,60.08402067,580.1396974
15-02-2023,Tablet,44.29280995,Sony,0.490789563,0.283354329,62.40656391,299.3359597,634.165789
04-08-2023,Desktop,45.60204139,Dell,0.154324201,0.372582355,179.0826296,284.9545207,906.4959441
17-07-2023,Mobile,38.09481053,Samsung,0.489629329,0.107344575,156.4407266,366.6473371,926.8456776
19-11-2022,Mobile,10.90968307,Microsoft,0.264437231,0.30100813,31.96165867,351.1939645,967.0547621
23-11-2022,Desktop,19.05724364,Dell,0.348179596,0.261578206,90.85679943,213.8390665,835.5421949
18-07-2023,Mobile,29.47407638,Toshiba,0.407005838,0.311268772,108.4353782,206.1214042,599.8296165
20-12-2022,Mobile,25.64468558,Dell,0.392305376,0.22393126,102.6446219,320.5482161,724.2918032
29-11-2022,Mobile,23.49070363,HP,0.176988294,0.298148161,150.1803926,158.8721949,336.8352078
31-12-2022,Mobile,29.41999224,Sony,0.307344109,0.474547866,131.5751328,433.7495599,622.2191988
27-07-2023,Tablet,25.03653278,Sony,0.242037761,0.493059164,199.9535614,176.0435942,686.1848432
10-03-2023,Tablet,57.9280911,Microsoft,0.321990022,0.37226932,166.579631,98.41513966,306.698053
05-01-2023,Mobile,42.8008376,Sony,0.483892817,0.375997861,116.3041044,143.0907609,187.5559276
25-08-2023,Mobile,47.77239687,Toshiba,0.114897097,0.450007945,125.2695902,445.2869956,647.7281963
25-11-2022,Desktop,36.60749698,Dell,0.405899201,0.120338236,173.663775,136.4119418,663.4848703
27-07-2023,Desktop,29.67558101,Dell,0.012981593,0.155452838,154.1787982,287.0125444,150.9697039
01-10-2022,Desktop,2.971203729,Samsung,0.156630272,0.432353491,26.00611906,163.0813654,185.6303278
11-01-2023,Desktop,43.54331613,Asus,0.046064988,0.339372898,69.44971239,490.4032131,325.8858131
31-08-2023,Desktop,47.37754514,Acer,0.31922152,0.419424233,103.4400715,82.42448871,135.2656353
15-02-2023,Tablet,58.37587039,Samsung,0.331395297,0.158503021,34.01085566,454.7549933,939.1682385
21-09-2023,Mobile,36.40979226,Microsoft,0.17989198,0.111112181,115.5137903,475.8537195,275.768763
16-08-2023,Desktop,30.83885619,Lenovo,0.30827278,0.349872798,69.88701422,364.5480963,779.7432428
25-06-2023,Mobile,12.27401868,Acer,0.310441265,0.252020092,196.6584834,130.7672691,704.4325103
12-02-2023,Mobile,36.01717145,Dell,0.465199508,0.05958822,41.44415507,226.0540494,887.3339363
03-09-2023,Desktop,3.127365599,Apple,0.037323205,0.016845105,28.32082267,477.4606308,591.01533
11-08-2023,Tablet,16.84519872,Lenovo,0.334742699,0.159303767,32.69548944,340.6477032,423.4600216
14-06-2023,Mobile,47.28433857,Apple,0.453706201,0.193178952,115.2611561,116.1924533,956.5110599
13-11-2022,Desktop,24.32075318,Acer,0.03685773,0.283666674,31.55939288,473.3043089,198.3472793
04-04-2023,Desktop,44.27803352,Sony,0.445038463,0.287104201,52.47930763,435.928879,494.8531422
10-05-2023,Tablet,35.71177002,Dell,0.257131743,0.484686906,72.04405332,171.4880286,319.5893032
