Date,Department,Business Unit,Data Integration Success Rate,Data Anomaly Detection,Analytics Implementation Impact,Big Data Adoption Rate,Analytics Reporting Accuracy
01-01-2022,HR,BU4,95.36555722,3,0.506140737,60.33202509,92.53547491
02-01-2022,IT,BU1,86.39309614,6,0.14670434,44.54298068,97.97690119
03-01-2022,Operations,BU1,96.46695447,10,0.040795369,93.660926,92.9691413
04-01-2022,Operations,BU3,98.4404735,5,0.407644856,67.62599344,92.47235897
05-01-2022,Operations,BU2,91.48264766,0,0.685027041,22.78520815,90.96753894
06-01-2022,HR,BU2,85.63229414,20,0.748975312,62.73359775,92.96475605
07-01-2022,Operations,BU1,90.21043179,18,0.587445477,68.61022751,90.60646985
08-01-2022,IT,BU3,95.32676599,5,0.06791963,74.98419665,93.05429504
09-01-2022,Marketing,BU4,80.77556088,5,0.70800542,85.45474816,91.39198814
10-01-2022,HR,BU2,90.23829954,20,0.89262262,68.09739639,97.41689229
11-01-2022,IT,BU3,87.11317414,15,0.700555021,2.103432005,97.58722945
12-01-2022,HR,BU4,80.05833412,18,0.782152107,98.36275725,94.29629976
13-01-2022,HR,BU4,94.84677382,6,0.069928424,70.77638411,95.57129952
14-01-2022,Operations,BU3,95.74500944,6,0.914380359,2.513223952,93.02838781
15-01-2022,Marketing,BU3,92.22582987,11,0.052655231,44.70986358,90.9683856
16-01-2022,Sales,BU1,93.05687206,5,0.872901533,98.6517035,99.12816365
17-01-2022,HR,BU4,95.58562616,0,0.993956053,32.98215069,96.89674495
18-01-2022,HR,BU1,81.16824212,4,0.28692028,12.23081462,99.93146622
19-01-2022,Finance,BU3,97.7666137,12,0.377836301,54.26297428,98.69554621
20-01-2022,IT,BU3,83.60506203,11,0.668335302,45.53118781,95.62646901
21-01-2022,Sales,BU2,96.4911728,14,0.676585841,58.11945071,98.26088072
22-01-2022,Operations,BU2,83.56683745,18,0.691381886,62.79439746,90.87308716
23-01-2022,HR,BU4,85.27503921,15,0.780940149,15.99038515,97.68234621
24-01-2022,Operations,BU2,80.63164751,2,0.638606849,48.73148122,93.50872624
25-01-2022,HR,BU4,93.12996081,10,0.321000243,58.40501503,93.05362707
26-01-2022,Marketing,BU1,98.95601773,20,0.458867083,8.513447254,96.53307176
27-01-2022,Marketing,BU2,92.98303094,8,0.11439203,0.620237643,99.56680865
28-01-2022,Marketing,BU1,88.73458406,10,0.04412096,63.50147982,94.68925861
29-01-2022,Sales,BU4,92.06148638,18,0.539677066,85.46472283,99.10413762
30-01-2022,Finance,BU3,95.73270507,19,0.815516145,61.07673687,93.93033917
31-01-2022,Marketing,BU4,92.26422839,6,0.26189824,3.374180874,92.7664047
01-02-2022,IT,BU1,94.93443674,13,0.628955678,53.65447227,95.91763873
02-02-2022,Marketing,BU3,93.98489163,6,0.349151713,34.64401819,91.45403246
03-02-2022,Finance,BU2,97.29738579,16,0.996395245,38.99733166,99.1963835
04-02-2022,Finance,BU2,95.56946452,19,0.647359324,8.933911902,93.28088767
05-02-2022,Marketing,BU1,82.31824805,5,0.824044886,13.71698925,99.39354702
06-02-2022,Sales,BU3,93.45483291,9,0.783549853,44.28108605,95.43486425
07-02-2022,Sales,BU2,91.90414493,9,0.755120111,81.60364998,92.25821703
08-02-2022,IT,BU2,91.54872437,4,0.364211677,81.12945046,91.4688648
09-02-2022,Sales,BU1,93.36461784,9,0.914136223,58.9015523,98.49325545
10-02-2022,Marketing,BU4,97.35295666,4,0.607561547,37.21513862,98.14348816
11-02-2022,IT,BU3,92.91613582,17,0.436441425,36.38997223,99.12229933
12-02-2022,Finance,BU2,85.10559009,7,0.781661907,6.131922045,91.46584468
13-02-2022,Operations,BU4,89.91412208,18,0.944542278,10.59361168,94.26317882
14-02-2022,IT,BU4,94.27038336,10,0.387448853,14.98273619,93.84667919
15-02-2022,IT,BU4,84.72617263,2,0.278298113,4.996482862,90.14808462
16-02-2022,Marketing,BU4,96.60044159,20,0.567299678,56.66521123,90.7199721
17-02-2022,Marketing,BU3,94.96574362,1,0.511954899,67.59527715,98.03303915
18-02-2022,Finance,BU4,83.14327527,1,0.271403293,71.25555053,95.1437659
19-02-2022,Marketing,BU1,83.44171546,11,0.260144976,67.46355853,96.95444006
20-02-2022,Operations,BU2,91.30071613,1,0.646017508,61.69815942,92.38724444
21-02-2022,Marketing,BU1,91.67544008,20,0.875405883,87.13018286,91.0733266
22-02-2022,Marketing,BU4,97.74125815,4,0.530183224,7.501003713,90.93004953
23-02-2022,Finance,BU3,82.84894067,19,0.821126296,29.20585519,95.10765722
24-02-2022,Marketing,BU3,91.45833715,0,0.379980439,45.85599669,98.22179205
25-02-2022,IT,BU4,83.68745062,7,0.712739672,8.073839803,98.77184008
26-02-2022,HR,BU4,83.19985966,2,0.516780689,13.92607237,93.25718861
27-02-2022,Sales,BU1,91.96813277,15,0.077450672,45.66605633,90.76908547
28-02-2022,Operations,BU1,93.31553846,5,0.109678698,44.61120458,91.09746893
01-03-2022,Sales,BU1,82.87854307,6,0.656590007,81.5595875,92.96106316
02-03-2022,IT,BU2,98.48383925,7,0.663312846,75.81320692,97.05573988
03-03-2022,IT,BU1,87.92594378,18,0.45091309,14.83437659,96.74909947
04-03-2022,Finance,BU2,93.87022948,2,0.70136727,16.92689998,90.41552802
05-03-2022,Marketing,BU1,81.51136431,4,0.209703102,57.78620075,90.46387281
06-03-2022,Operations,BU3,83.27667781,15,0.878253608,6.376119829,97.49721522
07-03-2022,Finance,BU4,82.75842873,0,0.4902825,52.43260787,99.10824107
08-03-2022,HR,BU2,93.6576261,7,0.573020264,32.36339238,98.49417128
09-03-2022,Marketing,BU2,83.45791992,15,0.158899366,2.732972521,99.75332311
10-03-2022,Finance,BU2,94.72174207,3,0.353182959,34.96345172,97.74781605
11-03-2022,Sales,BU3,95.66714106,15,0.454910633,94.57668375,92.10684635
12-03-2022,IT,BU2,85.144183,15,0.409337122,1.316773942,94.41267754
13-03-2022,Sales,BU3,92.96927514,17,0.672901311,20.30402383,98.54321064
14-03-2022,Finance,BU2,90.82608901,9,0.43690714,22.3374799,93.25859983
15-03-2022,IT,BU2,89.09973896,13,0.961492309,26.75258032,94.10550252
16-03-2022,Sales,BU1,98.14670101,11,0.291721085,49.16823935,95.60109494
17-03-2022,HR,BU2,95.40132189,17,0.538627369,5.54615214,93.35677473
18-03-2022,Sales,BU4,80.28892182,14,0.598529591,31.54352071,94.10054698
19-03-2022,IT,BU1,89.79987432,6,0.6911817,86.63166429,99.81766993
20-03-2022,Marketing,BU4,94.08972197,7,0.900304226,84.38072296,95.05531119
21-03-2022,Operations,BU1,83.51014191,14,0.770960845,83.03086869,90.55764098
22-03-2022,Finance,BU2,91.11164604,19,0.147648398,87.2833358,95.21213203
23-03-2022,HR,BU2,89.97533626,10,0.225892972,9.339245357,94.39305416
24-03-2022,Operations,BU3,89.69335518,5,0.531095607,39.25789727,94.34663628
25-03-2022,HR,BU2,89.17485746,19,0.497630903,98.29963754,99.24917684
26-03-2022,HR,BU4,92.11530347,0,0.802786411,77.26708093,93.84533636
27-03-2022,IT,BU3,99.13324402,10,0.547075111,28.89054876,99.91375662
28-03-2022,HR,BU3,92.76504551,16,0.498874202,94.24898099,92.27934081
29-03-2022,Finance,BU1,94.25665496,9,0.684232048,60.25373403,97.03767263
30-03-2022,Marketing,BU2,90.22335226,5,0.124921631,60.42022572,95.08756148
31-03-2022,Sales,BU2,80.54588699,19,0.521838213,73.28575193,94.20223924
01-04-2022,Finance,BU1,92.83846122,15,0.748934709,91.87301914,96.51837915
02-04-2022,Marketing,BU4,89.69909521,9,0.988905159,92.50515012,93.07328088
03-04-2022,Marketing,BU4,80.23947153,8,0.401612052,1.621291129,90.29170093
04-04-2022,HR,BU3,83.63873209,14,0.501050567,77.06094736,99.76238051
05-04-2022,Operations,BU4,88.85708753,2,0.79923796,39.42664229,96.20627518
06-04-2022,HR,BU1,92.54546045,11,0.433254278,44.87533561,90.49406341
07-04-2022,IT,BU1,92.95725746,2,0.77030113,54.970392,92.65757745
08-04-2022,Operations,BU4,96.74286291,17,0.870034441,90.0203399,93.07236451
09-04-2022,Finance,BU4,96.39670493,14,0.931210226,13.28735375,94.05694428
10-04-2022,Operations,BU2,94.07239035,15,0.306996974,18.03863347,96.90343817
11-04-2022,Marketing,BU4,96.38301361,13,0.112255403,32.83835083,94.76770679
12-04-2022,Finance,BU3,96.19817473,12,0.587012932,45.54271733,92.02554686
13-04-2022,Marketing,BU4,89.66476827,6,0.410787541,0.845311942,95.20669709
14-04-2022,HR,BU2,85.58585574,15,0.975292227,66.73591767,96.49911524
15-04-2022,Sales,BU3,86.1129002,17,0.952720991,54.58498381,95.20284073
16-04-2022,Operations,BU4,99.27727177,18,0.034045856,67.20207504,94.01544981
17-04-2022,IT,BU1,89.97759228,20,0.85787707,2.767074298,90.90023036
18-04-2022,HR,BU2,90.39725941,16,0.868171826,6.372810111,98.52170427
19-04-2022,IT,BU2,91.51544785,18,0.808726565,1.551482625,98.50817275
20-04-2022,Marketing,BU4,86.32892759,1,0.813952487,20.38194789,98.04592408
21-04-2022,IT,BU1,83.83053511,18,0.57039113,15.0103691,99.46291049
22-04-2022,Operations,BU2,98.15254146,18,0.918651451,41.06351836,94.51125892
23-04-2022,HR,BU1,90.68786707,3,0.477278687,62.82124034,95.04082028
24-04-2022,Sales,BU1,95.74096435,15,0.143675284,19.93608516,98.6766864
25-04-2022,HR,BU1,89.09730259,9,0.081224122,83.09211092,95.31562435
26-04-2022,Sales,BU1,96.58553115,2,0.780194514,91.42265408,94.42052883
27-04-2022,Marketing,BU4,90.05943284,11,0.86256319,94.44200331,93.92387913
28-04-2022,Marketing,BU1,87.40615713,19,0.314863541,10.80319177,91.17190195
29-04-2022,Marketing,BU4,87.97563774,11,0.675046558,89.08332944,99.83514135
30-04-2022,IT,BU3,88.50360182,2,0.864696838,9.890090789,92.55420448
01-05-2022,HR,BU3,84.69655158,13,0.703660162,34.00773119,94.7478411
02-05-2022,Marketing,BU1,92.14036906,3,0.269539044,40.83986429,94.97540329
03-05-2022,Sales,BU2,94.77166368,18,0.854988807,4.631776057,97.81126436
04-05-2022,HR,BU4,94.07171761,13,0.834455611,47.72166393,90.00219524
05-05-2022,Sales,BU4,93.33303921,9,0.161516264,67.26188994,93.15678736
06-05-2022,Sales,BU4,84.58036263,11,0.591391413,3.731232422,99.00876448
07-05-2022,Sales,BU4,91.24775587,3,0.646330387,54.14340679,93.71379412
08-05-2022,Sales,BU1,97.2167346,8,0.44687043,73.01972966,90.71064868
09-05-2022,IT,BU3,87.00782042,3,0.026622382,40.48006254,98.73655445
10-05-2022,Finance,BU1,90.94945629,2,0.242026555,94.51777274,96.4514067
11-05-2022,HR,BU3,93.11279443,13,0.269644779,42.88645132,94.58481249
12-05-2022,Sales,BU2,90.86824465,12,0.729470346,63.49771914,98.67808275
13-05-2022,IT,BU3,96.03662578,7,0.306012861,85.9397726,99.1888474
14-05-2022,HR,BU4,92.06090583,18,0.885324008,76.90710373,94.78215131
15-05-2022,Marketing,BU2,90.77903909,16,0.217877435,95.61430583,97.68690314
16-05-2022,HR,BU4,95.63787629,15,0.407603646,20.34279793,99.42594041
17-05-2022,IT,BU2,81.05805905,20,0.293904614,26.07411768,93.67112854
18-05-2022,Sales,BU1,87.30377624,15,0.804165739,9.373120469,92.26353909
19-05-2022,Sales,BU1,84.66137131,16,0.805580864,27.08152062,96.19898706
20-05-2022,HR,BU3,82.21218854,12,0.660919568,20.28257779,98.81487328
21-05-2022,Operations,BU2,84.63606586,12,0.600391948,55.95496542,95.55901332
22-05-2022,Finance,BU3,97.5325814,12,0.16801322,63.74940176,91.23716525
23-05-2022,Sales,BU3,99.54329102,13,0.778106762,58.94409362,93.81235368
24-05-2022,Finance,BU2,84.67007967,1,0.309906706,5.288034023,98.61641723
25-05-2022,Finance,BU2,95.39450116,1,0.60052156,77.64668664,98.94087348
26-05-2022,Marketing,BU1,87.76525578,20,0.988666718,5.831424699,94.68495244
27-05-2022,Finance,BU3,89.16567887,7,0.549417098,8.417272807,94.84595993
28-05-2022,Operations,BU4,97.77654064,11,0.884243366,81.78560399,96.11161244
29-05-2022,Finance,BU1,94.50627849,17,0.754908357,25.09502233,97.71995868
30-05-2022,Sales,BU2,94.80054584,9,0.171079924,53.44963491,94.83302636
31-05-2022,HR,BU2,88.01302137,19,0.086666153,62.07313293,97.05496613
01-06-2022,Finance,BU4,98.44460106,11,0.084494022,12.46540327,93.97528742
02-06-2022,IT,BU2,90.32993803,10,0.988331872,70.39985766,97.62188373
03-06-2022,HR,BU3,94.45089243,16,0.030341101,12.87503914,93.82010093
04-06-2022,HR,BU1,81.7678409,17,0.365121845,4.079453282,98.29475307
05-06-2022,Sales,BU4,84.65248549,2,0.74538248,0.542346041,98.27762761
06-06-2022,Finance,BU1,97.14039467,13,0.88566486,39.85327857,91.65664138
07-06-2022,Finance,BU4,88.35900086,10,0.485693894,67.33179106,94.53093926
08-06-2022,Finance,BU4,80.19637882,9,0.40603319,26.75523226,97.00155302
09-06-2022,Finance,BU3,91.87807234,0,0.521947549,51.72438458,90.57796412
10-06-2022,Sales,BU2,99.92981187,12,0.688525758,60.18550033,96.39529219
11-06-2022,Finance,BU3,93.99496368,8,0.411391584,20.99084388,97.35465704
12-06-2022,Operations,BU1,93.41054906,16,0.334530679,33.11694869,94.49079319
13-06-2022,HR,BU2,89.45055394,20,0.751381782,64.6958181,95.69517719
14-06-2022,Marketing,BU1,89.36953173,16,0.613789963,74.44656054,98.59913901
15-06-2022,HR,BU3,93.29316164,5,0.181224546,36.55269425,99.10398558
16-06-2022,Operations,BU3,92.54052376,8,0.054370377,95.18506559,92.98679181
17-06-2022,Sales,BU3,92.91577573,16,0.827065366,8.226769101,93.6360489
18-06-2022,Sales,BU4,97.69636368,11,0.415531804,54.09638051,91.07578348
19-06-2022,Operations,BU4,86.28965416,8,0.883933928,62.90788896,97.45187949
20-06-2022,Marketing,BU2,97.54273586,5,0.050473666,87.83972767,91.60005236
21-06-2022,Marketing,BU4,85.93355565,10,0.90747725,7.529622156,94.27676837
22-06-2022,Operations,BU4,99.2088115,8,0.869971423,17.64160221,95.77782241
23-06-2022,Operations,BU2,93.477124,7,0.499179339,18.06455639,96.31296015
24-06-2022,HR,BU2,91.11103077,15,0.598248655,60.47061067,99.50533556
25-06-2022,IT,BU2,91.51926181,20,0.454721819,46.15108763,95.02792932
26-06-2022,HR,BU3,97.75349926,7,0.097816862,59.09602609,90.27619674
27-06-2022,IT,BU1,85.40964532,14,0.824502621,52.4308186,92.83705111
28-06-2022,IT,BU4,87.54960335,7,0.428948651,0.591904923,94.42799333
29-06-2022,Sales,BU2,95.4524363,13,0.252139399,57.33468748,95.51293523
30-06-2022,HR,BU4,95.38654061,16,0.741734787,2.413121082,96.98322395
01-07-2022,Sales,BU2,88.6786956,2,0.376276033,97.68784986,94.49541275
02-07-2022,Sales,BU1,89.79924201,9,0.804989748,44.24721442,95.96045603
03-07-2022,Finance,BU4,98.68028795,7,0.607391741,82.31581379,97.84182063
04-07-2022,IT,BU2,86.70156598,3,0.285050586,16.95336057,99.544921
05-07-2022,HR,BU2,99.62172616,2,0.912100138,14.78696842,93.24674669
06-07-2022,Marketing,BU3,81.70997766,18,0.425011241,75.25093205,90.14496592
07-07-2022,HR,BU2,95.16163871,19,0.280112922,56.58875172,97.91172255
08-07-2022,Operations,BU1,96.1419268,8,0.055999747,12.44932881,96.04182868
09-07-2022,Finance,BU1,81.40603185,4,0.180266029,68.10835707,93.76681633
10-07-2022,Finance,BU4,82.68705365,14,0.92004438,20.61534568,95.70910719
11-07-2022,Sales,BU1,95.43022904,18,0.562349255,16.28504678,95.86138106
12-07-2022,IT,BU2,91.33833232,11,0.134439698,99.77170789,97.25897714
13-07-2022,IT,BU1,92.37053809,13,0.677853246,22.36620085,98.88260956
14-07-2022,Sales,BU4,81.68081369,16,0.005420687,68.47592598,92.19653064
15-07-2022,Operations,BU4,97.49868762,2,0.986940166,75.56934091,91.94721111
16-07-2022,HR,BU1,96.26089169,15,0.688290412,89.79341607,95.42914215
17-07-2022,Marketing,BU1,85.68847864,12,0.470907263,98.89958673,96.3553125
18-07-2022,Operations,BU3,91.6581752,10,0.916723106,13.20194272,99.02399249
19-07-2022,HR,BU2,95.91983731,11,0.266113928,19.61550992,95.18621242
20-07-2022,Sales,BU1,82.10726503,17,0.512188003,20.20846317,96.44382276
21-07-2022,IT,BU3,88.74178395,13,0.82917748,53.58130368,93.88618664
22-07-2022,Operations,BU2,81.03422724,6,0.039988864,92.62785819,93.80096871
23-07-2022,IT,BU1,97.07849783,17,0.047283566,50.62938985,96.17621319
24-07-2022,Sales,BU4,84.84177465,9,0.750295685,70.70740734,96.51484846
25-07-2022,IT,BU1,98.88065862,3,0.99367915,16.4176205,91.70927945
26-07-2022,HR,BU4,87.8416675,3,0.074463388,55.38591443,90.43342936
27-07-2022,HR,BU1,88.54670868,14,0.380740812,62.80878323,91.66751745
28-07-2022,Finance,BU3,94.05856746,12,0.918360124,70.63322438,98.98793774
29-07-2022,Sales,BU2,98.50710737,19,0.217955864,31.31514978,95.83480365
30-07-2022,HR,BU3,83.94195142,20,0.374690734,86.32690239,93.10021311
31-07-2022,Operations,BU3,97.15134616,7,0.846080052,96.94372819,99.09640023
01-08-2022,HR,BU2,95.75240098,12,0.00278507,69.40046438,96.29840104
02-08-2022,Marketing,BU2,93.3945502,12,0.135845611,37.28777202,96.44006332
03-08-2022,HR,BU2,89.3004839,17,0.235698445,30.96150362,98.6935306
04-08-2022,IT,BU1,85.08602079,2,0.156515035,60.26485457,92.26986036
05-08-2022,Marketing,BU3,86.54069542,1,0.586773041,31.20235184,97.38049721
06-08-2022,Finance,BU2,90.39436974,0,0.17762378,6.732402405,98.78772023
07-08-2022,Marketing,BU4,81.25370052,16,0.010665936,25.04140118,99.98062297
08-08-2022,Operations,BU1,91.56314008,5,0.355498694,25.4348519,98.15309611
09-08-2022,Marketing,BU2,92.93864025,14,0.579769593,39.00562526,95.77736458
10-08-2022,HR,BU4,89.68231168,15,0.651626155,21.70337389,97.17028473
11-08-2022,HR,BU3,80.67034106,0,0.932344743,33.02195667,93.13084167
12-08-2022,Finance,BU2,87.2976392,6,0.050551933,27.08383979,99.48142587
13-08-2022,HR,BU1,93.37757258,4,0.43562124,4.301586024,98.98769246
14-08-2022,Operations,BU4,95.83159025,13,0.371007871,88.71450339,95.36145053
15-08-2022,Marketing,BU2,89.56422171,20,0.825884391,24.14489829,96.95318826
16-08-2022,HR,BU1,90.71318082,20,0.372988459,59.98515948,93.89608004
17-08-2022,Finance,BU2,86.54053203,12,0.417159614,77.98917185,91.48334175
18-08-2022,Sales,BU1,84.32657672,9,0.561087845,30.48552037,92.54212743
19-08-2022,Marketing,BU1,87.82545954,13,0.365044793,69.10836032,92.26520197
20-08-2022,HR,BU1,92.41749786,12,0.797436225,48.36277493,91.79515229
21-08-2022,Operations,BU3,87.08096458,5,0.728456968,65.84610793,92.47644406
22-08-2022,IT,BU4,85.76995991,10,0.985319669,77.32146457,92.46278734
23-08-2022,Sales,BU4,85.78269253,4,0.956605276,23.51946131,92.14581471
24-08-2022,Finance,BU1,99.01728988,14,0.405190476,73.47448074,90.21309021
25-08-2022,Sales,BU3,89.54787166,0,0.711644577,88.81571422,93.25678855
26-08-2022,Sales,BU1,96.9126502,18,0.955817563,17.35995611,99.83758508
27-08-2022,Sales,BU4,86.11969212,10,0.698357898,35.19686087,97.05391807
28-08-2022,IT,BU1,92.89054013,15,0.005152888,93.35701896,97.33218399
29-08-2022,Marketing,BU1,96.9980382,2,0.976118129,83.12397476,91.74740369
30-08-2022,IT,BU2,96.17405127,13,0.492074365,90.81326803,97.52204952
31-08-2022,Operations,BU3,85.30246757,7,0.228284891,70.81759911,98.29156412
01-09-2022,IT,BU2,95.60186674,3,0.017217469,29.84602038,98.79390385
02-09-2022,Operations,BU2,85.32815109,15,0.815350697,87.04591904,94.40368163
03-09-2022,Finance,BU3,97.05209418,16,0.207218502,90.5740133,91.54266632
04-09-2022,Sales,BU4,92.01678378,2,0.683663864,11.51845661,91.66231191
05-09-2022,Operations,BU2,85.08652045,9,0.95521879,43.31046378,94.92388532
06-09-2022,HR,BU2,81.62584607,10,0.030283713,27.02556302,97.94415776
07-09-2022,Sales,BU4,85.25752455,14,0.207515115,61.73133163,96.78543409
08-09-2022,HR,BU1,94.4598207,14,0.615460468,13.86361825,92.05946582
09-09-2022,IT,BU2,81.88611001,6,0.49160935,95.15106268,98.1238415
10-09-2022,Operations,BU2,98.54133585,3,0.940279424,89.71851381,94.03186404
11-09-2022,Operations,BU4,99.7400439,0,0.766079416,87.00350631,91.9236222
12-09-2022,Marketing,BU2,84.88519085,4,0.458255757,25.79280529,96.7750132
13-09-2022,Marketing,BU1,94.42862123,14,0.59931293,8.021035375,96.98299914
14-09-2022,Finance,BU4,92.4604588,1,0.873370122,91.84489114,97.91719574
15-09-2022,Finance,BU4,94.26908565,18,0.882056551,72.75398335,94.394866
16-09-2022,Finance,BU1,86.10079893,19,0.719722902,46.60587546,93.22917783
17-09-2022,HR,BU3,92.41189294,5,0.702415078,60.71219886,90.42999636
18-09-2022,Operations,BU1,89.67772608,1,0.288590524,13.104447,98.90538798
19-09-2022,HR,BU1,88.95987399,13,0.547075512,42.22399297,99.89407135
20-09-2022,Operations,BU2,97.50568144,4,0.922643746,8.915578465,98.14867466
21-09-2022,Sales,BU4,89.04817738,20,0.219601811,26.2384738,92.07829667
22-09-2022,HR,BU3,90.1181284,19,0.192314175,27.74578713,99.67740383
23-09-2022,HR,BU3,95.5412354,5,0.873181714,37.95502951,93.49646228
24-09-2022,Finance,BU4,94.80358345,0,0.633357708,40.05036239,96.12568477
25-09-2022,Operations,BU1,85.55576917,18,0.22500498,96.79808715,94.76438625
26-09-2022,IT,BU3,88.52367914,14,0.898622558,24.98481803,91.9042234
27-09-2022,Finance,BU2,89.42592309,15,0.960264068,25.68625814,93.72554553
28-09-2022,Operations,BU2,85.00878185,17,0.553780993,74.28691411,96.38645499
29-09-2022,HR,BU2,87.43797141,14,0.227377346,2.634514472,91.15595411
30-09-2022,HR,BU3,81.0185966,20,0.053497845,93.02495311,92.83742098
01-10-2022,Marketing,BU4,88.00119637,18,0.055076007,53.67631425,99.63130637
02-10-2022,Operations,BU4,97.13310822,5,0.890354808,98.18196467,92.3504283
03-10-2022,HR,BU4,99.77856847,14,0.10727491,1.616204833,97.42486384
04-10-2022,Operations,BU1,83.93813593,11,0.815187712,10.48002285,92.72236422
05-10-2022,Finance,BU2,94.22297523,12,0.252682535,96.59268922,99.70786283
06-10-2022,IT,BU1,99.70309424,9,0.953394379,68.45205836,90.80510689
07-10-2022,HR,BU4,93.08197543,16,0.339737701,15.44757905,92.76542251
08-10-2022,HR,BU4,89.23464946,4,0.613844451,54.13966551,99.04154125
09-10-2022,Operations,BU2,90.03818053,7,0.779490567,34.22412014,98.18990627
10-10-2022,Sales,BU4,81.29363519,18,0.776591115,40.687749,98.96330862
11-10-2022,Sales,BU3,84.86406174,7,0.582237098,98.26567987,92.185068
12-10-2022,Operations,BU4,82.49286942,18,0.019512449,90.69693282,94.39798965
13-10-2022,Finance,BU3,93.37793889,6,0.070015816,10.12775386,90.86910284
14-10-2022,IT,BU2,86.92366998,1,0.212392961,44.50977851,91.26847072
15-10-2022,IT,BU1,87.80421997,8,0.010247259,26.91405448,94.78661474
16-10-2022,Operations,BU3,96.65542761,1,0.679791236,55.99369857,98.98029191
17-10-2022,Sales,BU4,92.51564338,18,0.351647295,72.58883962,94.9717714
18-10-2022,Operations,BU2,91.11722961,13,0.12462552,9.035632613,96.51690766
19-10-2022,IT,BU1,99.41931643,19,0.034619531,55.51188311,91.75112797
20-10-2022,Sales,BU4,86.54962341,2,0.833113887,23.41912862,92.72340535
21-10-2022,Sales,BU3,92.91078932,13,0.51396299,7.380516835,92.07839796
22-10-2022,HR,BU2,95.48119748,5,0.721297497,59.1163771,90.77477823
23-10-2022,Operations,BU4,95.00132993,1,0.299512034,83.41049828,92.92570434
24-10-2022,Finance,BU3,94.23457147,3,0.371027227,93.94374824,97.472953
25-10-2022,Operations,BU4,90.2361061,7,0.028712941,69.88107177,94.89139239
26-10-2022,Sales,BU3,84.07449632,12,0.657700048,29.72098738,94.94706069
27-10-2022,Marketing,BU3,90.49162646,16,0.822133132,67.38564318,91.47529066
28-10-2022,Sales,BU3,93.22138504,13,0.95644013,88.01077798,93.39579313
29-10-2022,Finance,BU1,86.34986475,0,0.641710702,15.58422911,92.53288353
30-10-2022,HR,BU1,99.85989391,18,0.45317685,26.18019779,95.10696682
31-10-2022,Operations,BU3,99.6378829,20,0.311550786,14.15602048,91.86589927
01-11-2022,Operations,BU1,93.19808713,6,0.014606505,16.14029212,96.34138877
02-11-2022,Operations,BU2,88.140286,18,0.579885104,71.09388176,93.1410219
03-11-2022,HR,BU2,88.5715788,8,0.946397922,36.66639974,91.5002584
04-11-2022,Finance,BU4,88.46390355,12,0.140617238,78.36397367,97.09820334
05-11-2022,IT,BU3,83.05997618,13,0.244594314,80.71509421,98.71227268
06-11-2022,IT,BU3,91.39038059,7,0.192785446,30.03946843,94.66639403
07-11-2022,Operations,BU4,89.21511713,7,0.794599546,87.7048576,95.49476623
08-11-2022,Finance,BU3,99.59393967,15,0.691002421,41.73290481,94.40621451
09-11-2022,Sales,BU2,81.74437328,1,0.950176521,94.65856801,94.21741437
10-11-2022,Marketing,BU1,85.06711737,12,0.539440256,7.567303338,99.13161472
11-11-2022,Sales,BU4,95.61293007,2,0.047267988,82.36268365,99.44210462
12-11-2022,Marketing,BU1,86.81956027,19,0.266188301,0.309340476,91.91875847
13-11-2022,IT,BU2,93.84560153,17,0.063258396,81.08207751,99.65642585
14-11-2022,HR,BU4,88.07756066,7,0.923414538,36.69412616,96.39522058
15-11-2022,Marketing,BU4,99.27229459,1,0.516844037,64.61890046,94.07035687
16-11-2022,Sales,BU1,96.22181157,4,0.868660588,59.65118342,99.05167029
17-11-2022,Finance,BU4,83.45584827,5,0.784342706,74.23423167,95.59510764
18-11-2022,Sales,BU2,85.90295341,11,0.145663153,0.152849333,92.05947992
19-11-2022,Sales,BU2,86.72286989,0,0.525358955,95.47730994,93.46342365
20-11-2022,HR,BU2,83.31045101,0,0.369993528,58.61588698,98.6334979
21-11-2022,Sales,BU4,90.85058128,9,0.190515088,28.64184174,90.4915189
22-11-2022,Marketing,BU1,94.13869149,7,0.619360838,40.53513185,98.13005174
23-11-2022,Marketing,BU3,92.15963437,16,0.735417923,87.9685724,97.94547593
24-11-2022,Finance,BU2,82.50631363,7,0.256187315,13.22263272,93.2320751
25-11-2022,HR,BU4,96.68604948,3,0.237720234,84.73085537,90.55019788
26-11-2022,Operations,BU4,88.51399989,15,0.766754701,30.94658507,95.93022804
27-11-2022,Sales,BU2,86.03904426,19,0.787463096,97.15568567,92.63125578
28-11-2022,Marketing,BU1,89.01158412,2,0.906043022,84.74450988,94.35064343
29-11-2022,Sales,BU4,91.41759396,5,0.223842767,12.86579493,97.84808219
30-11-2022,IT,BU4,91.16658425,7,0.409509688,83.93006443,95.22575914
01-12-2022,Operations,BU3,89.66032134,16,0.330008709,17.38069955,93.41135377
02-12-2022,Finance,BU2,94.95124767,1,0.970090996,72.71843172,94.75040326
03-12-2022,Sales,BU4,81.74530316,1,0.510196542,3.077430866,99.86258843
04-12-2022,Sales,BU2,83.95888956,10,0.172032613,62.71578871,93.89398394
05-12-2022,Sales,BU1,97.19953277,7,0.442267162,15.99899656,91.01559961
06-12-2022,IT,BU2,88.83912318,16,0.395575313,27.34373803,99.40527142
07-12-2022,HR,BU3,82.92356102,18,0.814819866,48.09833151,93.44010983
08-12-2022,Sales,BU3,85.0547487,11,0.973516212,82.34952081,96.55953064
09-12-2022,Operations,BU3,83.90597189,2,0.333988944,32.30071658,91.92253849
10-12-2022,HR,BU2,85.27226205,18,0.444264471,36.2202788,95.9940619
11-12-2022,Marketing,BU4,99.68312739,0,0.555934834,75.80354903,99.42771613
12-12-2022,Sales,BU3,89.36348613,19,0.224514736,65.52799412,98.26690024
13-12-2022,Finance,BU3,98.12253529,1,0.68015169,24.0261651,93.9249938
14-12-2022,Operations,BU4,88.07583945,14,0.650358016,3.14573828,90.37947104
15-12-2022,Marketing,BU1,97.52614997,5,0.43448046,76.03332267,97.59916319
16-12-2022,IT,BU3,92.82028152,10,0.031532239,47.98181985,97.59959869
17-12-2022,Finance,BU3,90.05009538,18,0.355962451,98.20629165,99.67567339
18-12-2022,Finance,BU1,95.70011898,13,0.907492274,96.05487253,95.01963764
19-12-2022,Operations,BU1,86.52128939,12,0.937591164,81.50061467,97.52849167
20-12-2022,HR,BU3,91.06670165,17,0.582471402,32.3605279,92.5067682
21-12-2022,Finance,BU2,80.01424851,12,0.154153811,57.58563677,99.45215628
22-12-2022,Finance,BU1,84.48984154,12,0.823492701,41.79848508,97.25785136
23-12-2022,Finance,BU3,83.61667715,2,0.208369276,42.35410352,96.10584
24-12-2022,HR,BU2,89.14936102,17,0.138431996,50.11330745,96.26013931
25-12-2022,Finance,BU3,92.90194693,8,0.017206251,54.75340629,93.9754207
26-12-2022,Sales,BU3,91.87186835,15,0.400184676,99.14487701,97.6874332
27-12-2022,Operations,BU1,92.21290676,7,0.043552075,94.20845385,94.12151814
28-12-2022,IT,BU1,85.65050496,10,0.003644404,8.909627731,93.71963284
29-12-2022,HR,BU3,85.22776508,7,0.137150802,85.6072837,96.78065473
30-12-2022,HR,BU4,86.33045087,9,0.208008139,77.07234467,93.70600323
31-12-2022,Marketing,BU2,92.44234285,13,0.260275792,51.93942344,94.3936143
01-01-2023,Operations,BU1,95.77978277,6,0.43371935,79.79224111,92.77842372
02-01-2023,Finance,BU4,96.0055398,9,0.1015141,75.06505703,93.88531165
03-01-2023,IT,BU3,84.2920784,9,0.186170601,10.66367378,98.57911111
04-01-2023,IT,BU1,94.10415812,19,0.296144764,5.226642594,93.00196505
05-01-2023,Operations,BU2,80.80363847,13,0.86014603,8.507211027,99.19925262
06-01-2023,IT,BU2,81.66098981,4,0.336334287,64.74628305,93.42328109
07-01-2023,Finance,BU1,96.75347701,6,0.873495029,85.68120653,90.41046421
08-01-2023,Marketing,BU1,84.0416549,3,0.316891035,80.36806488,94.85593718
09-01-2023,Marketing,BU4,93.65347363,20,0.765413813,5.93531643,96.35840626
10-01-2023,Marketing,BU2,89.74087866,9,0.757354846,5.202074928,92.34290776
11-01-2023,Sales,BU1,82.92314001,20,0.482406287,2.522372406,94.90541783
12-01-2023,Marketing,BU1,86.38350091,12,0.958307765,4.832695077,90.35676712
13-01-2023,IT,BU3,87.04945493,2,0.837889352,56.75493397,91.74996184
14-01-2023,Finance,BU2,88.93228992,2,0.848267372,57.27775345,94.92371352
15-01-2023,Marketing,BU4,95.13961585,15,0.05309651,38.24553989,94.29705599
16-01-2023,Finance,BU4,94.07319235,18,0.911068784,89.44882167,97.77701527
17-01-2023,Sales,BU3,91.52238487,18,0.948218109,81.81312675,96.38370678
18-01-2023,Marketing,BU2,96.74897232,13,0.877760258,1.085202615,97.11092913
19-01-2023,IT,BU3,97.37829222,14,0.989774378,63.31114655,96.13736884
20-01-2023,Finance,BU4,97.97669345,14,0.137083647,43.83267512,92.61302756
21-01-2023,Operations,BU1,97.86947058,2,0.797212748,12.1975489,91.02072103
22-01-2023,Finance,BU2,81.79641139,11,0.65873424,6.244473119,96.21539862
23-01-2023,HR,BU3,84.35657564,1,0.365580049,10.3165757,97.39816284
24-01-2023,Finance,BU3,89.88316994,17,0.215973717,67.19078992,94.14244923
25-01-2023,Marketing,BU2,92.29758271,1,0.540560525,67.79249446,93.66307407
26-01-2023,Finance,BU2,81.05604032,13,0.530122382,96.61317174,91.61001957
27-01-2023,Marketing,BU1,80.66683017,9,0.586338301,16.51611952,98.94090029
28-01-2023,Sales,BU3,94.96122532,14,0.34045158,54.3039297,97.93750975
29-01-2023,IT,BU3,86.23554548,11,0.87497699,44.33271746,94.56672851
30-01-2023,Finance,BU1,95.97996377,3,0.055681668,11.28157032,95.94070854
31-01-2023,Operations,BU1,96.01429142,20,0.010186479,12.71206182,92.0715093
01-02-2023,Sales,BU2,88.87289992,15,0.095378696,34.18692924,94.01047797
02-02-2023,Marketing,BU4,83.40167616,15,0.247013955,30.11069511,94.8884927
03-02-2023,Finance,BU2,87.53341305,9,0.931930253,95.98784798,90.76891609
04-02-2023,HR,BU3,87.59761424,16,0.627211382,59.59262179,97.62836389
05-02-2023,Operations,BU4,97.02249232,14,0.402295803,27.43664539,94.62679124
06-02-2023,HR,BU3,85.78505468,1,0.362673496,58.59119673,91.44760281
07-02-2023,Operations,BU2,85.48251342,10,0.706504959,6.629409545,94.13008886
08-02-2023,IT,BU1,85.40149164,13,0.136685012,66.17998294,95.4791451
09-02-2023,Marketing,BU3,84.07010224,20,0.737357499,23.9261902,97.0741721
10-02-2023,HR,BU3,88.50589899,16,0.044622654,78.62388392,96.96923649
11-02-2023,Sales,BU3,92.13863294,1,0.812744517,78.99480981,96.96888041
12-02-2023,Finance,BU4,89.80584877,9,0.301078001,38.93890738,93.98936208
13-02-2023,Marketing,BU3,90.51877509,13,0.381719136,4.117654371,94.31797263
14-02-2023,Finance,BU1,83.07906309,20,0.612046502,70.69006578,95.71485523
15-02-2023,Sales,BU3,94.97677568,6,0.183135845,95.93618221,90.88346207
16-02-2023,Operations,BU2,85.4341575,5,0.26363796,23.51608986,91.00819245
17-02-2023,IT,BU2,97.40464679,10,0.724798901,56.87228325,94.8098125
18-02-2023,Sales,BU1,91.58257081,7,0.76124905,57.20996396,91.73438967
19-02-2023,Finance,BU3,91.05986148,11,0.745585108,47.27504879,96.48320062
20-02-2023,Sales,BU4,82.76845832,16,0.379425487,92.47564997,94.84962912
21-02-2023,Operations,BU3,82.71965938,11,0.573798799,96.45687996,94.01244615
22-02-2023,Marketing,BU2,93.15930199,14,0.98090312,62.39908304,99.09060038
23-02-2023,HR,BU1,88.32315878,11,0.103553796,14.62165896,92.54581935
24-02-2023,HR,BU3,87.97875836,10,0.489232712,56.48382365,97.21634383
25-02-2023,Sales,BU1,91.38505286,12,0.129222127,84.35489247,97.08649038
26-02-2023,Finance,BU3,85.81969207,16,0.791775789,38.93042725,92.14564622
27-02-2023,IT,BU3,94.76610592,3,0.043562583,58.75234123,91.66175624
28-02-2023,Finance,BU4,95.81257261,1,0.6041086,12.98376449,99.18274237
01-03-2023,Operations,BU1,91.83440535,10,0.24748111,11.39483301,95.66768904
02-03-2023,Marketing,BU1,93.8630892,19,0.25750129,94.5492386,97.50484781
03-03-2023,IT,BU4,97.24898092,1,0.534935387,98.70664696,99.51023436
04-03-2023,Marketing,BU1,89.65783595,11,0.268105849,5.560335073,95.34384604
05-03-2023,Operations,BU2,99.3185973,20,0.128303018,27.94241377,91.41369429
06-03-2023,Operations,BU3,82.03701028,0,0.746680512,96.80129789,97.94944883
07-03-2023,Sales,BU1,91.6751927,14,0.897774343,43.60156566,90.34340292
08-03-2023,HR,BU3,99.43447451,12,0.06705065,46.04564381,91.05940873
09-03-2023,IT,BU3,86.96102946,11,0.749944065,78.79057714,96.49395779
10-03-2023,Finance,BU2,95.06195818,15,0.238901921,97.32325249,95.77219687
11-03-2023,HR,BU4,96.31691933,18,0.963550323,39.25280565,93.38679582
12-03-2023,Operations,BU2,98.50623304,7,0.734523566,52.27189098,97.2458047
13-03-2023,HR,BU1,89.28809292,19,0.496371746,40.33499168,95.91341906
14-03-2023,Finance,BU3,92.95442008,6,0.478270942,98.61133768,92.89792696
15-03-2023,Sales,BU3,87.53539007,11,0.923997696,84.39627699,97.08496416
16-03-2023,HR,BU2,86.95102616,19,0.96811917,72.55213026,97.48913413
17-03-2023,HR,BU2,89.36744958,0,0.607640471,86.16983808,91.42020269
18-03-2023,HR,BU3,93.05623811,4,0.957618808,29.84553148,90.49700757
19-03-2023,Operations,BU2,94.2070639,17,0.349108512,17.19503327,98.75531386
20-03-2023,Sales,BU4,88.08799585,20,0.164810815,37.24224322,96.50517016
21-03-2023,IT,BU3,89.55676167,11,0.366573855,62.10057621,90.29836929
22-03-2023,IT,BU4,92.68038012,17,0.55213077,15.08793988,99.38948973
23-03-2023,Sales,BU3,91.58886947,16,0.672965875,30.01672242,93.8266208
24-03-2023,Operations,BU2,86.26283544,13,0.670300881,77.76188191,97.460605
25-03-2023,HR,BU1,81.7740391,14,0.718302083,10.51283598,92.38559683
26-03-2023,Operations,BU3,87.83149309,14,0.495797437,13.32159578,96.88279757
27-03-2023,IT,BU4,91.14878313,14,0.40438725,22.1675291,93.43300753
28-03-2023,IT,BU3,93.67292223,7,0.502167221,45.35147548,93.7979841
29-03-2023,Sales,BU3,94.55951379,11,0.749808042,16.51234184,94.11697069
30-03-2023,Sales,BU2,88.98902639,2,0.252443186,30.73587854,90.20432433
31-03-2023,Marketing,BU3,87.26688818,7,0.768256598,28.80849586,98.18745584
01-04-2023,Marketing,BU4,97.66473799,10,0.394571632,73.13255513,94.51227381
02-04-2023,Operations,BU1,80.69078112,6,0.923739188,82.49423441,94.71488281
03-04-2023,Finance,BU4,95.69963911,15,0.549213847,97.20564786,95.0435953
04-04-2023,Sales,BU3,84.84083242,14,0.635388227,34.69675001,92.81984293
05-04-2023,Finance,BU2,85.53229436,19,0.975180453,79.46915984,96.75047771
06-04-2023,Operations,BU2,94.2209618,12,0.253679873,99.11161246,99.32406455
07-04-2023,Sales,BU2,83.21102423,10,0.780149245,58.38737872,97.3449334
08-04-2023,HR,BU3,90.30323162,13,0.658868648,84.18425729,91.51057189
09-04-2023,Finance,BU3,94.6950377,1,0.960304858,95.95112606,96.49333168
10-04-2023,Marketing,BU2,80.30546723,17,0.80682621,38.92772792,97.67904156
11-04-2023,Operations,BU3,91.09563128,4,0.189604422,75.27312038,95.71147945
12-04-2023,Marketing,BU1,92.19990798,4,0.721386786,53.48602569,90.57028488
13-04-2023,IT,BU2,90.286703,0,0.743089475,26.52880311,98.14749512
14-04-2023,IT,BU3,84.03271103,7,0.836390661,48.04685527,91.85071813
15-04-2023,IT,BU4,83.37933318,11,0.9056736,62.75200877,95.0239569
16-04-2023,HR,BU4,98.72037282,20,0.252060121,62.56519814,98.67818457
17-04-2023,HR,BU2,82.34576634,9,0.204351296,66.68596009,92.1692406
18-04-2023,Operations,BU1,82.3153173,10,0.943463247,88.41551853,99.38132045
19-04-2023,Sales,BU1,85.95751998,0,0.121861017,77.00567567,99.00822702
20-04-2023,HR,BU3,87.85276246,16,0.722748475,71.62979244,92.98349791
21-04-2023,Finance,BU3,90.20866825,20,0.381599016,41.32644263,90.6294325
22-04-2023,Sales,BU1,96.54308943,8,0.50709457,52.80624554,97.42709949
23-04-2023,Finance,BU1,81.63239009,4,0.227852421,96.13734225,93.34510024
24-04-2023,IT,BU4,88.8582591,4,0.051192451,63.88532563,91.18909831
25-04-2023,Marketing,BU2,94.4812132,6,0.773152833,61.72486797,97.16829698
26-04-2023,Finance,BU2,84.79821631,3,0.6871632,57.15689254,96.23378538
27-04-2023,Finance,BU2,82.67524703,19,0.50734103,49.82364361,92.87939416
28-04-2023,Marketing,BU1,87.50366938,13,0.211019118,18.98069647,97.20291082
29-04-2023,Marketing,BU3,86.26320539,20,0.920561066,44.81772122,98.10853462
30-04-2023,Sales,BU2,87.18503756,9,0.791826535,57.03430594,95.68965419
01-05-2023,Sales,BU1,85.22263456,7,0.801005164,13.46376452,96.37031167
02-05-2023,HR,BU1,92.30259023,20,0.588470504,29.64957687,92.22848424
03-05-2023,Marketing,BU2,92.49575507,1,0.74020542,97.87052137,93.22152709
04-05-2023,HR,BU4,87.48566801,10,0.879014854,78.04565687,94.41030491
05-05-2023,IT,BU2,90.48090785,5,0.908201566,35.91876996,94.12163779
06-05-2023,IT,BU2,84.56884137,19,0.323920303,40.15023034,91.78799634
07-05-2023,Sales,BU2,93.36660639,18,0.85867217,56.13788957,96.6045076
08-05-2023,Finance,BU3,90.6448258,1,0.705288065,43.26268455,93.35415303
09-05-2023,Finance,BU3,86.46441072,7,0.383624455,32.88612402,92.27408399
10-05-2023,HR,BU1,91.47065666,10,0.90793978,99.57462197,99.36316555
11-05-2023,Operations,BU4,91.46819147,2,0.396800236,52.43275231,98.75219537
12-05-2023,Operations,BU4,92.49080393,2,0.815483098,60.2052742,92.13200298
13-05-2023,Operations,BU1,92.46016579,3,0.078093663,9.357146478,96.62378393
14-05-2023,Operations,BU2,83.64160521,8,0.668807003,99.79649478,91.59222627
15-05-2023,IT,BU2,93.63283194,11,0.658697323,3.539087725,97.70967815
16-05-2023,IT,BU4,89.23685403,14,0.854386809,28.97373715,91.19090968
17-05-2023,Finance,BU4,99.76260766,13,0.51303306,24.53321833,93.08411511
18-05-2023,Finance,BU4,85.18996548,0,0.897349287,34.76748813,91.2650171
19-05-2023,Marketing,BU3,83.04111254,9,0.174326529,6.652061593,93.43356748
20-05-2023,Sales,BU1,83.0907805,12,0.708714752,94.50727332,96.79299766
21-05-2023,Operations,BU2,97.53042404,7,0.961007145,69.07146938,91.16706323
22-05-2023,IT,BU2,81.92990555,9,0.132528309,30.36339578,92.49538604
23-05-2023,Finance,BU4,97.88693215,18,0.839133664,38.24763301,93.5322563
24-05-2023,Marketing,BU1,97.46925279,14,0.140750771,89.57027906,90.64031375
25-05-2023,Sales,BU3,81.75170495,5,0.106548692,92.17693519,99.53834734
26-05-2023,IT,BU2,98.29780786,4,0.253980153,2.77340023,92.90924052
27-05-2023,IT,BU1,93.96290208,8,0.489779115,62.62143863,90.18513313
28-05-2023,HR,BU1,93.648923,11,0.917405018,44.39719749,95.27138125
29-05-2023,Finance,BU2,96.77377593,12,0.044046153,95.27334379,93.83635993
30-05-2023,Operations,BU1,90.30320159,1,0.29072972,17.50612424,99.60565273
31-05-2023,Operations,BU4,92.27058083,3,0.860648259,3.473890168,96.51221943
01-06-2023,IT,BU1,93.38668201,13,0.399819271,20.27645392,97.39064805
02-06-2023,Finance,BU3,91.74866183,0,0.212520991,59.58094909,90.66006971
03-06-2023,Marketing,BU1,85.19176567,20,0.742930267,61.88886236,90.45148105
04-06-2023,IT,BU4,90.92949951,9,0.986685248,19.06424578,94.10825394
05-06-2023,Marketing,BU1,99.61077907,14,0.294350846,16.06898404,96.37420883
06-06-2023,Marketing,BU2,89.73376011,14,0.573733242,46.10664904,98.02082691
07-06-2023,HR,BU1,93.9903493,2,0.149485759,91.45259534,96.64635216
08-06-2023,Sales,BU4,92.77353746,20,0.943312739,77.89017635,98.17990593
09-06-2023,HR,BU3,89.06358259,0,0.763670496,72.80120396,95.90185617
10-06-2023,Sales,BU3,89.83713428,1,0.454911857,18.49859466,93.82745313
11-06-2023,Finance,BU4,86.51681196,17,0.255406005,77.75755917,90.50715862
12-06-2023,Finance,BU2,97.96507443,17,0.270727041,76.27208241,96.25851161
13-06-2023,HR,BU1,88.54694065,12,0.031549052,63.80034642,98.67559965
14-06-2023,Finance,BU1,87.0226313,12,0.898886723,42.63883036,95.37848761
15-06-2023,Sales,BU2,99.29902592,8,0.073659851,51.78870179,95.62777229
16-06-2023,IT,BU3,85.1709232,15,0.228648169,78.71052034,90.55587265
17-06-2023,Sales,BU3,82.31273223,2,0.3447206,91.10224307,93.08888042
18-06-2023,Finance,BU4,90.10670225,14,0.641377544,17.29045423,97.85841134
19-06-2023,HR,BU1,95.22865028,13,0.053794735,80.96368199,93.81594862
20-06-2023,Marketing,BU1,91.71717831,17,0.65656489,90.81131591,93.43620894
21-06-2023,Marketing,BU2,97.3384809,8,0.604300714,87.01516641,95.88457497
22-06-2023,HR,BU2,86.18300773,3,0.614058845,19.06016969,99.00205271
23-06-2023,Finance,BU3,91.71867441,14,0.2574012,71.43290458,91.2836434
24-06-2023,IT,BU1,85.4349214,17,0.945406689,52.02124786,94.29125422
25-06-2023,Operations,BU1,83.86211498,18,0.176195024,21.48768681,98.48612866
26-06-2023,HR,BU1,92.74704283,20,0.442173167,65.70474118,90.79371844
27-06-2023,IT,BU1,85.48105632,13,0.525220844,61.01556092,99.08756196
28-06-2023,IT,BU4,80.03920902,5,0.085163705,96.20069744,96.16241997
29-06-2023,HR,BU3,95.08443767,7,0.694767846,68.81225805,90.6469634
30-06-2023,IT,BU1,86.79556465,10,0.111286405,44.27041085,91.90458676
01-07-2023,Sales,BU3,92.06711273,17,0.858610798,29.67047557,93.83697258
02-07-2023,IT,BU3,90.98400179,5,0.099253611,76.5528988,98.05385722
03-07-2023,Operations,BU1,97.94713693,16,0.243722631,98.69941711,95.79467247
04-07-2023,HR,BU2,96.33293449,2,0.888158243,67.29532701,98.11184902
05-07-2023,Marketing,BU3,95.92746007,2,0.560689057,90.5105759,97.05130438
06-07-2023,Operations,BU2,82.74578724,17,0.698884678,26.36304527,97.84868907
07-07-2023,Marketing,BU4,95.56703962,0,0.966989814,3.671405137,96.80529319
08-07-2023,HR,BU1,99.81335441,20,0.292251632,35.52199994,92.71987335
09-07-2023,Sales,BU2,94.97964378,0,0.288727993,60.0390702,94.45801647
10-07-2023,HR,BU4,83.095535,4,0.131297032,6.222059795,97.42757887
11-07-2023,Marketing,BU3,92.24975702,18,0.513187181,55.3484596,96.78337016
12-07-2023,IT,BU2,85.32540161,10,0.810122151,73.25657929,97.81619101
13-07-2023,HR,BU2,96.90600166,7,0.243780768,54.00503526,92.47951156
14-07-2023,Sales,BU4,83.23687651,19,0.023019787,19.19760425,91.57559611
15-07-2023,IT,BU3,96.42068099,16,0.473969179,93.66591732,93.19775178
16-07-2023,Marketing,BU4,83.55915866,10,0.026436025,27.89666306,94.69877052
17-07-2023,Marketing,BU3,87.7136666,20,0.094596615,49.89372077,99.77776191
18-07-2023,Sales,BU3,81.31124176,10,0.644186115,34.43395055,92.9726376
19-07-2023,Marketing,BU4,84.42998351,16,0.597451464,2.825449123,96.70748678
20-07-2023,Marketing,BU4,87.13012228,3,0.5147305,96.18557043,97.69314213
21-07-2023,Operations,BU3,87.33651054,17,0.452131839,99.03976088,90.83304508
22-07-2023,HR,BU3,86.30498973,20,0.970100884,9.83494766,93.46252608
23-07-2023,Operations,BU2,84.33496642,11,0.112375593,59.23944957,93.83720026
24-07-2023,Marketing,BU4,80.36245368,10,0.847522983,70.08531859,97.45658006
25-07-2023,Sales,BU4,90.64798969,6,0.36096681,67.62284205,93.092443
26-07-2023,Operations,BU3,83.39719434,17,0.277102914,77.22896328,97.79845037
27-07-2023,IT,BU1,92.96715844,6,0.060308985,1.319619332,96.14504872
28-07-2023,IT,BU1,99.86345525,9,0.237496008,30.53715169,95.02281713
29-07-2023,IT,BU1,98.36913478,20,0.322421034,92.24024655,96.30741551
30-07-2023,Finance,BU1,96.74692762,16,0.840708872,91.02356152,91.8462341
31-07-2023,HR,BU3,87.01481716,11,0.785907082,84.60957458,95.03577609
