Startup Name,Valuation Date,DCF Valuation,Comparables Valuation,Risk-Adjusted Returns
"Hughes, Perez and Russell",10-09-2023,95671034.9,85027934.28,0.1254
"Castro, Benson and Bryant",24-05-2023,64760428.06,20883548.49,0.1115
"Sweeney, Zamora and Obrien",16-05-2022,6769752.71,37731434.91,0.0885
"Greene, Pope and Mercado",10-03-2023,89591197.97,74351403.82,0.1558
Wilkerson-Berry,22-07-2023,9840004.03,70539201.61,0.157
"Chang, Freeman and Hodges",16-12-2021,87103933.78,53639724.23,0.1316
Phillips-Harris,21-02-2022,3382829.52,82913317.69,0.1782
Walters-Clark,23-06-2022,20104991.35,34331087.42,0.1922
Little-Gibson,23-02-2023,88271714.09,41230358.26,0.0614
King Group,26-02-2023,17342750.25,51635679.5,0.1487
Gonzalez-Miller,08-11-2021,51588762.31,8552222.45,0.1637
Gonzalez-Miller,01-08-2023,77594358.65,42488722.76,0.1174
Wright and Sons,18-10-2022,82901991.01,68687796.87,0.1025
Bridges PLC,13-03-2022,7870515.38,53821744.17,0.164
Collins Inc,29-09-2021,91103558.65,80940839.19,0.1073
"Bautista, Rivers and Johnson",26-10-2022,42456312.01,4444328,0.1546
Hartman-Owens,23-11-2022,37782740.87,67533871.56,0.1612
"Estrada, Martinez and Kirby",21-05-2023,50337761.61,34612889.37,0.098
"Stout, Smith and Bradley",08-12-2021,41085527.58,35107399.57,0.1277
Lowe Ltd,24-07-2023,48061387.41,44803112.32,0.1364
Simpson-Davis,03-01-2023,50777105.02,57805558.39,0.1015
Woods-Johnson,01-02-2022,11887997.83,76946240.11,0.0659
Smith-Fowler,23-07-2023,36852019.24,20911892.62,0.1545
"Rodriguez, Nelson and Lewis",07-11-2021,58254030.91,35815369.38,0.1035
Cunningham-Smith,04-10-2021,46833037.93,10809869.71,0.1367
Santiago Ltd,10-01-2023,86923440.96,54402775.66,0.0765
"Nichols, Jacobs and Shelton",21-12-2022,97088825.25,92761419.7,0.1004
Wells-Gould,16-04-2023,16087712.44,17579112.4,0.0974
Ross-Moon,03-06-2022,93542493.41,16901389.75,0.1674
"Wiley, Long and Anderson",14-07-2023,81628496.05,85281038.72,0.1496
Wilson Ltd,07-09-2022,29905964.17,28281299.16,0.0861
Townsend LLC,18-05-2022,80669703.12,17811162.98,0.0557
Benson-Stewart,21-01-2022,75038104.33,35442482.03,0.0838
Lopez Ltd,05-12-2022,28233473.84,54761280.89,0.1403
"Carpenter, Tran and Hicks",26-12-2021,53330237.19,18002544.24,0.189
"Wallace, Gutierrez and Prince",26-06-2023,71654366.64,6454434.03,0.1117
Cox Ltd,13-07-2023,39967808.58,12361742.62,0.0564
Lowe-Carr,02-05-2022,6018080.22,72746990.81,0.108
Moore Ltd,18-06-2023,23819087.25,83335085.84,0.0634
"Hampton, Bullock and Munoz",08-09-2023,8845705.19,9015560.43,0.0569
Anderson-Keller,21-07-2022,37216571.36,29123824.23,0.0887
"Thompson, Stevens and Proctor",13-03-2023,11071469.14,65079480.64,0.0568
"Johnston, Dennis and Glenn",12-04-2023,42985222.38,98015575.61,0.0936
Blevins-Santos,09-02-2022,77279551.95,52868012.67,0.0544
Church Inc,01-06-2023,25660401.41,78803414.28,0.1147
"Bush, Cummings and Watkins",14-12-2021,15476460.23,49675132.92,0.147
"Knox, Dyer and Mendez",08-06-2023,68585073.68,86037120.65,0.1503
Sanders Ltd,02-12-2021,76561530,2857202.88,0.0604
"Martinez, Williams and Brown",23-03-2022,44166670.55,76923495.66,0.0943
Smith LLC,17-03-2022,63806737.72,77910649.13,0.1003
Pugh Group,14-05-2023,22635417.03,54962186.89,0.132
"Hansen, Anderson and Brown",17-07-2022,1665820.3,45141372.72,0.0735
Deleon-Williams,05-03-2023,62502244.05,84252356.97,0.1936
Atkinson LLC,13-11-2021,32269905.93,36265267.59,0.12
Hamilton-Bradford,26-10-2022,24582052.84,19012394.05,0.0629
"Randolph, Butler and Hardy",21-12-2021,72163902.63,31641756,0.1989
Wilson Group,31-03-2023,38238074.02,54733759.7,0.0551
Moore Group,27-02-2023,50266139.84,86513001.8,0.1515
"Collins, Estes and Lopez",20-11-2021,98626485.52,79725598.28,0.1371
"Duncan, Barrett and Mejia",13-04-2022,24282029.57,32022177.4,0.1309
Nixon Ltd,17-05-2023,98157193.24,90046336.34,0.0526
"Mcdowell, Harmon and Sellers",19-04-2023,1990255.35,10768320.59,0.0516
Dickerson-Grant,12-01-2023,95237438.95,2837729.94,0.143
"Gutierrez, Lewis and Hanson",28-05-2023,68736872.13,35206982.33,0.1309
Wallace Inc,27-07-2022,17823323.2,76164454.4,0.0979
Howard-Kennedy,16-04-2022,36887257.51,41138892.49,0.115
"Deleon, Miller and Schmidt",28-08-2023,75260278.33,75892319.14,0.1399
Cook PLC,11-01-2023,69753613.21,26295274.65,0.0672
Clarke-Andrade,12-10-2022,7256123.3,89461348.39,0.0827
Freeman and Sons,20-06-2023,51896121.82,27666647.66,0.0646
Johnson Ltd,06-08-2023,56994548.24,68580561.47,0.0915
Thompson LLC,03-10-2022,26415508.41,20840990.68,0.0719
"Cabrera, Mcgrath and Martinez",24-07-2023,15536832.08,24481184.21,0.1646
"Hayes, Spencer and Graves",10-03-2023,58032026.39,48464418.34,0.1707
"Hunt, Davis and Tyler",22-03-2022,1428739.48,70126699.17,0.1521
Ramos-Taylor,12-04-2023,40849027.51,54118668.27,0.1193
Alvarado Ltd,13-07-2023,37278970.95,49898015.65,0.0783
Hamilton LLC,21-10-2021,30918304.33,43239927.95,0.0566
Cooper Ltd,07-12-2022,89978326.78,43361575.58,0.1777
Hughes-Fitzgerald,07-06-2023,97157335.01,9256581.83,0.0709
Medina Group,24-06-2022,91604588.35,15558036.41,0.1849
Pacheco Ltd,06-03-2023,87563639.24,55457582.51,0.1372
"Bradley, Flores and Gordon",19-11-2021,65280457.06,78233029.06,0.0576
"Lyons, Robinson and Jenkins",30-01-2023,86287510.73,73573263.03,0.0812
Bryant-Singh,07-07-2022,15665847.82,85275529.71,0.1
"Mcgee, Howard and Woods",29-07-2022,78443977.8,95595010.86,0.0831
Meyer LLC,26-08-2023,68138486.25,94745912.41,0.174
Mitchell PLC,26-08-2022,56816792.44,44492262.33,0.1568
Stanley-Carpenter,22-07-2023,36694143.79,55198661.3,0.1196
Martinez-Bryant,27-09-2021,94106670.46,60633968.86,0.0548
Bowman-Randall,10-03-2023,48735742.3,2941778.91,0.1449
Miller-Murphy,14-06-2023,49039924.88,71173561.57,0.1741
Sanchez PLC,30-04-2022,99802430.75,77132558.34,0.1423
Cross-Gonzales,30-05-2023,26096424.1,56082118.62,0.1126
Singh-Willis,28-04-2022,26976537.37,53898754.62,0.0885
Miller-Scott,05-01-2023,66935843.52,82840389,0.1147
Hernandez and Sons,15-12-2022,50393639.04,57527775.04,0.1944
Johnson Group,30-03-2022,43309929.87,31122594.25,0.1252
Hull LLC,14-10-2021,88749372.08,90124133.07,0.0698
Tucker-Zamora,31-03-2022,20773510.08,65451055.7,0.1609
Lawson and Sons,12-01-2023,26784589.83,24994555.41,0.1392
Juarez PLC,15-01-2022,56091676.52,92067365,0.1505
"Hoffman, Evans and Delgado",06-03-2022,43159164.58,34064246.6,0.1634
Mccormick-Young,03-09-2022,33032655.29,53681375.22,0.1466
Hopkins PLC,23-05-2022,37323155.31,98614923.45,0.1798
"Carter, Mcguire and Patterson",20-01-2022,36662151.28,15531472.52,0.0621
Davis LLC,29-03-2023,12289586.67,16164469.6,0.1989
Diaz-Black,15-03-2023,93556170,53320051.88,0.0878
"Walters, Russell and Wilson",19-05-2023,52996021.27,83930130.75,0.0755
"Francis, Green and Jennings",18-01-2022,94398869.02,99600373.26,0.1957
"Anderson, Merritt and Mccullough",19-02-2022,48403188.81,64188924.73,0.0952
Richardson-Jackson,18-07-2022,69631897.52,72447524.61,0.1321
"Marquez, Walker and Woodard",12-09-2023,58828729.75,14784833.4,0.096
"Lindsey, Marshall and Davis",20-01-2023,4322375.62,18892781.68,0.1444
Horton LLC,12-07-2023,16138856.4,86736704.16,0.0872
Simmons LLC,02-03-2023,51290432.29,94041910.95,0.0665
Webb-Campbell,25-04-2023,96042982.73,74177236.49,0.1217
Wilson PLC,17-04-2023,40979387.95,88579662.35,0.1479
Lopez and Sons,01-12-2021,59377117.25,94643632.29,0.1616
Hamilton-Martinez,10-02-2023,5897062.94,92242939.42,0.0543
Malone PLC,04-02-2023,93268529.07,88713710.92,0.0818
"Vega, Green and Long",23-04-2022,30500838.27,61343670.15,0.1524
"Jacobson, Montgomery and Smith",05-04-2023,40698935.12,86741168.7,0.0614
Lopez Ltd,03-03-2022,45594691.08,37387556.61,0.125
"Joseph, Anderson and Walker",30-09-2021,86349027.37,30581858.7,0.1932
"Collins, Fisher and Norton",15-06-2023,69388688.27,18819669.25,0.1376
Watkins LLC,09-05-2023,67242541.8,25171556.68,0.1765
"Suarez, Ryan and Gibson",19-09-2022,63278276.28,23599502.25,0.1756
"Curry, Clark and Rivas",02-09-2023,92601881.99,14049059.75,0.0836
"Gonzales, Chavez and Jones",17-08-2023,24985199.66,69777592.09,0.0834
Ford-Chase,09-06-2022,33223412.12,62856846.43,0.1735
Powers-Shepherd,27-04-2022,83216638.24,80452193.53,0.1189
"Blair, Wilson and Brown",07-04-2023,61944699.61,38210665.47,0.1851
"Oconnell, Wood and Peterson",30-01-2023,27672461.92,60757534,0.0739
Smith Group,08-09-2023,94452939.8,88750299.04,0.0527
"Patel, Donovan and Barnes",10-06-2023,27167295.87,83809536.07,0.0556
"Garza, Cooper and Carter",04-10-2021,8898901.51,11799776.7,0.0779
Bird Group,15-04-2023,81789212.31,90129096.48,0.1077
"Wu, Eaton and Day",27-09-2022,87877883.33,41423558.12,0.1492
Fox PLC,26-01-2022,19394118.52,58996288.45,0.1307
Morse-Avila,29-09-2021,61186877.31,57541690.17,0.1009
Webb-Williams,20-11-2021,61416756.62,85110773.55,0.0724
"Russell, Snyder and Lewis",22-02-2023,36219038.24,23292923.37,0.1231
Huffman Inc,19-06-2022,34201071.71,28997386.72,0.0893
Murray and Sons,10-02-2022,35113573.6,92339455.21,0.0832
"Martinez, Morales and Williams",22-05-2022,30147371.4,80113500.71,0.0796
"Johnson, Dixon and Ford",21-09-2023,18032094.53,40615494.69,0.1988
"Hess, Pierce and Hunter",16-01-2023,19363221.54,69444661.82,0.1391
Frederick Ltd,24-12-2022,41762217.85,88456517.26,0.0932
"Little, Cobb and Proctor",24-10-2022,81246663.3,84826557.08,0.0971
Brown Ltd,20-04-2022,3782782.99,48901101.51,0.0814
Watson-Stewart,19-07-2022,29809288.74,4548246.7,0.1462
Burns-Miller,20-09-2023,17594205.18,18359835.12,0.0823
Mason-Willis,12-03-2023,31516801.93,78363975.83,0.0715
"Adams, Reyes and Myers",15-06-2022,32739774.19,38416616.05,0.1737
Anderson Group,28-01-2022,12354253.94,61461356.58,0.1928
"Bass, Goodman and Smith",08-08-2023,61877119.82,46624867.08,0.1108
Mata-Jones,22-09-2022,86847363.77,69606081.47,0.1307
"Dominguez, Allen and Hoffman",09-07-2022,81292651.23,72680086.28,0.1394
"Wilson, Grant and Nunez",28-04-2022,73963849.2,51146254.98,0.1029
"Miller, Myers and Cisneros",22-04-2022,74466036.39,36408434.8,0.1713
Rivera-Swanson,21-08-2022,42476150.44,95305179.55,0.0599
"Mitchell, Abbott and Patton",07-01-2022,7597216.05,65152139.2,0.1451
Watson LLC,24-02-2023,90959532.19,9701749.1,0.122
Webb PLC,25-06-2023,68949078.11,58923628.56,0.131
Parker-Merritt,03-04-2022,83397476.33,92826485.32,0.0696
Smith PLC,28-05-2023,75869264.73,46442650.48,0.058
Young and Sons,25-10-2021,49332660.36,22008651.74,0.0573
Horton LLC,18-07-2023,1737199.16,44425459.6,0.0788
Cunningham-Black,16-06-2023,97086978.01,47644177.2,0.139
"Neal, Morris and Berger",03-05-2022,3946171.55,64392442.97,0.1438
Long-Lee,06-05-2023,9126858.54,96334362.84,0.1801
Vazquez LLC,26-09-2022,83843704.17,63247799.19,0.0903
Turner-Brown,08-04-2022,43772970.79,54524111.18,0.1476
"Mccoy, Smith and Daugherty",05-03-2022,36992622.3,76149620.82,0.149
Sullivan-Hoffman,11-05-2022,79000891.98,98611241.77,0.1145
Flynn PLC,26-05-2023,89662255.2,57196627.61,0.0799
Gould-Watkins,26-05-2022,90028435.09,41170612.15,0.1382
Robinson LLC,11-07-2023,89901291.11,83088089.89,0.1107
Reed-Herrera,27-07-2022,92403487.77,4205081.67,0.0735
Jones LLC,25-05-2023,52101779.03,25330235.6,0.1105
"Herman, Burke and Brown",01-06-2023,33730064.2,84949102.5,0.0982
"Kim, Duffy and Maddox",02-07-2022,54458936.87,6686417.32,0.0929
"Ramirez, Walter and Hinton",24-11-2021,88536095.97,98218855.99,0.1509
Wolfe Ltd,24-03-2023,73896078.76,85272165.05,0.1004
Ortiz-King,27-12-2022,31879378.08,62381237.76,0.1572
"Bautista, Johnson and Jenkins",07-11-2022,42839457.34,76813753.3,0.1312
"Moran, Houston and Green",16-07-2023,66111111.93,40559814.81,0.0986
"Wilson, Pierce and Baxter",14-05-2023,15843959.69,54349548.18,0.1061
Mclaughlin-Wood,17-10-2021,34483843.06,73554918.52,0.1726
Sanders Inc,22-04-2022,28742517.94,27677750.79,0.1326
"Bray, Olson and Thomas",25-08-2023,15107414.64,3453443.27,0.1447
Mcdowell and Sons,11-08-2023,11107256.01,68033628.28,0.1172
Cox Group,17-10-2022,97496738.98,82427272.52,0.1588
"Smith, Weaver and Green",30-01-2022,84886298.36,40062625.49,0.1932
"Stewart, Strickland and Garcia",26-10-2021,71939852.3,33990530.79,0.1755
"Sanford, Andrews and Bates",24-02-2022,24406405.78,79269220.79,0.1592
Stevens PLC,20-01-2022,48300294.72,67555034.72,0.1514
"Craig, Davidson and Alvarez",16-08-2022,83772090.83,9477595.69,0.0623
"Wright, Gonzalez and Lopez",05-01-2022,38660805.55,15395018.24,0.1124
Powell PLC,29-03-2022,19912180.65,80560236.99,0.1833
Lambert Group,18-01-2023,59252137.68,99649948.44,0.096
Smith Inc,18-12-2021,17122578.61,24392217.71,0.053
"Hale, Scott and Barnett",12-02-2022,81253047.66,1570448.83,0.1135
Johnston PLC,06-09-2022,75536871.51,53902380.52,0.1834
Richardson-Jones,16-07-2022,95239453.78,76081989.86,0.053
Elliott-Ballard,15-10-2022,73352861.52,80446281.39,0.0829
Walter-Baker,29-05-2022,56724964.36,23748609.59,0.0743
Miller-Gregory,01-04-2022,55878183.83,11018633.68,0.1857
"Mclaughlin, Byrd and Mann",14-09-2023,48887071.24,28299199.3,0.0619
Woods LLC,05-09-2023,69708982.99,84749886.61,0.1299
Choi-Palmer,07-09-2022,89635558.75,63880166.52,0.1323
"Morgan, Silva and Morgan",14-06-2022,32863982.01,45453885.48,0.0667
"Durham, Ward and Johnson",17-05-2023,4785747.26,54450854.86,0.0623
Torres Ltd,09-08-2022,85903380.24,43790529.17,0.1871
Harris LLC,05-07-2022,29242569.67,31442852.82,0.106
Hill Ltd,07-05-2022,71983840.31,53645071.98,0.1415
Fritz LLC,01-03-2022,72680209.9,91164061.52,0.1299
Warner Group,01-07-2023,68680484.4,93479176.64,0.0729
"Davis, Barnes and Werner",01-12-2022,16180406.12,72512768.62,0.1722
Mitchell-Ibarra,28-10-2022,42008919.29,16359147.4,0.0957
Turner-Fuller,17-12-2021,90006113.98,47964283.15,0.089
"Hall, Butler and Torres",01-04-2022,12810351.99,98887994.27,0.0889
Robertson and Sons,25-08-2023,14091531.84,93489695.57,0.0907
Byrd Group,06-03-2022,76783996.94,48116193.22,0.1356
"Martinez, Smith and Martinez",08-08-2023,30262331.91,82219283.03,0.0636
Gilbert PLC,13-05-2023,72773650.21,38402070.36,0.0985
Adams and Sons,03-03-2022,65170403.17,60065538.77,0.1858
Baker-Garrett,18-05-2023,99533816.52,95707764.01,0.1571
Norris and Sons,21-08-2022,5415846.44,32151041.4,0.0908
Compton Inc,05-07-2022,62413741.29,88252255.22,0.1604
"Turner, Reed and Kline",22-01-2023,10792763.77,89965679.8,0.0655
Bell-Porter,21-06-2022,69530744.96,22945848.46,0.1324
Jackson and Sons,21-07-2022,35359985.47,42534872.1,0.0999
Morris-Harris,14-05-2023,59574758.42,19011966.55,0.1905
Freeman Ltd,20-03-2023,89440468.44,4264868,0.1225
Yang Ltd,14-09-2023,18236149.7,30873044.63,0.1262
Hayes-Stone,13-04-2023,75344600.11,51297225.93,0.1767
Baldwin PLC,17-07-2022,10843437.04,58675803.23,0.057
Davenport LLC,28-10-2022,93725589.51,73182851.29,0.1712
"Baker, Brooks and Stephens",23-07-2022,75640274.06,52768536.61,0.0974
Parker-Fisher,12-01-2022,58354085.56,52421988.74,0.0614
Smith-Smith,14-01-2023,26560123.13,26265075.11,0.1259
"Peck, Clarke and Cameron",14-01-2023,36875243.65,50203485.08,0.1362
Peters-Kline,29-01-2022,33826996.74,56846359.08,0.0654
Hughes-Wilson,07-03-2022,91850142.54,53851076.45,0.1564
"Young, Hoover and Sullivan",27-02-2022,60439515.77,41291043.79,0.175
Nicholson and Sons,08-09-2022,43389668.19,78379603.54,0.0841
Grant-Dunn,22-05-2022,32648494.85,29683395.16,0.0668
Anderson and Sons,09-11-2021,75082932.58,59843747.94,0.1972
"Petersen, Andrews and Galvan",21-08-2022,30804030.99,39541330.13,0.1421
Ortiz-Wood,06-01-2023,32503043.51,29066858.42,0.1441
Stark-Stephens,31-01-2023,86820623.95,99797201.7,0.0779
"Fischer, Garza and Cook",25-12-2021,84870352.69,20597184.88,0.1216
Bauer and Sons,27-12-2022,20773925.54,93254434.92,0.0979
Mccoy Group,01-09-2023,11507450.85,28251727.91,0.1766
Martinez-Ford,07-11-2021,27474340.49,83788301.34,0.1059
"Thomas, Floyd and Cruz",03-02-2023,34082034.74,34399375.32,0.0538
Ross Inc,26-06-2023,43420669.56,50134698.02,0.1448
Smith-Martinez,24-11-2022,11092654.15,70596852.19,0.1799
Terry and Sons,16-12-2021,19475066.41,19165398.33,0.0832
Fitzgerald Group,06-12-2021,14166094.78,5174164.75,0.1632
Mitchell PLC,30-07-2022,1662334.82,33658616.48,0.1504
Church-Thomas,27-07-2023,87428905.13,27444411.72,0.1796
Hurst Ltd,24-11-2021,57044698.04,96477721.55,0.1791
Ballard-Turner,28-05-2023,40256381.3,48705294.2,0.1067
"Miller, Williams and Adams",21-11-2021,20658148.78,67796240.36,0.181
"Moore, Sparks and Fry",13-11-2022,44729008.35,67524341.85,0.0843
Perry-Bennett,01-08-2022,69101785.53,98151422.31,0.1809
Fuller LLC,11-01-2022,51905185.34,82999577.69,0.09
Brown-Colon,12-08-2023,53558627.1,18279172.72,0.1759
Norton-Black,17-10-2021,23718341.67,88333585.09,0.0758
Crawford-Collins,02-07-2022,13702224.1,55928718.64,0.0794
Henderson and Sons,06-06-2023,60477721.62,90659984.87,0.0814
Peters PLC,30-10-2021,53781457.2,22160208.79,0.0954
"Munoz, Lucas and Perez",03-06-2022,42401616.92,92691526.41,0.0721
Butler-Young,04-04-2023,53578515.04,48922214.75,0.1575
Williams Ltd,23-04-2023,17662994.23,16133049.51,0.173
"Chavez, Owen and Casey",10-11-2021,41908884.09,72526518.88,0.0873
"Villa, Collins and Martinez",01-06-2023,68562969,95055981.86,0.1607
"Mcknight, Allen and Payne",20-11-2021,86742587.37,4041328.05,0.0519
"Martin, Ponce and Kelly",09-09-2022,35424647,62623588.72,0.1399
"Gray, Castro and Jackson",21-11-2021,45058688.04,5359438,0.0751
Torres LLC,09-02-2023,70084311.37,57091417.27,0.1978
"Marsh, Lopez and Jefferson",07-12-2022,22471051.39,31474314.97,0.1756
Sosa-Herman,09-08-2022,82707698.51,28795472.2,0.1317
"Valdez, Burnett and Huynh",15-05-2023,6967952.1,38046326.49,0.1668
"Kelly, Chang and Sloan",27-10-2021,11593470.77,65663098,0.1578
Kane-Davis,16-06-2022,39677979.12,45355336.85,0.0633
Johnston-Jones,24-05-2023,5398783.8,83716943.61,0.0546
Lowery Inc,07-07-2023,2975260.79,20904166.29,0.1199
"Wolfe, Ramirez and Paul",01-09-2022,56873178.48,98114791.99,0.0906
Gutierrez-King,03-06-2022,40336061.4,29376611.91,0.0575
Madden PLC,04-05-2023,36867174.15,38407555.78,0.0893
Norris Ltd,23-02-2023,37348630.29,95827765.26,0.173
Smith-Johnson,09-11-2021,2460900.84,59100686.49,0.1659
Ramirez-Stanton,24-08-2022,89938994.73,23244980.03,0.1551
"Hudson, Williams and Duffy",20-04-2022,82664273.43,26591012.34,0.1536
Robinson PLC,12-03-2022,35745340.62,71404416.19,0.0596
"Holt, Taylor and Gates",04-10-2021,19494357.29,65278209.21,0.1104
"Green, Keller and Foster",19-12-2021,46698079.59,8641130.94,0.1361
Townsend Inc,29-07-2023,72684986.9,70979795.27,0.1039
"Elliott, Smith and Long",06-04-2023,31719311.81,29573330.08,0.1733
Johnson and Sons,13-03-2022,9274363.02,21411929.83,0.1747
Willis LLC,11-04-2023,58380899.15,33891102.98,0.0958
"Perez, Martin and Oconnor",24-03-2022,42984869.76,67587771.18,0.1153
Chavez Group,04-07-2022,70666292.29,68154455.27,0.1136
Nguyen-Hendricks,01-04-2022,61285672.57,96553637.5,0.1656
"Owens, Davis and Williams",22-05-2022,91992534.29,49907437.71,0.0871
"Gonzalez, Jimenez and Moore",21-05-2022,37778016.79,29579770.54,0.154
"Wallace, Miller and Love",11-01-2022,48211265.87,9750502.15,0.1945
"Powell, Smith and Bates",26-12-2022,33742324.75,75232712.62,0.0782
Farley-Richardson,29-05-2022,99231848.88,43252893.7,0.1677
"Baldwin, Adams and Russell",27-08-2023,31472808.33,45620282.38,0.1323
"Thomas, Ortiz and Shaw",31-08-2023,26125633.5,43298751.02,0.0586
"Obrien, Mueller and Walker",13-09-2023,56454720.13,89784416.37,0.1973
"Bird, Prince and Hughes",02-06-2023,39235029.99,47502382.62,0.1024
Evans LLC,04-02-2023,82023383.78,56584795.88,0.1706
Carter LLC,10-02-2022,67165860.79,95837249.16,0.1327
Watson-Romero,13-06-2023,34873106.58,51462004.71,0.0712
Wood and Sons,06-10-2022,97394014.85,40753470.44,0.0688
Boyle LLC,03-02-2022,18884625.83,37419260.21,0.1996
Baker Ltd,03-05-2022,90272021.69,32066524.57,0.1405
Murphy Group,19-08-2022,66844926.84,59682602.41,0.102
Curry-Erickson,08-04-2022,11956830.81,76208202.3,0.1584
"Rodriguez, Brown and Trujillo",24-09-2023,17899321.73,40740808.71,0.1776
Brooks Ltd,26-03-2023,53000768.16,52673869.66,0.1817
Schmidt Inc,14-03-2022,71910636.42,8855741.48,0.1712
Armstrong PLC,10-12-2021,89934337.48,55771965.41,0.0761
"Barron, Oliver and Williamson",14-02-2023,13780874.78,44955111.84,0.1813
Walker PLC,18-11-2022,92663916.18,60968894.31,0.0916
Davis-Johnson,17-11-2021,35324257.3,73430851.46,0.0523
"Moran, Johnson and Bishop",06-12-2021,47060929.8,59465421.34,0.1298
"Shepherd, Rivera and Myers",25-06-2022,83519617.34,81352688.72,0.1672
"Stewart, Mann and Moreno",21-12-2022,66732401.95,56727750.22,0.1091
Herring-Lopez,23-03-2022,51585967.05,92487949.93,0.1728
Davidson-Norman,04-11-2022,2395735.39,80528294.65,0.0674
Henry and Sons,02-05-2023,40547155.77,58011683.13,0.1608
Edwards-Moreno,07-01-2022,28214041.1,76600339.02,0.1314
Anderson PLC,17-09-2022,4173442.65,92149343.51,0.0836
"Barr, Richardson and Gaines",30-11-2021,45259402.07,41752141.61,0.0932
Curtis-Smith,03-12-2021,12201121.52,89438493.66,0.1965
Morris-Cole,19-04-2023,37069133.41,9285238.12,0.1941
Black-Ruiz,11-11-2022,56972747.52,26063946.57,0.0695
Webb Inc,25-03-2023,93913769.92,78578374.64,0.1205
Holmes-Larsen,09-04-2022,87291859.55,45270522.93,0.0509
"West, White and Brandt",25-07-2022,70562456.8,39324718.46,0.185
"Arias, Ibarra and Obrien",07-02-2023,13546325.81,65437279.57,0.1374
Martinez-Johnston,18-06-2022,34868659.47,58270018.78,0.1297
Patterson Inc,01-11-2022,44277557.64,64319877.45,0.1234
Payne and Sons,12-12-2022,60009475.04,1115654.74,0.1369
Ryan Ltd,22-02-2022,3385088.22,51876081.22,0.1795
Bowen-Murphy,06-05-2022,73267837.42,62060854.28,0.108
Jordan Group,02-07-2022,60204331.62,81480824.45,0.1703
Oliver-Ortega,13-11-2021,85278469.28,79579945.28,0.1839
Jones Inc,09-01-2023,22613158.64,45086438.24,0.1641
Nelson PLC,12-01-2023,52553938.62,44535304.2,0.1347
Edwards-Haynes,26-09-2021,60164354.63,69596464.17,0.1239
Lewis Ltd,02-06-2022,7730825.08,21442973.26,0.1376
Kennedy-Macdonald,26-03-2023,12247150.31,39194139.24,0.1611
Perry Group,20-07-2022,78115477.15,1750676.75,0.1173
"Cantrell, Garcia and Bell",11-09-2022,59610781.6,89380964.14,0.1959
"Waller, Lee and Reese",06-06-2022,21506253.1,8562614.48,0.0824
"Herrera, Taylor and Wagner",17-06-2022,60797854.97,12730175.8,0.0907
White-Melendez,04-10-2021,83966285.23,91808889.99,0.1892
"Skinner, Williams and Phillips",15-01-2022,95638123.08,74753492.84,0.0758
Ortega Group,29-08-2023,31819691.36,91273743,0.0975
Howard-Boyd,02-06-2023,53705437.03,38246576.57,0.051
Jones-Cervantes,05-10-2021,23205747.51,60594454.56,0.1091
"Salinas, Vaughn and Riggs",12-12-2022,28974823.19,40941839.92,0.0989
Johnson Group,06-09-2023,83906777.59,91311217.4,0.1954
Porter PLC,03-09-2022,40579174.23,75315947.3,0.1965
Hanson-Robinson,25-03-2022,92966250.66,91492428.97,0.1825
"Cox, Fuentes and Reynolds",08-02-2023,30747376.86,83514127.77,0.1643
"Russell, Williams and Bradford",21-04-2023,71410893.43,2403205.07,0.1948
Alvarado LLC,08-12-2022,15619881.44,22751805.41,0.1395
Sims Inc,10-01-2023,65146273.21,99943112.46,0.0553
Smith-Barber,01-04-2023,27457280.34,32334070.44,0.0843
Reed Group,07-07-2023,87125692.03,64135583.7,0.1107
"Calhoun, Young and Sutton",29-12-2022,25797747.67,5826532.94,0.1929
"Harris, Gonzalez and Adkins",21-08-2023,64361038.18,69256994.18,0.1165
Howell-Scott,22-02-2023,7043379.8,70982069.08,0.1754
"Wood, Gonzalez and Fox",20-10-2021,53614990.34,64245227.7,0.1204
"Jones, Lopez and Davis",16-04-2022,36756412.81,72201465.86,0.0753
Anderson-Bennett,17-06-2022,66818189.38,97399867.99,0.0748
Smith-Burns,09-04-2023,19611475.33,41702080.2,0.1455
Hall and Sons,02-03-2022,93978619.02,12111827.41,0.1037
Moore-Long,25-09-2021,68507594.28,74239087.33,0.1562
"Leblanc, Powers and Castro",23-01-2022,13312384.18,17560238.35,0.152
"Baker, Blanchard and Ayala",27-03-2022,92589997.77,52579209.64,0.0647
"King, Hickman and Morgan",29-12-2022,68483729.77,76508054.74,0.1588
Hodges Inc,06-09-2023,63070010.86,43024946.19,0.1177
"Kane, Davis and Estrada",14-07-2023,63562816.02,99776752.2,0.0816
Garcia-Roman,18-10-2021,85867518.55,40863370.83,0.1888
Smith-Taylor,12-11-2022,33960944.16,65632461.75,0.1917
Lewis Inc,27-07-2022,12870474.74,32248298.32,0.138
"Scott, Ryan and Cooper",13-05-2023,41452026.7,5082492.82,0.1675
"Williams, Delacruz and Roberson",17-05-2023,60197457.62,22585384.17,0.0885
Thomas PLC,05-11-2021,20706788.14,87554007.95,0.1034
Blanchard-Webb,24-12-2022,83639472.1,17245749.48,0.1745
Johnson PLC,17-02-2023,60291071.96,77390904.42,0.0993
Smith-Montgomery,24-05-2023,33438412.21,72174178.06,0.1445
Parker-Steele,25-07-2022,66488653.92,79737007.04,0.1245
Craig LLC,27-08-2022,5460131.37,16008936.62,0.0753
Davis-Drake,23-08-2023,28404365.9,34844417.27,0.0664
Gardner-Smith,04-07-2022,99625171.44,54109293.01,0.0674
May and Sons,03-11-2022,96237561.95,13116225.72,0.1115
"Smith, Hall and Rodriguez",17-12-2021,87618361.17,86752784.16,0.0991
Wilson Inc,09-09-2023,67975849.29,6122473.9,0.1848
Schmidt-Gray,19-01-2022,18198318.84,88727505.57,0.1253
Bryan-Mcneil,02-10-2021,96569722,7160192.38,0.1777
Page Ltd,08-10-2022,29020072.97,65613408.21,0.0683
"Nelson, Evans and Craig",04-07-2023,63591102.24,9032387.22,0.0713
Mendoza PLC,02-08-2023,96184856.74,44080943.08,0.0533
Merritt-Massey,15-12-2021,22406569.1,6608137.57,0.0952
Williams-Riley,18-11-2022,87486105.82,95453144.87,0.1241
Mitchell PLC,15-11-2022,59612342,59481135.42,0.0774
Warner-Sanders,23-10-2021,16208419.93,19319055.01,0.124
"Murphy, Sullivan and Mcconnell",04-05-2023,26532218.89,61542257.06,0.0903
Miller-Flores,11-02-2022,18371137.86,86660386.64,0.0915
"Hamilton, Humphrey and Jackson",05-02-2023,97799015.81,10015346.59,0.0742
Kim-Acosta,25-01-2023,46679459.47,75332409.37,0.1348
"Hunt, Ramirez and Martinez",24-03-2023,15417169.71,71792690.7,0.1802
Lopez-Pierce,02-12-2022,58138489.02,43060447.42,0.0731
Luna PLC,05-06-2022,92950925.61,75022514.29,0.0914
"Johnson, Cobb and Mack",12-12-2021,56629490.56,37641382.73,0.1095
"Walsh, White and Mcdaniel",10-02-2022,55964941.1,73456822.93,0.1692
Henderson-Price,29-05-2022,30355675.77,91410792.88,0.1238
Hansen Inc,17-03-2022,60395487.69,7626097.44,0.1466
"Booth, Gregory and Ho",04-11-2021,27312072.2,11385346.64,0.1284
"Stone, Lopez and Espinoza",30-04-2023,95829449.47,57688155.4,0.199
"Waters, Nelson and Rollins",06-12-2021,25785914.5,70779132.77,0.1635
Jackson-Bryant,10-10-2022,23265869.28,94767455.19,0.1622
Ramirez PLC,16-04-2023,10458211.93,33489874.28,0.0599
Burnett Group,08-04-2023,39963855.51,50749564.8,0.1411
Ward Inc,24-03-2022,30273433.24,71335883.58,0.1683
Jones PLC,22-12-2021,36377640.01,96794503.39,0.0655
Conway-Lewis,31-05-2023,36272383.44,90419117.84,0.1472
Mueller Group,08-04-2022,31522953.46,45049142.16,0.1937
Rodriguez Group,16-06-2023,60409706.67,84867838.89,0.1126
"Banks, Mathis and Freeman",17-02-2023,41364133.14,67396011.93,0.1501
Ali-Harris,08-12-2021,92125668.08,48575428.76,0.0771
"Lee, Gutierrez and Meza",30-01-2022,44010628.14,25077921.9,0.106
Mclaughlin-Foley,02-06-2022,62792833.06,21669479.88,0.1048
"Cook, Wells and White",11-09-2022,62187452.69,91419605.34,0.1547
Carpenter Ltd,22-05-2023,45957592.06,99317178.95,0.1035
Wong Ltd,21-06-2022,92563915.44,93337793.22,0.0679
Bradley LLC,05-08-2023,43900681.8,55077251.56,0.1718
"Dixon, Pierce and Stephens",02-09-2023,30985278.57,69449412.92,0.0731
"Fry, Owens and Willis",08-02-2022,70782339.38,69853743.7,0.1651
Adkins PLC,01-09-2022,6004492.11,66520771.39,0.1195
"Lee, Green and Thomas",11-01-2023,64901575.36,11668965.11,0.1079
Ward-Hunt,05-03-2022,40662750.04,24081482.86,0.1982
Brown and Sons,13-01-2022,4064007.11,62387869.19,0.1088
Nelson Inc,18-03-2022,16168371.49,24810071.38,0.1534
Brown Inc,01-06-2023,96010158.42,11591569.26,0.0733
Norton-Scott,25-02-2022,75590978.27,34836651.39,0.1946
"Forbes, Morrison and Torres",22-02-2022,78188806.37,50866994.79,0.1563
Duran LLC,18-07-2023,13904519.22,52860171.38,0.113
"Rose, Moore and Petty",05-07-2022,97370884.17,18516994.24,0.136
Smith PLC,06-08-2022,87833431.76,87833241.05,0.1894
"Walker, Cobb and Bennett",12-08-2022,99378568.93,31248087.61,0.066
Donovan and Sons,26-08-2023,63290460.16,42817209.45,0.1937
Russell-Wilkins,15-05-2023,88573083.71,50626526.88,0.1602
Bradley-Wood,07-08-2022,33056896.87,24794531.04,0.1695
Adkins and Sons,06-12-2021,55526752.28,79947717.29,0.185
Smith PLC,27-08-2023,81465870.34,99241076.98,0.1577
Fleming-Thomas,29-04-2022,25312826.53,45685581.1,0.1612
"Walker, Morgan and Mckee",16-11-2021,80499634.09,53712670.09,0.1559
"Simmons, Benton and Pearson",24-12-2021,6655996.89,14001644.3,0.1634
Harris and Sons,18-07-2023,55313943.64,69833268.79,0.1623
Case-Mendez,20-12-2021,2740658.48,23232686.3,0.1036
Harrison-Sullivan,23-09-2022,13773817.82,59401897.51,0.1528
"Lester, Day and Hamilton",10-10-2021,4214867.71,81414995.77,0.1118
Potts and Sons,25-01-2022,43976507.44,21561331.19,0.1436
Gray-Griffith,21-06-2022,31492195.48,79467672.65,0.1565
"Reid, Alvarado and Mendez",12-06-2022,63203380.87,72516103.93,0.0975
Gray and Sons,28-01-2022,76536695.04,70539572.16,0.0871
"Brown, Morris and Knapp",20-04-2022,57544843.85,78809692.67,0.1128
Torres Ltd,01-09-2023,72805742.8,36599290.38,0.1292
Andrews Group,17-10-2022,48301203.65,80602662.03,0.1141
"Lynn, May and Cruz",03-08-2022,88440856.31,67207258.04,0.1658
"Robinson, Allen and Mcbride",02-02-2023,37173756.85,92980366.04,0.1785
Ferguson LLC,29-12-2022,15204838.25,8924458.7,0.1845
Grant-Burns,30-12-2022,17581785.93,35338725.63,0.1131
"Nelson, Hooper and Newton",09-08-2022,97753147.46,32501746.42,0.1924
Estrada Group,30-05-2023,89816616.18,71425748.45,0.1678
Nguyen-Watson,12-09-2022,97329690.49,10665044.47,0.1463
"Stein, Foster and Sanford",19-06-2023,67941192.74,94339040.82,0.159
"Martin, Padilla and Contreras",21-09-2023,93480120.21,13587114.35,0.0732
"Booker, Wolf and Church",20-01-2022,72613408.42,92090123.17,0.0881
"Roberts, Holmes and Merritt",20-05-2023,24348384.53,62707174.59,0.1989
"Young, Myers and Santos",14-09-2022,49155802.54,9791868.51,0.1874
Collins Inc,15-07-2023,55420441.5,20641736.76,0.1772
Wyatt-Cox,10-09-2022,4870356.04,12915816.95,0.1424
"Wells, Lewis and Vaughn",08-12-2021,62144628.39,28400466.12,0.1674
"Lee, Stein and Mcdonald",21-12-2022,21204752.41,16905619.71,0.103
Wallace-Murray,15-03-2023,80196748.29,33890775.57,0.0981
Wallace-Gordon,21-07-2023,11491447.07,72721839.38,0.1143
Warren-Mcintosh,19-06-2022,76169680.01,4462200.16,0.1623
Martin-Rodriguez,18-05-2023,56641206.75,65437867.25,0.0526
Levine-Owens,14-12-2022,66621291.69,66952745.18,0.0887
Hawkins Ltd,31-01-2023,53383217.97,84122415.36,0.1221
Johnson-Gutierrez,08-07-2023,28779505.74,47608987.75,0.0938
Reyes Group,26-12-2022,88298853.29,45716777.87,0.0571
Armstrong-Garcia,25-04-2022,68804181.4,48164813.01,0.1034
"Scott, Ramsey and Rangel",03-01-2022,45578078.22,81308848.47,0.0704
Anthony-Castro,21-05-2023,46839581.74,17641402.47,0.1904
Ballard-Thompson,09-12-2021,97644122.98,36277693.89,0.0573
Lynch LLC,09-04-2023,7892781.16,76401457.41,0.1356
Baker-Wolfe,31-12-2022,52938264.39,56131265.61,0.1383
Stevenson-Wall,22-01-2022,50074391.06,97989981.49,0.1803
Jensen-Valentine,26-03-2023,15350079.61,46065809.94,0.0788
"Miller, Collins and Jones",05-10-2022,16783284,76241065.05,0.0902
Evans Group,25-03-2022,11892100.63,63766626.08,0.1049
Moore PLC,12-05-2023,92570589.49,52948246.67,0.1891
Mccoy-Frost,25-09-2022,21010597.39,83438038.96,0.0906
Zavala Group,04-02-2022,73289335.75,34006903.38,0.0872
Watson PLC,22-09-2023,1675873.46,45316417.42,0.1607
"Diaz, Cortez and Brown",17-04-2022,80218859.87,35916536.56,0.1634
"Walker, Vaughn and Ware",03-11-2022,64144341.09,94592831.63,0.1849
Ross-Lee,08-10-2022,7047646.1,41691956.5,0.1852
Ortega-Lynch,24-07-2023,96290982.01,79251509.58,0.1165
Palmer-Evans,22-08-2023,77031485.06,82706758.61,0.1236
Hamilton Inc,05-01-2022,9689711.33,30646852.21,0.1041
"Bowman, Randolph and Stanley",02-06-2023,33934428.4,23934965.47,0.1448
Smith PLC,03-08-2022,12739807.53,55414960.37,0.0733
Weber-Bell,29-07-2023,46021050.81,96629884.61,0.1667
Gray-Mejia,26-02-2022,73440102.94,17040057.52,0.0656
"Peterson, Hendricks and Brown",24-03-2023,34699346.34,86568485.31,0.1603
"Harris, Myers and Weeks",03-03-2023,82421951.21,97712874.94,0.189
Carlson Inc,28-07-2023,92569107.99,63191451.61,0.055
Martinez PLC,19-02-2023,98857744.93,57937477.76,0.0575
Cruz Inc,15-07-2022,13724914.23,38406450.9,0.1238
Gardner-Christian,01-11-2022,57969461.35,9258391.73,0.0596
"Brown, Jenkins and Beard",26-03-2022,44396971.45,14830502.57,0.1855
Flores PLC,15-02-2023,14156518.62,64599756.76,0.158
Gallagher-Hill,19-05-2022,66321409.76,59459193,0.1709
Costa-Joyce,22-12-2021,48342362.42,49899606.63,0.1763
"Mercado, Weber and Buchanan",16-11-2021,53830107.46,55996793.25,0.1676
Norton LLC,11-10-2021,5841164.64,62278528.95,0.1608
"Cortez, Bailey and Lee",24-12-2021,52603103.13,89240367.35,0.1759
Crawford Ltd,28-10-2021,39368304.78,46467453.36,0.154
Herring Inc,16-11-2021,26811553.84,40236805.68,0.113
"Brown, Obrien and Taylor",25-05-2023,51652907.65,12844854.71,0.1192
"Chapman, Powell and Wyatt",16-12-2021,40437659.11,63575614.86,0.1838
Miller-Russell,07-09-2022,21868429.87,7450703.9,0.1059
"Clark, Hall and Strickland",08-02-2022,10836125.44,69023058.78,0.1693
"Garza, Smith and Garcia",28-10-2022,74771724.23,74678085.46,0.1637
"Weber, Orr and Morrison",02-12-2021,89934895.14,30106183.32,0.0853
Alexander Group,24-11-2022,59128106.4,83986617.68,0.0784
"Rosario, Avila and Crawford",20-11-2021,45070560.74,19126495.86,0.1765
"Collins, Brennan and Hoover",04-12-2021,45269960.19,60468162.68,0.0625
Rocha-Ballard,21-12-2021,49081396.68,23550953.59,0.151
Ramos-Peterson,13-02-2022,87898656.9,83850708.88,0.1787
Gonzalez Ltd,23-04-2023,20396073.52,35887869.47,0.1087
Ray Ltd,18-07-2023,93796111.02,65915017.37,0.1111
Crawford Group,21-11-2022,92124896.67,72839779.25,0.0719
Williams-Nelson,18-04-2022,17226267.72,73482658.76,0.0667
"Miles, Austin and Mendez",21-03-2022,73769321.94,95608194.8,0.1138
Cole Group,18-09-2022,51976576.23,7386518.89,0.0681
Estes Inc,11-09-2023,34582174.11,41200954.08,0.0609
Simon-Kelly,17-06-2023,9201648.63,70289175.92,0.0507
Hernandez Inc,05-12-2021,23491804.1,5953373.92,0.1973
Davis Inc,13-09-2022,40692213.8,96585886.93,0.0656
Wiggins LLC,11-02-2023,93104397.22,15389311.86,0.052
Lopez-Taylor,21-06-2022,86933492.78,16802273.3,0.1803
"Weber, Davis and James",26-03-2023,26079265.52,91509878.75,0.0539
Curtis-Martinez,04-11-2021,55116226.51,49810480.11,0.0591
Smith PLC,15-06-2022,82885822.06,49942188.38,0.0661
Nichols-Carroll,02-12-2022,63648646.69,58736164.81,0.1851
Hall Inc,23-02-2022,29867992.79,73070552.68,0.1482
"Gonzales, Ward and Park",18-01-2023,23315363.25,33016405.53,0.1377
"Acosta, Rodriguez and James",25-06-2023,64115141.66,27999587.96,0.0947
Payne LLC,29-01-2023,98472717.02,18689179.51,0.1511
Rasmussen-Harris,22-08-2022,54628581.99,10609560.35,0.1434
"Miller, Jefferson and Miller",18-04-2022,23955624.45,62750701.36,0.1513
Green Inc,09-07-2023,87986870.25,63630257.74,0.1839
"Lara, Brady and Goodwin",21-05-2023,98045642.46,90545249.18,0.1199
Williams-Powers,08-12-2022,48568714.76,99852917.95,0.1745
Cole-Caldwell,03-09-2022,34435694.9,27956383.39,0.0801
"Price, Jenkins and Austin",09-03-2023,52157824.24,53007819.48,0.0649
"Wood, Hunt and Berry",27-02-2022,94338521.34,96790816.32,0.1598
Madden Group,13-08-2023,29111885.84,93437969.4,0.1655
Walsh-Gonzalez,26-06-2023,78887472.55,85354476.55,0.1943
Sanchez PLC,15-06-2022,38267590.95,93857921.53,0.0517
Wilson-Bonilla,26-08-2022,43185076.8,62314919.05,0.1623
"Carter, Kim and Dougherty",11-06-2022,53810518.99,68985327.01,0.1686
"Mann, Pollard and Miller",09-11-2022,28094653.22,36371887.61,0.0573
Walsh Ltd,13-12-2021,62416424.62,74507089.96,0.1453
"Gardner, Mccoy and Johnson",08-11-2022,34778678.15,86978031.42,0.0898
"Miller, Chapman and Woods",05-02-2023,4864474.45,55536585.6,0.1693
"Clay, Mckee and Mitchell",24-10-2021,42002398.68,19681040.1,0.1191
"Dixon, Henry and Combs",21-02-2022,72330572.02,65699872.4,0.121
Colon-Garner,14-12-2021,61495120.16,81468729.12,0.1617
Brown-Davis,09-05-2023,98158307.92,24103437.61,0.0875
Acevedo Group,21-03-2023,9006688.07,93280930.73,0.1526
"Moss, Taylor and Green",12-07-2023,74603323.17,44875472.88,0.1835
Schwartz-Pineda,04-01-2022,16002627.03,92499638.6,0.1429
Butler-Peterson,21-02-2023,10978383.93,27466230.69,0.1594
"Larson, Hernandez and Torres",03-09-2022,19359873.14,99613247.21,0.1996
Ward-Davis,23-07-2023,64196006.41,27014390.29,0.169
"Rhodes, Parks and Gomez",13-02-2023,16254943.92,88017895.42,0.1783
"Gomez, Sparks and Maldonado",07-03-2022,83719501.85,84736880.2,0.1445
Lewis Inc,20-10-2021,9515023.24,51078533.79,0.1949
Garcia and Sons,27-10-2022,38341396.01,64426898.96,0.0685
Fritz-Smith,10-05-2022,98050818.69,5616271.32,0.1617
Lawson-Walls,24-03-2022,97706354.68,62375863.6,0.1515
"Wilson, Mason and Herring",22-06-2023,14284552.36,64818885.11,0.185
Cole-James,04-10-2022,60936566.43,18194250.89,0.1942
Mcdonald Inc,22-01-2023,19342937.98,96729390.64,0.0716
"Wang, Contreras and Johnson",06-05-2023,57780920.6,65997493.51,0.0539
"Bullock, Wright and Allen",21-03-2022,49213924.74,96589403.03,0.0573
Ross-Holden,08-10-2021,42657481.8,33648495.57,0.1713
"Moore, Watson and Taylor",15-08-2022,25490840.79,51718892.12,0.0699
Thompson-Roberts,14-08-2022,95363528.57,48536061.11,0.0988
Rogers and Sons,07-03-2023,94495749.72,39846230.23,0.0954
"Smith, Grant and Villa",06-07-2023,3020475.91,68128341.5,0.0878
Parker and Sons,12-02-2023,85212677.57,56519091.81,0.123
Cook PLC,17-08-2023,67597417.9,87334882.19,0.1707
Anderson Inc,18-03-2022,86519184.18,74059537.8,0.065
Lopez-Martin,19-02-2023,17197747.56,30085041.08,0.1165
Garcia-Marshall,28-12-2021,7040050.71,38369578.13,0.0897
Allen-Roy,01-04-2023,55475836.47,71882039.11,0.1892
Brown Ltd,16-05-2023,16912158.83,53994599.53,0.1603
Terry-Jenkins,15-06-2023,40610407.79,51921336.97,0.1593
"Horton, Wolf and Herrera",25-11-2021,40142260.97,46593630.24,0.1152
"Parker, Howell and Jensen",12-10-2022,51670220.17,12588254.71,0.0519
Cross-Dunn,30-05-2023,36597706.16,65642923.93,0.1965
Smith-Villa,04-05-2023,62226267.6,6701300.43,0.0711
Fisher LLC,17-07-2022,82089268.25,59209038.11,0.0677
"Berry, Mueller and Hernandez",28-11-2021,77212644.53,46090286.07,0.1148
Robbins PLC,25-01-2022,93694503.01,48660660.34,0.1346
Coleman Ltd,06-07-2023,39038852.07,33209508.36,0.1982
Brown Ltd,07-05-2023,11229232.49,42091975.75,0.1253
"Burch, Hill and Duran",29-04-2022,84432189.41,69347612.34,0.1499
Carey LLC,18-10-2021,82715612.91,11547838.43,0.148
Jackson-Johnston,02-05-2022,2972990.43,47319840.3,0.1032
Mckinney-Reeves,17-07-2022,71009705.74,74611131.69,0.1046
"Evans, Roberts and Miranda",25-09-2022,39773932.73,31304098.68,0.0996
Smith-Williams,31-10-2022,84583704.96,49671016.37,0.1862
Rivera-Mcdonald,04-07-2022,70010289.13,28728133.46,0.181
"Ellis, Bradshaw and Williams",22-01-2022,19906661.21,58663588.54,0.1315
Sutton LLC,22-09-2022,44295734.52,26853806.5,0.1471
"Johnson, Keller and Bates",04-12-2021,12656776.19,10324518.45,0.0638
Foster-Burgess,09-03-2023,55562692.64,70460438.77,0.1279
"Ryan, Madden and Graves",27-09-2022,88057224.21,33816962.4,0.1939
Moore-Esparza,02-12-2022,6685846.63,93831603.84,0.0984
Guzman Group,24-01-2023,44873029.46,14125199.4,0.1458
"Johnson, Padilla and White",18-05-2023,70289802.97,89908307.22,0.1933
Lynn Group,12-06-2022,53192058.01,35066914.98,0.0607
Pena-Mccarty,20-12-2022,94231744.49,43919451.91,0.1508
"Schmidt, Wilson and Lee",16-05-2022,32083917.99,44811493.38,0.1301
"Lopez, Chang and Perez",28-09-2021,43955968.98,33179057.22,0.1362
Scott LLC,18-08-2022,88247757.89,14734919.09,0.1242
"Price, Noble and Ryan",10-09-2023,93072616.47,28220581.76,0.1687
Brown-Powell,01-12-2022,49808975.4,93533528.17,0.1723
Rocha-Rose,11-11-2022,56701570.44,11785319.78,0.1983
"Hicks, Jenkins and Martinez",26-10-2021,63600957.28,64680020.05,0.17
Combs-Mitchell,25-08-2022,11739405.86,54245550.8,0.0926
Davis Group,29-11-2021,31837437.05,12246368.6,0.1457
"Mitchell, Smith and Benson",23-03-2022,12092634.61,75382395.12,0.092
"Simpson, Miller and Goodwin",24-09-2021,34793185.41,41730007.67,0.0875
Powell-Edwards,13-12-2022,95730219.36,26270727.08,0.1387
"Henderson, Morrison and David",22-03-2022,63234248.09,92942492.11,0.1846
Fletcher-Miller,05-02-2022,87221792.62,98188200.63,0.0728
Estrada-Caldwell,21-07-2023,78967946.67,38382934.91,0.1815
"Miller, Jones and Thompson",07-01-2023,89853076.23,45912517.2,0.0795
Heath Inc,06-08-2022,71138813.49,54907696.37,0.0669
Palmer Inc,08-11-2022,92065002.25,36141910.45,0.1782
Rodriguez Inc,10-10-2022,28331440.51,60830584.27,0.1961
Brown Ltd,03-08-2022,3190662.72,87489698.01,0.0834
"Guerrero, Moore and Reese",11-05-2022,88791666.6,40983821.03,0.0654
"Reid, Gregory and Davis",31-03-2023,45110224.43,99840934.99,0.1018
Pope-Medina,07-09-2022,86276028.59,82783136.46,0.161
Brooks Inc,17-07-2023,66064472.7,6621336.01,0.1545
Sanchez and Sons,03-05-2023,32519402.26,20167846.25,0.1877
Clark-Ortega,17-07-2023,10623753.09,80979587.88,0.1577
King PLC,05-12-2022,44746255.07,36482128.87,0.1169
"Brown, Gordon and Rubio",09-11-2022,1350932.97,51840651.48,0.1406
"Nolan, Smith and Blackburn",12-09-2022,34823823.04,73193354.88,0.1477
Vincent-Davis,19-04-2023,54730897.86,6443662.35,0.1113
Wilson-Clark,31-01-2022,57086832.93,26660726.53,0.0579
Nielsen-Taylor,18-10-2021,3080858.37,56423196.95,0.1891
Newton LLC,07-01-2023,77988086.36,62328025.89,0.084
Alvarado PLC,03-11-2021,54530228.57,14515187.33,0.1846
Reyes-Poole,19-10-2021,99402912.78,6460388.49,0.1327
Williams PLC,27-07-2022,97324476.61,33745140,0.189
"Rodriguez, Foster and Bauer",25-10-2021,88942287.28,6525643.18,0.1695
Joseph-Williams,21-03-2022,61247662.86,23309562.5,0.113
Shah-Hooper,07-03-2022,89541147.36,92300256.34,0.1682
Torres-Hendricks,10-10-2021,86426644.31,37373194.6,0.0948
Miller Ltd,26-11-2021,57684374.05,20360714.37,0.1752
Pham-Lane,16-03-2022,92985029.78,15111565.38,0.1154
Martin-Valentine,11-10-2022,97394288.11,96548221.52,0.1655
"Howard, Levine and Becker",01-05-2023,12293832.87,47425859.36,0.0572
Reynolds-Bryant,11-10-2022,81694366.37,44486804.07,0.0736
Johnson-Mueller,08-11-2021,96592961.54,16911739.29,0.0655
"Mosley, Dixon and Clay",26-11-2022,34428231.73,38634027.55,0.0735
Petersen-Robinson,10-01-2022,39884796.67,66477153.93,0.1777
Wallace LLC,11-02-2022,40573547.55,2287769.52,0.1994
Johnson Inc,27-06-2023,55688530.94,25018388.7,0.0892
Anderson Ltd,04-07-2022,45828411.79,43861786.64,0.1318
"Cohen, Summers and Hernandez",30-11-2021,11091787.26,36716630.11,0.0634
"Hernandez, Thompson and Rodriguez",21-04-2023,11748032.88,76023247.29,0.1176
Cook Group,29-04-2023,23565926.07,23457340.46,0.1281
"Cooper, Robertson and Myers",05-02-2023,65047638.55,96600798.38,0.0605
Massey-Diaz,31-10-2021,51608090.25,22972429.83,0.1651
Perez PLC,21-10-2021,51358727.16,65957436.03,0.1566
"Newman, Mcintyre and Brown",29-05-2023,34546859.76,67981964.14,0.0509
"Jackson, Wheeler and Freeman",26-02-2023,14416294.93,29407461.92,0.1491
"Hunt, Hall and Lopez",07-05-2022,58933704.76,35129186.58,0.0713
Martin-Bryant,19-03-2023,38903396.48,56551837.92,0.1882
Perez-Grimes,10-07-2022,3461351.16,77202460.25,0.107
"Torres, Woods and Macdonald",28-06-2023,31056905.77,83143784.59,0.1551
"Jones, Gilbert and Ellis",06-09-2022,44169360.77,41886551.89,0.0555
"Barker, Turner and Smith",25-12-2021,46738872.07,69634478.27,0.1052
"Matthews, Yates and Martinez",02-01-2022,88783714,32458688.49,0.1356
Scott PLC,17-05-2022,48141113.06,59150967.44,0.1089
Frazier-Brown,05-02-2022,75491884.81,36245632.62,0.1034
Graham LLC,07-02-2023,95153769.46,16082112.59,0.0616
Vargas Group,28-08-2022,32164105.84,67062809.28,0.1713
Richardson PLC,04-10-2021,71436080,50358547.64,0.1637
Garcia Ltd,28-07-2022,38761638.95,13734301.16,0.0735
"Gould, Peterson and Taylor",26-06-2023,79897793.3,4562328.8,0.1357
Rodriguez-Russo,28-01-2023,56668222.93,50982032.57,0.1934
Griffin Ltd,29-07-2023,86334994.51,35314865.64,0.1411
"Mercer, Simmons and Harris",04-04-2022,32296312.96,62003946.93,0.1362
"Chambers, Johnson and Hood",01-03-2022,71313753.4,93415929.22,0.1912
"Carter, Goodwin and Jones",03-04-2023,14596252.11,63614715.76,0.1771
Booker-Bullock,07-12-2022,83826097.58,68003743.25,0.1691
Bishop and Sons,24-09-2022,65212330.22,39536974.34,0.1538
Cooke-Rodriguez,24-10-2021,29286146.25,48198144.51,0.1377
"Hall, Martinez and Stevens",12-01-2022,78909252.76,22341142.97,0.1851
Mejia-Santiago,21-11-2021,53309097.27,75881236.62,0.0556
"Harmon, Mullins and Johnson",05-02-2022,17608624.9,70080202.46,0.0827
"Stevens, Brown and Gordon",26-10-2021,64502297.28,78688522.72,0.1037
Meyers-Jacobs,02-01-2023,88869553.36,53509117.66,0.1494
Willis-Wright,04-02-2023,92371717.78,19925504.85,0.0953
Vincent-Ramirez,14-04-2022,16884067.44,50592921.59,0.0831
"Mason, Raymond and Rojas",18-11-2021,76984588.07,39979298.1,0.0824
Hatfield-Taylor,26-03-2023,16465824.89,57533523.36,0.1589
Osborn Ltd,01-11-2022,15089935.31,58422289.28,0.1069
"Mcintyre, Henson and Davis",26-10-2022,90736364.71,19738827.01,0.1621
Russell-Mcdonald,18-11-2022,14796216.11,19623304.27,0.1978
"Moore, Ryan and Davidson",07-06-2022,84071638.95,77059740.87,0.0575
Davis Group,11-06-2023,72010973.55,87959402.68,0.1294
Perez and Sons,13-03-2023,34630826.57,23434356.96,0.1295
Griffith-Peterson,26-11-2022,43951054.54,80152529.87,0.0616
Haney Inc,05-11-2022,90695219.62,77158169.95,0.0836
Morales Inc,01-04-2022,70049505.07,70162341.69,0.1489
"Gray, Maldonado and Mcdonald",12-02-2022,54109183.97,93739989.69,0.1996
Li-Adkins,24-11-2021,12414841.52,23103190.67,0.1191
Smith-Walters,23-06-2023,14278902.77,82987697.78,0.1412
Johnson-Graham,16-06-2022,31364428.49,98919528.86,0.0856
Pearson LLC,13-01-2023,51709668.32,48913106.55,0.1231
"Newman, Costa and Washington",27-09-2021,8274747.83,45590766.99,0.0997
"West, Cole and Harrell",13-02-2023,25245322.76,13778424.89,0.0984
Mathis-Young,17-10-2022,21389491.78,11018214.83,0.0949
Shepherd and Sons,20-11-2021,76889412.83,49866260.41,0.0618
Chandler LLC,14-04-2023,64396316.13,6390271.67,0.0887
"Chung, Smith and Miller",12-10-2021,1838570.14,51138196.61,0.1517
Mccarthy-Moore,22-09-2022,53821262.96,1114712.9,0.0521
"Valencia, Torres and Williams",08-10-2021,48412324.61,81510894.96,0.1554
"Robles, Pittman and Brock",30-03-2023,75687937.39,89431872.67,0.1231
Graves Group,22-08-2023,53837465.47,9604136.73,0.0567
Jackson Inc,10-11-2021,35430991.94,71168323.05,0.1135
Johnson Inc,08-01-2022,25019101.92,60484661.53,0.1174
Williams Group,29-10-2021,49396950.08,72922719.51,0.1665
Ferguson-Green,08-04-2023,13629239.71,64434572.41,0.1785
Robinson and Sons,21-04-2023,38767952.83,97847091.3,0.1704
"Gallagher, Ho and Patel",16-08-2022,52278049,84889389.4,0.145
Rodriguez LLC,20-08-2023,17720750.62,76331551.95,0.1368
"Dougherty, Singleton and Phillips",04-06-2022,24760053.44,88811078.87,0.1659
"Villanueva, Brewer and Koch",02-10-2021,32036504.09,53206213.87,0.0674
Price PLC,20-06-2023,31474946.83,69852882.35,0.0978
Harris-Anderson,10-06-2023,10371965.14,51683444.58,0.0712
"Morgan, Bryant and Douglas",22-12-2022,80585873.17,40774887.46,0.1456
"Montoya, Diaz and Meyer",14-04-2023,24132395.86,50369615.78,0.1973
Hill Ltd,30-08-2022,90830302.3,45661610.3,0.147
"Logan, Powers and Sanchez",06-03-2022,22017616.88,44313621.52,0.109
"Ellis, Knight and Jenkins",02-11-2022,57904301.95,20825226.76,0.1285
"Koch, Mann and Dean",22-08-2022,27707136.19,28872485.14,0.1807
Cardenas Ltd,02-09-2023,77634442.96,45587128.07,0.0665
Sawyer Group,24-03-2023,37791240.53,62013786.11,0.1196
Shaw LLC,07-03-2022,62404897.65,87350442.22,0.1242
"Miller, Huff and Marks",11-11-2022,68164190.93,5977471.71,0.1661
"Lang, Reynolds and Lyons",11-08-2022,1967472.74,25187718.4,0.0875
Harmon Inc,02-09-2023,11265373.38,16253045.99,0.0501
"Cruz, Williams and Gomez",31-12-2021,8362868.97,78496934.68,0.1531
Smith-Vincent,06-10-2022,94137154.74,97091870.26,0.1223
Smith-Dillon,09-01-2023,60710871.47,19454834.58,0.0996
Greer PLC,15-04-2023,76788701.69,88898020.02,0.0566
Saunders PLC,20-10-2022,15273126.03,99211052.38,0.1749
Campbell Group,14-12-2021,68742023.62,97710680.62,0.1663
Arroyo-Weaver,28-11-2022,35203160.56,67781764.51,0.0936
Martinez-Johnston,02-06-2023,31595421.74,23484952.42,0.1833
"Marshall, Luna and Miller",03-04-2022,94372769.61,24056419.95,0.1152
Nelson-Thomas,14-10-2022,83155086.58,3698776.63,0.1204
Thomas LLC,07-10-2021,57615213.8,31302029.07,0.1167
Bentley LLC,24-05-2022,48917462.18,93225651.65,0.1675
Lewis LLC,22-05-2022,63861523.08,5327122.08,0.1365
Barrett-Gordon,10-02-2022,73351123.76,73073598.61,0.1127
"Flores, Taylor and Bishop",25-06-2022,6051174.11,41770671.25,0.1386
"Wright, Huynh and Horton",24-10-2021,93280979.95,76293893.2,0.1884
Fisher and Sons,01-04-2022,83805584.58,87501122.88,0.1637
"Norman, Johnson and Mcneil",14-02-2023,77641534.58,47171205.83,0.1732
Mcdonald and Sons,19-06-2022,91151638.22,98412219.21,0.1537
Baker Ltd,10-10-2021,84349150.13,39366096.26,0.0802
Maxwell-Smith,07-06-2022,2166104.16,31958027.73,0.1527
Calhoun LLC,28-01-2022,83691031.44,23942385.89,0.1446
Benson-Poole,29-03-2023,63312697.93,49672637.46,0.137
"Vargas, Hughes and Peterson",26-06-2023,70360931.94,17130421.59,0.1733
"Whitaker, Perez and Walker",06-01-2022,91496935.79,31624159.78,0.0993
Alexander and Sons,28-09-2022,15143537.47,90085313.95,0.1237
"Lucas, Jackson and Davis",06-04-2023,44633234.18,91829172.85,0.185
"Callahan, Thomas and Lucas",06-09-2023,80575407.41,77779557.75,0.1967
Morales-Washington,13-03-2023,10100308.39,65379942.27,0.1547
Nguyen-Lopez,24-06-2022,44214285.21,61322156.11,0.18
"Banks, Jenkins and Ferguson",15-02-2023,10053792.14,56300489.42,0.1649
Howard-Howard,06-04-2022,84774075.27,33675216.94,0.1081
"Lee, Stewart and Martinez",29-04-2023,7452246.14,59568319.76,0.1406
Williams and Sons,19-05-2022,15396381.26,39808424.04,0.1738
"Finley, Stanley and Barr",20-08-2022,35213581.59,98494965.46,0.1875
Brown-Roach,27-03-2023,38333098.7,42530459.71,0.0728
"Hines, Stewart and Johnson",25-10-2022,46776543.47,70326975.96,0.1202
Ruiz PLC,04-02-2023,94483068.99,72952298.34,0.1261
Yates-Baxter,10-05-2023,52466841.34,26255809.86,0.1643
Richardson-Carter,10-09-2022,83520449.37,20209986.52,0.0609
Gamble-Johnson,14-04-2022,13170538.16,52181522.12,0.0709
Brady Group,03-02-2022,97161330.77,92293623.32,0.0942
"Edwards, Liu and Perez",31-08-2023,41077943.76,7910583.73,0.1669
Nunez-Brown,15-05-2022,24971483.92,3668541.49,0.0616
"Wade, Taylor and White",20-11-2021,12116150.91,91107204.81,0.1682
Garcia PLC,28-09-2022,79404812.63,6893785.4,0.0947
Mejia Ltd,19-03-2022,27366263.21,27657224.69,0.062
"Hunter, Moore and Harvey",03-06-2023,66227360.99,56406648.73,0.1491
"Dixon, Stevenson and Oconnor",14-04-2022,60297437.26,12976921.77,0.0522
Cox LLC,02-09-2023,72578252.08,52796494.89,0.1868
Jackson-Saunders,08-01-2023,1789777.46,56633361.81,0.0788
Velez Ltd,02-01-2022,15975010.68,60395075.78,0.1632
Morris-Williams,26-12-2022,5706419.85,64081679.79,0.1743
Anderson Group,17-03-2022,41080827.32,88262803.36,0.136
"Nguyen, Diaz and Anderson",29-03-2022,74044563.1,85237329.99,0.0748
Anderson-Smith,20-11-2021,72065452.69,59472415.28,0.1385
"Williams, Jackson and Williams",19-01-2023,18601662.23,45158500.81,0.0755
"Bonilla, Durham and Patterson",05-02-2022,45828621.49,27488813.31,0.1061
Anderson-Payne,11-07-2023,2150887.73,60287809.9,0.089
Callahan and Sons,02-07-2023,89741207.46,59565786.93,0.1243
Jenkins Ltd,31-12-2021,67491010.42,93056431.45,0.1363
"Roberts, Miller and Johnson",18-08-2023,85652821.33,36420300.89,0.1188
Willis PLC,23-10-2021,9953263.56,3328004.4,0.0882
Wood-Villanueva,05-03-2023,38806572.88,47391777.3,0.1288
Jenkins PLC,23-11-2021,68912335.06,6854389.78,0.1853
"Hall, Martin and Jordan",15-11-2022,94920641.63,77605113.35,0.1498
Green-Haney,25-12-2022,5428317.16,72618130.08,0.0788
"Clark, Brown and Hart",20-01-2022,31752210.67,24144129.49,0.1792
Romero Ltd,20-01-2022,38559037.82,75727063.03,0.1345
Manning-Watson,05-04-2022,90911442.77,73903916.38,0.1177
Robbins-Wilkerson,30-01-2022,9251366.03,63163063.45,0.1839
Meadows-Carroll,21-06-2023,64581079.92,46246487.3,0.1118
"Gonzalez, Delgado and Leonard",01-03-2022,3460013.9,52052824.23,0.1349
Hardy-West,07-01-2022,4504558.61,90749437.42,0.1045
Boyer-Bryan,20-06-2022,89107593.27,29130658.34,0.0569
Baker-Miller,26-05-2022,93115452.13,67915379.34,0.0949
Chapman LLC,25-07-2022,20477864.45,63607014.13,0.189
"Ramos, Farrell and Short",13-04-2022,79471150.56,28004979.59,0.1853
"Smith, Evans and Grant",20-05-2022,46052931.97,25055887.48,0.1109
Bailey PLC,01-10-2021,24574185.39,72883318.51,0.0718
"Rowe, Wright and Perry",03-06-2022,74742559.44,6786073.67,0.0802
"Hall, Mueller and Macias",23-06-2022,27486300.31,67411724.26,0.1113
"Palmer, Tate and Webb",15-08-2022,1504503.51,61238005.1,0.1479
Chapman and Sons,09-11-2021,73157705.56,71405601.34,0.0642
"Cole, Johnson and Keller",20-10-2022,42959782.75,7264397.25,0.0892
"Miller, Woods and Hill",30-12-2022,32003401.89,13046500.61,0.0915
Cowan-Lewis,13-04-2023,64706563.09,34926553.72,0.1947
Vasquez PLC,08-03-2022,39111486.87,15594043.96,0.1687
Jordan-Garza,08-06-2022,81280901.67,61444714.57,0.1218
Carson-Ferguson,11-08-2022,10742385.58,79356404.86,0.1616
Reed Ltd,25-05-2023,52183573.85,81828825.88,0.0628
Harris Ltd,24-03-2023,27976634.3,81408058.9,0.1266
Beck Group,25-11-2022,23127445.1,86724222.61,0.1158
Burgess Inc,17-12-2021,72429915.01,51551178.71,0.0829
"Bullock, Campbell and Schaefer",28-09-2021,45162698.6,57595434.26,0.1671
"Lee, Shaffer and Davis",21-08-2022,4171500.5,83730474.43,0.0722
Lucas Inc,24-01-2023,38853695.24,23510426.99,0.1968
"Henry, Cox and Humphrey",01-03-2023,23521757.88,32516862.75,0.1928
Meyers PLC,20-05-2023,24531098.53,98326674.24,0.0878
"Griffith, Romero and Armstrong",12-06-2023,59786633.32,36395263.59,0.0709
Wright-Robinson,16-10-2021,90530702.46,29635100.11,0.1099
"Gonzalez, Allison and Wells",21-12-2022,16076304.52,14035459.89,0.0637
Williams Inc,05-06-2022,54448780.94,69297518.96,0.1443
"Clark, Orozco and Harding",20-01-2022,77107645.92,40687642.27,0.1657
Baker LLC,24-01-2023,43576012.46,52052319.62,0.097
"Walker, Kirk and Olson",11-06-2023,3280747.76,58810536.79,0.0727
Newton Inc,28-07-2022,75152149.8,34461070.95,0.0711
Myers-Cooper,07-05-2023,35628639.9,33671084.23,0.151
Shaw Group,02-04-2022,98968392.26,33268968.66,0.1047
Perez-Stevenson,02-11-2021,21708890.09,45544404.09,0.1194
"Moses, Holland and House",10-03-2022,32332320.84,44547234.9,0.1243
Mann-Thomas,07-05-2023,26428802.88,52702456.17,0.0639
Jackson-Conner,05-11-2022,44408432.57,2387850.49,0.104
"Davis, Williams and Walters",19-08-2023,67705594.65,3064237.19,0.1556
Reid-Boone,07-09-2022,27920200.58,41372181.01,0.0994
Buchanan PLC,13-09-2022,83212761.17,3012898.02,0.1004
"Hardin, Green and Hines",28-07-2022,8357148.93,32755962.13,0.0944
Roberts Group,26-02-2022,11299500.7,85221776.21,0.0682
"Montoya, Rojas and Reeves",10-12-2022,53263228.83,19481552.93,0.1445
Wong-Hammond,18-05-2023,64534290.43,12784639.64,0.0785
Michael-Rodriguez,26-03-2023,66719163.09,77237860.72,0.1628
Carter-Davis,03-12-2022,8582769.75,3407894.64,0.1172
"Barnes, Dixon and Williams",22-07-2022,27119654.33,83682586.94,0.1261
Smith-Floyd,28-07-2022,41766487.45,91068964.27,0.1947
Gamble PLC,10-02-2023,65094215.36,92794653.76,0.1866
"Long, Knapp and Caldwell",31-01-2022,84495847.41,1160730.18,0.1174
Andersen-Coleman,26-04-2023,15730865.84,59722724.08,0.096
"Thomas, Young and Roberts",21-01-2023,9058850.02,21433053.57,0.1123
"Melendez, Stevens and Mcdonald",25-01-2023,51197083.21,53377934.35,0.1774
Adams-Odonnell,07-07-2023,76040663.52,25516997.78,0.1372
Edwards-Lee,29-04-2022,86458511.1,15265527.45,0.0856
Bean Group,02-12-2021,23450389.27,88617514.8,0.094
"Mcdonald, Simmons and Price",01-02-2023,86663474.78,73638267.56,0.102
"Robinson, Barron and Johnson",14-08-2023,91692007.89,35728501.41,0.1207
Arnold-Smith,20-07-2022,91676658.64,53678903.48,0.1529
"Blanchard, Watson and Smith",09-01-2023,5278918.12,70162898.58,0.0837
Nelson-Jones,02-01-2023,20045606.51,18705719.95,0.0792
Cohen Inc,14-01-2022,59908657.07,12366565.43,0.0667
King-Diaz,18-08-2023,32037955.32,54879555.87,0.1214
Kelley-Hensley,05-04-2023,15664212.65,95335630.46,0.1301
Gibson and Sons,08-08-2022,14988328.44,81480211.64,0.0637
Johnston PLC,07-07-2022,15859497.12,36401397.13,0.0552
Arroyo Group,02-09-2023,63493894.1,33323917.93,0.1692
Conner Group,16-09-2023,91178394.76,92811488.54,0.0785
Anderson Inc,21-04-2023,44076383.81,98745331.87,0.1492
Shepherd and Sons,16-03-2023,12428894.61,26469623.62,0.0663
"Mcconnell, Smith and Brown",09-01-2023,42680085.67,40228431.58,0.1872
Hernandez LLC,15-10-2022,22587221.72,60992558.96,0.184
Perez-Jones,02-12-2021,54777869.8,84355638.78,0.0508
Stevens-Bailey,05-04-2023,96915448.25,37077495.64,0.1314
Morris Ltd,18-01-2023,79318018.08,7747854.51,0.1452
"Sutton, Nelson and Hess",13-08-2022,97193883.36,35742327.28,0.1135
Johns LLC,20-02-2022,92896352.77,28993367.3,0.1789
"Blevins, Edwards and Bailey",21-03-2023,34587033.98,51936940.84,0.1369
Hunter Inc,25-05-2022,45809795.66,79253182.99,0.1162
Benson PLC,12-04-2022,93330622.42,91917251.8,0.0748
Rodriguez-Anderson,26-04-2022,98592141.31,72475824.05,0.1737
"Smith, Thomas and Ward",11-06-2022,47009010.97,91944695.26,0.0589
Murray-Chavez,25-06-2022,86100298.04,8355942.55,0.1274
Mitchell Inc,14-01-2022,92417370.88,85672375.62,0.1451
Ross LLC,05-08-2023,28993200.63,29461351.96,0.1489
"Robinson, Ross and Shannon",15-04-2023,7277533.19,25506446.34,0.1028
"Price, Scott and Smith",19-12-2022,47791529.66,62056841.45,0.1914
"Hernandez, Alexander and Cox",02-11-2021,43247455.49,23517788.8,0.1968
Thomas and Sons,08-07-2023,78279884.74,84607653.98,0.0563
Miller-Johnson,01-06-2023,22013343.58,9599196.13,0.1599
Rogers PLC,16-09-2023,24505482.47,8514939.69,0.1641
"Flores, Harrison and Fuller",08-08-2022,28590550.47,84101969.3,0.0732
Mack Ltd,23-10-2021,85036419.03,23595333.67,0.1033
"James, Bradley and Jordan",23-09-2022,46125156.53,49614750.77,0.1921
Rodriguez Ltd,18-02-2022,73007844.46,78037640.87,0.0649
Cardenas LLC,13-06-2023,29250440.15,85035463.51,0.1331
"Horne, Gonzalez and Hunt",09-03-2023,91922895.17,77920745.22,0.1464
Adams LLC,28-01-2022,83381456,31715045.17,0.151
"Steele, Mitchell and Hawkins",10-06-2023,63422195.47,27500228.96,0.0669
Le-Johnson,05-05-2023,25310011.03,52813633.5,0.0565
Williams LLC,23-03-2022,72060550.6,50273415.9,0.1782
Hall-Elliott,02-09-2023,99485901.16,90220745.06,0.1943
Brewer LLC,09-11-2022,39584181.01,88529234.07,0.1191
Phillips-Lloyd,30-04-2022,32005671.53,64241552.24,0.1276
"Cordova, Brown and Dougherty",06-12-2021,85497048.57,86506383.3,0.1103
"Wright, Smith and Mills",14-09-2022,9744057.93,12708489.82,0.1217
Tucker-Wilson,13-10-2022,44152734.75,64551104.61,0.0883
"Gardner, Garza and Williams",11-07-2022,25347217.56,11641879.69,0.1736
"Miller, Nunez and White",13-02-2022,37840637.83,66971359.57,0.1468
Brown-Poole,01-02-2023,69288888.07,9106135.29,0.132
Roberts-Powell,13-09-2023,83120963.88,54425672.16,0.1767
"Castro, Rosales and Martinez",22-09-2023,99753980.99,50840402.25,0.0915
"Martinez, Henson and Parks",19-06-2023,3672957.5,58875697.57,0.066
Anderson PLC,25-07-2022,11087716.94,94913183.99,0.0664
Barajas-Torres,17-04-2023,17263433.57,45800190.79,0.1171
"Martin, Williams and Harrison",04-12-2022,23579709.62,28441408.82,0.1246
"Rodriguez, Haynes and Hernandez",07-01-2023,91862536.38,17986049.7,0.1539
Mendoza Group,09-03-2022,67181111.58,34449515.89,0.1756
Crane Group,08-02-2022,43288159.2,35419342.46,0.1314
"Alexander, Payne and Ford",29-01-2023,48786155.94,62296416.88,0.1313
"Norris, Davila and Bowman",11-07-2023,13052603.63,63653824.28,0.1305
"Wagner, Walsh and Stuart",15-01-2022,27879982.43,80810671.94,0.1089
Thomas-Stark,09-01-2023,74690175.4,15958775.93,0.1239
Mcneil Group,03-04-2023,12728525.49,37344020.77,0.1938
"Kelly, Jackson and Green",27-02-2022,57351142.49,14666038.62,0.0659
"Jackson, White and Clark",01-10-2022,20872167.32,38630000.84,0.0759
Williams-Schwartz,21-01-2022,17716911.13,92894062.92,0.0794
"Williamson, Davis and Brooks",25-11-2021,72364483.34,56289197.66,0.1586
"Vargas, Deleon and Stevens",17-12-2021,53579340.63,27126479.13,0.0826
"Best, Parker and Myers",10-07-2022,65290625.03,30694919.57,0.1381
Torres LLC,24-06-2023,32022501.39,94412798.61,0.0507
Estrada and Sons,06-06-2023,57957699.91,34205529.6,0.1557
Conner-Ramos,06-06-2022,40803314.7,95823671.62,0.1453
Bradley Inc,10-11-2022,14682001.2,83932358.66,0.1698
Ferguson-Dean,12-09-2022,3459100.04,30383170.59,0.0813
