Date,Property_Type,Occupancy_Rate,Monthly_Revenue,Avg_Rental_Length,Maintenance_Costs,Maintenance_Issues,Customer_Satisfaction
08-12-2022,House,0.889349602,8969,6.760476015,1631,19,4.862833932
24-04-2023,Condo,0.794884349,9099,6.174513656,1609,18,3.76223635
06-07-2023,Apartment,0.838896975,9153,8.029493494,772,4,4.080704734
09-11-2022,House,0.829510516,5561,9.894599352,1005,18,4.075585814
06-01-2023,Condo,0.835126562,7197,8.924229037,1562,8,3.736258935
12-07-2023,House,0.829581108,5029,6.108407045,984,17,3.614472405
03-10-2022,House,0.823738679,8978,11.44657811,1727,14,3.015942978
17-01-2023,House,0.713970181,9736,9.461210307,840,1,3.123429709
05-03-2023,Condo,0.713359018,7254,10.63359102,1729,0,4.318254535
03-02-2023,Apartment,0.779797973,9349,10.11975422,645,19,3.803796442
02-02-2023,House,0.801733677,9558,8.860643761,580,10,3.698230969
04-08-2023,Apartment,0.912597116,5640,9.87572797,1018,19,3.726860224
28-06-2023,House,0.741429382,8968,8.431508736,660,19,4.312562369
05-01-2023,House,0.73167406,5228,7.112472372,1895,14,3.7812096
05-09-2023,House,0.771038185,7387,10.89505164,1452,18,3.773994186
22-07-2023,Apartment,0.859636973,9219,6.129566959,903,1,4.080342429
11-12-2022,Condo,0.891997772,7327,8.357364249,1628,9,4.165602217
22-06-2023,Apartment,0.869786091,6061,11.55886367,865,6,3.163741031
25-03-2023,Apartment,0.889594733,8067,6.426671919,1725,12,3.45178565
28-10-2022,Condo,0.782548547,9553,11.28251087,1433,16,3.672342766
13-11-2022,Apartment,0.813441619,9799,9.329819898,1080,2,3.163772246
28-09-2022,Condo,0.77793685,8857,10.64768951,681,17,4.368778934
12-09-2023,House,0.791737274,6641,7.457316925,937,4,3.989034642
29-05-2023,Condo,0.732977047,6559,9.134016933,1707,8,3.757553824
01-09-2023,Condo,0.944366674,5712,11.04299866,992,5,3.287085811
04-10-2022,House,0.715079429,5931,6.470659955,942,6,3.894361507
12-03-2023,Apartment,0.856452136,6578,9.363751979,1836,10,3.573191416
20-01-2023,Condo,0.862663413,5517,8.772316219,813,15,4.426823783
10-03-2023,Apartment,0.784249181,5510,9.585142595,677,1,4.46226706
05-11-2022,Apartment,0.814864955,8138,11.56703544,1003,18,3.494469938
11-03-2023,Condo,0.794943882,8574,6.764527857,1513,6,4.877735139
22-10-2022,Apartment,0.816036089,7174,8.086776565,734,6,4.495153269
08-10-2022,Apartment,0.86180431,8732,9.862852392,1096,8,4.071245416
07-01-2023,House,0.783775713,5767,6.122964433,861,16,4.810623797
17-07-2023,Condo,0.854381055,9381,8.38477986,1589,18,4.816124124
20-02-2023,Apartment,0.715097185,5450,11.43968132,1501,20,3.164869477
27-10-2022,House,0.919935747,9273,9.342387078,1330,8,3.173415837
27-07-2023,Apartment,0.919146011,9633,8.287829979,1501,11,4.90058625
10-02-2023,Apartment,0.916396296,8380,9.940080132,1141,19,4.416175198
10-11-2022,Condo,0.82228209,9493,11.30616352,747,5,3.639443724
26-12-2022,Condo,0.880676187,5773,10.94164658,1514,4,4.629595274
21-07-2023,Condo,0.759289932,7806,8.947059847,1351,4,4.723277286
07-02-2023,House,0.713033155,5766,7.08064038,1659,3,3.361690468
28-04-2023,House,0.94845538,7314,10.84550238,883,19,4.703827946
26-01-2023,House,0.874062834,5332,6.978969119,826,4,4.047342844
23-04-2023,House,0.762836342,5641,6.994949866,1851,14,3.864257251
29-09-2022,House,0.783370823,7772,10.26821814,1169,5,4.696402221
23-07-2023,Apartment,0.735344138,7546,6.559354769,900,8,3.254800149
29-03-2023,House,0.770588378,5064,6.006614596,661,6,3.989395343
03-08-2023,Apartment,0.716375199,6352,8.090681643,1577,15,3.113411264
17-06-2023,Apartment,0.864102594,5392,11.45555447,1182,1,4.036419778
22-03-2023,Apartment,0.899520491,6703,9.64569651,1782,5,4.480847879
16-05-2023,House,0.839874028,7096,7.33505664,1416,5,4.296717875
03-09-2023,House,0.879285388,6966,11.96389985,548,7,4.983344617
25-12-2022,House,0.875894679,8197,9.32647941,868,4,3.333268904
24-09-2022,House,0.757796014,5981,6.265263778,606,10,4.126303915
19-12-2022,Apartment,0.86998273,9312,10.89133372,1889,8,3.903478395
18-01-2023,House,0.80345614,9388,7.285466147,1553,8,4.478352991
28-08-2023,House,0.760984112,9963,7.835381927,1279,5,3.698225451
21-10-2022,Condo,0.774357999,5680,8.324307852,1653,20,3.295674133
18-04-2023,House,0.875770795,6151,11.79578986,1028,7,4.094741948
30-10-2022,Condo,0.840519344,8236,8.59432149,1542,18,3.746159182
26-12-2022,Condo,0.716790791,6826,7.727296817,1849,2,3.587949225
07-08-2023,House,0.734925541,6028,9.719846872,1085,4,3.785675832
15-12-2022,House,0.911492676,9785,9.470274732,1158,2,4.513932665
24-06-2023,Apartment,0.804883288,7850,7.691159558,1746,16,4.458784313
07-05-2023,Condo,0.840078567,5777,6.062453706,1240,17,4.455332971
26-05-2023,Condo,0.841730719,5176,9.331435556,698,13,4.226582028
21-08-2023,House,0.933772623,7943,7.981484159,1587,17,4.528792851
24-12-2022,Apartment,0.748738693,8618,8.573203589,894,3,4.777726754
20-10-2022,Condo,0.79955818,9452,8.226101913,1551,14,4.256217868
31-12-2022,Apartment,0.908557443,5065,10.3599446,693,0,3.418565646
29-10-2022,Condo,0.855077133,9625,9.89576041,1849,3,3.529389416
23-02-2023,Condo,0.912962177,8646,8.973630197,849,3,3.645074547
25-11-2022,Apartment,0.792070151,6898,10.95055981,940,20,3.991157291
16-06-2023,House,0.883911086,9157,11.6745141,611,20,3.522685994
23-03-2023,House,0.83129388,6175,11.91559,1105,8,4.600692893
11-04-2023,House,0.933009689,9988,8.158568448,1898,16,4.911040212
23-06-2023,Apartment,0.860232955,8953,11.89703909,1562,12,4.313651736
09-09-2023,Condo,0.858897402,7219,6.095262713,1750,2,3.973857031
23-10-2022,House,0.80378404,6670,8.562210314,1098,9,3.710263956
14-03-2023,Apartment,0.707638739,7581,8.327994777,954,7,3.951307911
06-05-2023,Condo,0.847274639,9683,11.65094402,949,10,3.832248167
24-01-2023,Apartment,0.878436162,8978,7.226456601,1107,20,4.49016529
02-02-2023,Condo,0.87831637,8980,7.859730077,1577,0,3.712772459
07-04-2023,House,0.901040673,9999,8.118912097,1490,5,3.142227605
05-08-2023,Apartment,0.781951613,7170,10.46992531,1256,19,4.597176039
26-08-2023,Apartment,0.776609747,7781,6.235075882,1393,9,3.660419631
21-11-2022,House,0.812766927,5222,10.85856442,1874,0,3.099917305
06-03-2023,Apartment,0.764738571,5995,6.604875935,1054,17,3.588090391
15-12-2022,Apartment,0.884835759,6232,6.879230283,1714,3,4.366095222
15-03-2023,Condo,0.767642948,9250,6.236680249,1778,9,4.75501486
05-02-2023,Apartment,0.90052125,5572,8.871136059,939,14,4.480736713
27-02-2023,Condo,0.76309165,7568,9.357762968,755,12,4.498089649
08-01-2023,Apartment,0.846641045,8902,11.06521606,1445,16,4.489924618
30-09-2022,Condo,0.892306038,9335,9.868831264,1314,12,3.108317398
24-05-2023,Condo,0.885079048,6295,8.728816592,1741,18,4.842002433
17-11-2022,House,0.758147985,9428,11.71399395,779,2,4.438268479
21-05-2023,House,0.779078183,8899,9.46629125,875,18,3.874958391
25-06-2023,Condo,0.800491832,9699,6.935696645,561,0,4.189863716
07-04-2023,Condo,0.897305684,6203,6.745222213,1114,7,4.44448956
29-06-2023,House,0.831898105,6571,6.089718928,1400,18,4.54586012
19-12-2022,House,0.849275544,8863,9.825223418,727,6,4.705127208
10-03-2023,Apartment,0.898410672,9153,7.242612729,1370,17,3.49288206
02-04-2023,Condo,0.820704959,6394,7.077311521,1736,9,3.631726426
24-02-2023,Apartment,0.794135113,8610,6.212801005,1525,8,3.459344146
03-08-2023,Condo,0.815746521,9759,10.44005846,1796,14,4.585577933
23-10-2022,House,0.821764003,6973,6.939747975,1143,17,3.038825692
16-12-2022,Apartment,0.753328474,7153,11.49680018,1403,6,4.508253382
15-10-2022,House,0.840541298,6351,11.54447096,1931,8,4.436310244
08-11-2022,Condo,0.777067174,9848,8.341404398,973,8,4.211022124
25-06-2023,House,0.702215248,8794,9.129939116,1996,7,4.804067614
21-11-2022,Condo,0.843183583,5721,8.483860216,1882,8,4.733878337
23-04-2023,Condo,0.861169741,6617,7.217603129,1922,2,3.44011103
20-04-2023,House,0.791166035,6941,6.540893724,940,19,3.146118497
09-12-2022,Apartment,0.87387095,5791,11.70284162,1158,9,3.244406334
14-07-2023,House,0.792758009,6546,7.33128172,1471,2,3.651904965
23-11-2022,Apartment,0.773427717,7235,7.138578421,1795,10,3.80482222
02-04-2023,Condo,0.782116265,8643,6.452071213,705,1,3.646585391
01-02-2023,Condo,0.936893086,6519,7.410265691,1584,18,3.407054023
01-04-2023,Apartment,0.871089688,8199,11.44410767,1385,19,3.887574086
28-06-2023,House,0.911673515,8027,7.238628634,562,6,3.586727124
23-01-2023,House,0.786088773,6485,9.39159974,852,20,4.046790734
06-07-2023,Apartment,0.767415767,5440,7.467286168,1393,15,3.585598407
28-01-2023,House,0.882613861,6143,9.550994055,1382,19,4.82412234
19-10-2022,Condo,0.756018677,6317,11.55364567,1830,11,3.024892328
18-12-2022,Apartment,0.791193453,8788,6.745362534,985,1,3.380551022
21-12-2022,Apartment,0.782495808,5900,6.923316315,1242,20,3.150985598
21-11-2022,Apartment,0.819617826,7369,6.847700844,1709,7,3.890118968
06-04-2023,Apartment,0.78416512,7004,10.37659119,922,19,4.958461838
19-12-2022,Condo,0.809391212,6909,9.073482014,1341,10,4.111990907
23-06-2023,Apartment,0.781383298,5927,10.07715647,1616,5,4.565980389
21-01-2023,House,0.762057142,7455,8.540211647,1057,20,4.041779547
29-07-2023,Condo,0.867982136,6888,7.787348455,1034,14,4.225546005
28-12-2022,Apartment,0.725373772,8972,7.1515411,1135,15,3.266553658
14-05-2023,Condo,0.891994069,9119,9.420203623,506,7,4.426956907
26-04-2023,Apartment,0.792623629,9614,7.240243447,1095,11,3.930482101
19-12-2022,House,0.903637285,9305,7.449899262,809,11,3.345035627
21-04-2023,Apartment,0.775405275,7026,7.062877135,1789,1,4.901980709
26-03-2023,Apartment,0.747136829,7698,11.26023692,1313,3,4.09377885
24-08-2023,House,0.836864836,8237,6.116963201,1731,7,4.541720969
12-05-2023,House,0.905799272,9261,11.2889026,1120,15,4.498693122
07-02-2023,House,0.891687832,5238,11.98366073,851,7,3.566205013
30-12-2022,Condo,0.920112417,8900,11.81564693,1964,2,4.795950111
07-07-2023,House,0.742482319,7401,8.659468482,1589,0,4.132698785
17-11-2022,Apartment,0.830221177,6449,7.514773797,1988,3,4.124490534
13-04-2023,Condo,0.891346107,7091,7.297042758,837,1,4.239646287
05-08-2023,House,0.865772586,6479,8.532296929,561,4,4.731309272
02-09-2023,House,0.814550209,5708,7.760923248,1220,12,4.177232668
10-08-2023,House,0.886087551,9678,11.00226777,1801,6,3.140294287
13-10-2022,Apartment,0.87993008,9105,7.735643503,774,8,3.071051521
12-08-2023,Apartment,0.749946377,8579,6.470897146,703,17,4.579600489
28-12-2022,House,0.717291302,6086,6.457831643,1998,13,3.544663484
26-07-2023,House,0.909010406,6614,10.3156236,1203,5,3.308672193
23-08-2023,Apartment,0.745677377,5453,6.383990045,1988,1,3.201817916
24-06-2023,House,0.820622019,7718,6.758010317,988,5,4.691430556
10-01-2023,Condo,0.766274201,7939,6.200090344,1090,15,4.116818264
17-08-2023,Apartment,0.743868379,7779,7.281227397,1152,2,3.190234523
27-06-2023,Apartment,0.941568966,9516,9.592453756,1052,1,4.286323882
16-07-2023,Apartment,0.760717597,6379,10.38335112,1029,19,3.020135197
08-10-2022,House,0.911889254,8336,11.50714626,831,9,3.206873142
01-04-2023,Condo,0.719024867,7548,8.7921682,740,1,3.141105301
02-09-2023,Apartment,0.834295654,7312,9.121818944,1562,2,3.131537706
30-01-2023,House,0.936329931,5711,9.017391885,1195,2,4.433411143
15-10-2022,Condo,0.749704272,8894,9.291761805,1820,16,4.065261234
28-02-2023,Condo,0.777000951,8777,9.172103052,1367,10,4.23773519
03-05-2023,House,0.753793799,8833,8.156214175,601,19,4.532755796
06-12-2022,Condo,0.879900928,9822,10.33812322,816,3,3.87342387
23-06-2023,Condo,0.890703843,8617,10.50493535,1380,2,4.793555318
20-06-2023,House,0.720285352,7578,10.56719982,1793,8,4.01669575
22-09-2023,House,0.853627006,9121,8.642296985,574,15,3.413879147
14-03-2023,House,0.859012815,8583,9.431096271,703,7,4.024401784
04-07-2023,Apartment,0.721692045,9114,8.023686165,1171,3,3.666674211
18-07-2023,Condo,0.903854273,6432,11.64193431,1266,12,4.906419665
14-10-2022,Apartment,0.727442153,6751,8.237220369,574,20,3.076297515
17-02-2023,Condo,0.73872534,9005,9.373450328,569,9,4.669186967
24-07-2023,Condo,0.947144246,5652,7.081981878,505,1,4.116801664
24-10-2022,House,0.728191695,8421,9.582607453,1627,16,4.314650885
15-08-2023,House,0.888491945,5080,6.272887724,1130,15,3.716301808
24-12-2022,Condo,0.87894774,7185,7.701912132,944,6,3.048500419
21-01-2023,House,0.801004011,7044,7.224363815,611,10,4.146536614
19-07-2023,House,0.901382381,8865,8.53636768,1237,11,4.715318167
23-03-2023,Condo,0.934980964,9953,9.139932654,1650,3,3.937471924
03-06-2023,Condo,0.768037336,9595,7.811777087,1425,7,4.901379884
07-02-2023,House,0.804499457,7603,11.06728319,784,8,3.677011935
08-08-2023,Apartment,0.756130775,9715,8.617929386,1621,10,3.955121446
19-05-2023,Apartment,0.83418736,5928,6.750547074,746,6,4.385426205
16-08-2023,Apartment,0.729421484,5081,7.695813277,1633,3,3.261278118
05-07-2023,House,0.87884843,8037,11.46081732,1767,14,3.645154375
26-06-2023,House,0.795030168,8507,9.465325496,1529,6,3.451553805
17-10-2022,Condo,0.904084432,5959,7.505749724,748,5,4.8348929
15-03-2023,House,0.941110119,6702,9.733933765,801,2,3.909264975
15-01-2023,Condo,0.892512175,8392,8.110937331,1424,16,4.239461817
21-08-2023,Condo,0.882620626,6735,6.69776171,577,12,3.583241186
20-07-2023,Condo,0.779365294,7639,8.841422676,1511,2,4.628092367
19-09-2023,Apartment,0.888770088,9557,8.558435235,1988,12,3.906848004
08-10-2022,House,0.74335932,8674,11.70449706,1035,15,3.037766258
25-11-2022,Apartment,0.730654868,5976,10.38598416,1476,3,3.756646091
31-05-2023,House,0.796508951,7680,7.186721187,518,7,3.497871908
29-03-2023,Condo,0.935595582,8694,10.29490783,1717,3,4.590327372
18-04-2023,House,0.873926237,7704,10.9953454,1684,15,4.861580309
02-02-2023,Condo,0.804029928,7437,6.13729489,915,15,3.455870514
17-03-2023,Condo,0.870555695,6539,10.33743028,1613,17,4.590571077
08-03-2023,Condo,0.82929428,7106,9.627300212,1193,8,4.371594182
19-05-2023,House,0.740295251,8185,8.466187716,1508,15,3.405562583
16-04-2023,Apartment,0.940303709,7219,7.245341955,765,16,4.405642858
22-04-2023,Apartment,0.751927891,7316,10.64814659,1069,8,4.492593494
04-01-2023,House,0.841125565,8694,8.673509228,987,8,3.491439697
11-08-2023,House,0.76031775,8568,6.270900543,648,9,4.652121681
03-05-2023,Apartment,0.805275081,9730,9.246792108,1298,12,4.962197573
11-04-2023,House,0.782376994,5715,6.493323529,1160,0,3.473452731
06-07-2023,House,0.819299421,5701,6.041565845,808,11,4.466544472
24-01-2023,Apartment,0.715723256,9094,6.36442574,1678,8,4.570894454
08-11-2022,House,0.750769538,5652,11.4822638,1957,14,3.095438317
22-07-2023,House,0.703076576,7213,6.910248006,1807,9,3.914439121
06-06-2023,Condo,0.753616472,8266,11.41599761,591,0,3.233231734
24-03-2023,Condo,0.881801989,9226,8.728384395,1032,16,3.718332057
18-07-2023,Apartment,0.751601022,5211,9.104801749,1730,0,3.411079173
11-06-2023,House,0.736189607,8979,6.467578254,1867,9,3.365399668
18-02-2023,House,0.935477827,9438,10.61606149,797,9,3.531685557
30-05-2023,Condo,0.816440241,6861,7.144064977,1717,20,4.090172434
08-12-2022,Apartment,0.859643368,8102,9.492132283,1150,14,4.697213018
10-09-2023,House,0.860248986,9913,6.301292147,712,17,3.262781817
17-06-2023,Apartment,0.721857477,8972,10.41057685,1793,7,4.995951319
26-12-2022,House,0.810135784,7343,7.624756349,1538,0,4.022535048
06-10-2022,House,0.931808675,9776,10.76542771,577,15,4.889242987
18-04-2023,House,0.750079639,7485,10.14235265,1674,6,4.350078323
10-01-2023,Apartment,0.86259025,9563,10.73807188,1816,4,3.286324145
30-05-2023,Apartment,0.770237608,9675,7.31334236,1833,2,4.515694246
28-11-2022,Apartment,0.823482142,8264,10.6271507,655,13,4.541765602
10-06-2023,Apartment,0.782621487,6937,11.01781931,954,17,3.225054729
27-11-2022,House,0.828439014,6012,6.764175508,1239,7,3.061952257
24-08-2023,Apartment,0.887408045,5891,7.376120423,1842,15,3.81819725
31-08-2023,Condo,0.917065947,6183,9.801508341,1268,3,4.573303666
17-07-2023,House,0.862230377,7048,9.975048568,1980,14,3.565657195
15-10-2022,House,0.860760976,7998,8.673336217,753,10,3.806528063
14-12-2022,Apartment,0.838221128,9506,9.549751354,1492,3,3.782047399
12-01-2023,Apartment,0.796654477,5527,6.234952163,914,5,3.904347872
23-08-2023,House,0.893080665,5233,6.607183631,1504,12,4.959438208
19-12-2022,House,0.82451019,7004,10.11016158,817,18,4.806769948
01-02-2023,Apartment,0.731392895,6858,7.457487618,1081,19,3.140099746
23-11-2022,Apartment,0.880409771,6199,9.395203268,1213,19,3.888969514
31-08-2023,Apartment,0.742984286,9087,11.51455958,1515,19,4.278152708
07-08-2023,House,0.826716425,9604,10.45433521,1967,6,4.571781011
26-08-2023,House,0.937664618,9847,10.20171493,1532,5,4.108781775
19-08-2023,House,0.85307764,8770,7.495700375,1525,18,4.296301695
19-12-2022,Apartment,0.741808232,5730,6.759541937,849,14,4.77121451
23-09-2022,House,0.758773934,8059,8.059672259,1643,0,4.074303736
23-07-2023,House,0.884721016,6509,11.90314797,1226,1,4.101618735
26-09-2022,Condo,0.938582098,9587,6.422656569,1695,4,4.213703851
03-06-2023,Condo,0.930083684,8323,9.823089242,1680,3,3.997875594
28-05-2023,Condo,0.868494913,9295,9.360492487,1435,15,4.407961576
09-10-2022,Apartment,0.785120036,9274,11.63980717,1287,4,3.590679191
16-09-2023,Condo,0.932976721,9492,7.852978234,944,8,4.012397635
19-06-2023,Condo,0.880768165,8014,6.066920986,1707,6,4.849645534
01-12-2022,Apartment,0.937217068,9095,8.84523269,789,12,4.112315408
08-12-2022,Apartment,0.945223841,7285,10.5664104,808,10,4.058202542
11-02-2023,Condo,0.859439049,8581,8.16718575,906,8,3.961122904
24-07-2023,Condo,0.885424714,9799,8.453479556,1305,12,3.423622364
14-01-2023,House,0.823724108,7743,8.401863935,1784,5,3.249596709
20-02-2023,Apartment,0.91970812,6577,7.356606086,1589,8,4.653850092
03-06-2023,Apartment,0.897529198,7718,7.115753935,1188,8,3.418479289
26-01-2023,Condo,0.796330798,7503,7.316116695,1786,2,3.004963288
26-07-2023,Condo,0.78132464,6585,6.926022371,1243,15,3.930680097
30-12-2022,House,0.827197585,6987,11.93112338,1312,15,4.205617502
02-07-2023,Apartment,0.800066446,8653,11.17645007,1206,18,4.682795874
01-08-2023,Condo,0.909678693,9951,6.438262135,1729,12,4.747252218
30-08-2023,House,0.890609017,8691,11.34437299,1798,2,3.464131815
13-04-2023,House,0.798135852,6905,6.15816089,1368,11,4.244258705
25-02-2023,Apartment,0.756223216,7228,8.494949444,781,19,4.173157347
31-07-2023,Condo,0.865341164,6256,9.225611457,1917,15,4.509015169
05-05-2023,House,0.795577099,8132,7.037496238,1866,0,4.509808521
03-02-2023,Condo,0.859999965,8406,8.225391547,981,10,4.931055797
20-08-2023,Condo,0.784865862,5380,7.281023504,1600,20,3.032268856
12-04-2023,House,0.808773181,5263,6.461672238,1750,15,4.065981556
17-02-2023,House,0.745706199,5934,6.681043564,1793,0,3.758743213
03-11-2022,Condo,0.836265981,6871,11.91306779,1019,12,4.068294947
26-01-2023,Apartment,0.912049083,6145,11.66713619,1317,11,4.114441119
17-10-2022,House,0.906229904,8308,8.427154391,1759,5,3.301226219
22-10-2022,House,0.73184668,5849,11.84425878,1023,8,3.713886248
14-04-2023,Apartment,0.757267071,7726,6.66368144,1787,7,3.715828083
09-07-2023,House,0.875961113,6959,8.030239424,965,7,3.660492309
16-06-2023,House,0.752978983,8484,6.479658317,1303,1,4.878506524
20-01-2023,House,0.857706433,8434,6.494047314,1092,17,3.126085623
27-04-2023,Apartment,0.781361834,6758,9.544204072,518,0,4.884886338
20-04-2023,Apartment,0.934715402,7030,11.15583918,1353,17,4.320705666
14-10-2022,House,0.881008577,8789,10.06551156,1440,9,3.877669906
05-07-2023,House,0.795733347,7819,8.06333273,1780,2,3.992758979
18-12-2022,House,0.739419478,5422,7.430099222,1591,11,3.764514653
05-04-2023,House,0.896940331,5846,6.70141393,1160,7,3.240824271
24-11-2022,House,0.912659715,6755,10.82492917,1602,17,3.667134297
28-08-2023,Condo,0.941678517,8026,7.713940303,987,11,3.229144748
14-05-2023,Condo,0.815717962,6486,6.586962027,1753,8,4.799815362
30-05-2023,House,0.873574526,9196,8.421341848,715,11,4.448402635
08-03-2023,Condo,0.746342591,6189,6.887303495,1854,7,4.270781544
17-12-2022,House,0.846582971,5240,8.59799297,1782,16,4.477446844
25-01-2023,House,0.801549885,7510,9.670839171,953,20,3.706137558
26-04-2023,Apartment,0.864579342,8472,8.461922902,973,20,4.773305283
02-11-2022,Condo,0.86613706,6548,8.897503202,518,11,3.092864501
28-12-2022,Condo,0.921892645,7159,8.499438608,935,6,3.026589343
23-10-2022,House,0.778975609,7949,9.838868533,1393,16,4.175565059
06-07-2023,Condo,0.726081451,8407,7.43548493,1001,7,4.232635187
15-08-2023,House,0.767096129,9068,8.288189951,1072,13,4.246450032
25-04-2023,House,0.787107114,9705,9.160681209,1405,13,4.366255048
06-10-2022,Condo,0.906972889,5585,10.96904343,1680,13,3.738840191
13-05-2023,Condo,0.876096447,6886,7.744161047,1483,14,3.642087798
02-12-2022,Condo,0.792108894,5728,9.360167462,1787,8,3.479487642
22-01-2023,Condo,0.869877502,7918,9.013001174,1124,1,3.018637166
14-07-2023,Condo,0.882698235,7321,10.82251473,1522,15,3.013330606
05-04-2023,Condo,0.716209481,7986,7.268635171,925,13,3.020815746
26-07-2023,Apartment,0.899959269,7034,10.07077715,1780,16,3.652429492
23-04-2023,House,0.800920744,5864,6.394031249,578,12,3.789577582
08-08-2023,Apartment,0.929773688,9572,11.07365881,1585,2,4.240931453
27-09-2022,House,0.916674884,6653,6.134904679,1509,0,4.340048779
11-10-2022,Condo,0.88603086,7462,6.86204094,1075,15,3.72115051
22-03-2023,Apartment,0.888676846,5688,6.817081437,1541,19,4.586753306
29-07-2023,Apartment,0.867012805,9410,7.358714243,742,12,4.430937447
30-07-2023,Apartment,0.925243658,7922,11.1421411,1010,4,3.149912968
16-01-2023,House,0.802989039,6035,6.641111965,1621,4,4.161695726
19-04-2023,Condo,0.920238325,8397,8.649728327,1165,9,4.189700601
16-06-2023,Condo,0.84939017,9202,8.999529157,723,18,3.25977751
25-08-2023,House,0.871776959,5220,8.64120048,774,14,4.504284456
20-11-2022,Condo,0.896770174,5986,9.309076454,570,8,4.012054959
07-12-2022,Apartment,0.947989287,8842,8.342075585,1089,1,4.969031434
22-07-2023,Condo,0.746795739,5030,10.44236733,1226,0,3.672219344
18-01-2023,House,0.742310506,5902,9.02318762,714,16,3.903193749
11-09-2023,Condo,0.90504015,5302,7.288864902,569,14,3.72937903
20-04-2023,House,0.870088042,9498,11.12319855,798,19,4.635288313
11-01-2023,House,0.899138104,5651,10.80513058,1143,7,4.253707117
29-01-2023,Condo,0.772448866,5484,6.972984397,802,7,3.494731556
28-03-2023,Apartment,0.9466178,5741,10.73215852,1752,19,4.945963177
16-12-2022,Condo,0.933527462,9721,10.41558806,1074,9,3.899886799
17-07-2023,Apartment,0.854603169,6835,10.37692982,687,3,3.467082505
29-10-2022,House,0.861506978,9078,6.67570371,1164,3,4.863649074
13-01-2023,Condo,0.815706652,7604,9.069128538,1782,11,4.078095907
12-11-2022,House,0.756588782,9631,6.302967251,1112,7,3.686118961
16-12-2022,House,0.768542871,6253,11.05319902,1775,20,3.99201951
06-01-2023,Condo,0.740033626,7144,11.87685336,521,4,4.949406027
31-05-2023,Apartment,0.840225225,6810,8.05880728,873,14,4.067137029
05-12-2022,Apartment,0.851476787,9376,9.035002187,1300,19,4.412506616
08-12-2022,Apartment,0.70722939,8230,8.679811043,1601,11,3.773375196
11-03-2023,Apartment,0.910869826,7049,11.67002771,967,11,3.963679333
13-04-2023,Apartment,0.77103314,7039,11.11975681,1660,6,4.561202873
06-10-2022,House,0.809417731,5548,7.561905588,1471,18,4.741438036
14-03-2023,House,0.945368336,5161,9.759496838,1992,7,3.401951836
17-10-2022,House,0.718669443,5129,10.57464498,1573,20,4.261585283
08-05-2023,House,0.831269688,8465,11.90791407,1977,2,4.42373987
02-12-2022,House,0.790523972,9775,10.90063351,1888,0,3.190435494
10-05-2023,Condo,0.846075423,7976,11.12169513,1179,10,4.346405879
26-02-2023,House,0.920270367,7729,9.548750481,1963,3,3.842740343
22-03-2023,House,0.881437849,7192,8.155940241,722,7,4.400799491
15-06-2023,Apartment,0.867863545,9572,9.289221404,1946,13,3.426637
31-05-2023,Condo,0.777621505,9985,11.41747247,1650,15,3.235729056
23-05-2023,Apartment,0.882156129,6194,9.607526294,980,14,3.427291318
23-06-2023,Condo,0.817718073,6580,6.353214541,963,9,3.304695026
11-09-2023,House,0.895829396,5537,6.139811156,824,0,3.450884687
10-01-2023,Condo,0.862706852,5340,7.706764263,565,14,4.476044988
03-10-2022,Apartment,0.892100155,5792,11.05774435,1883,8,3.674993252
09-06-2023,Condo,0.720411438,5188,10.60192356,1896,13,4.842698521
07-03-2023,Condo,0.793687174,5382,9.764244069,1989,15,4.210247035
22-06-2023,Condo,0.900632206,6359,7.433384897,1146,6,3.99185493
25-04-2023,House,0.851854535,6152,7.328134447,899,9,4.253017601
14-09-2023,House,0.750021687,8593,7.055706031,1528,2,3.188503899
15-07-2023,Condo,0.849031454,9035,9.548699095,1372,2,3.093136532
25-11-2022,Apartment,0.787556583,5215,10.06377949,716,11,4.5527312
23-08-2023,House,0.809365474,6412,9.048225844,1196,3,4.034196602
29-07-2023,Apartment,0.747716136,7592,7.020422383,1576,10,4.363573406
08-10-2022,House,0.871188994,6622,7.62456222,1968,7,3.931328499
12-08-2023,House,0.703492292,5722,6.901030192,1334,1,4.921609222
12-11-2022,Condo,0.871385843,9968,8.682498823,1887,18,3.152721155
11-07-2023,Condo,0.712268357,8895,10.04463382,1015,12,4.570210473
12-01-2023,Condo,0.739603851,6727,11.5448069,1243,14,4.164289242
03-08-2023,House,0.90846275,6918,9.044341441,1303,11,3.464249215
13-02-2023,House,0.741045017,8498,8.163847524,1821,20,4.008217008
18-04-2023,Condo,0.788665112,6882,7.337696615,1283,18,3.74269039
12-05-2023,House,0.895447863,5443,8.702001416,872,16,3.409027382
25-07-2023,Condo,0.804736847,5286,9.94238695,870,7,3.140827559
22-09-2023,Apartment,0.858353012,9819,9.903142805,1077,7,4.839901605
20-09-2023,Apartment,0.903907085,6402,10.80669203,1119,14,3.348747473
29-04-2023,Apartment,0.814272379,9814,7.372021037,1354,10,4.07318151
03-11-2022,Condo,0.77686581,7923,7.317674734,1712,0,4.760979306
24-12-2022,Condo,0.82768001,5782,8.093148324,900,8,4.577077266
31-12-2022,Condo,0.855400227,6975,10.77949283,1026,7,3.990127347
15-06-2023,Apartment,0.702035663,9405,7.099805139,561,15,3.065805021
31-05-2023,Condo,0.700353876,7944,9.531984117,1140,2,4.010064291
27-09-2022,Condo,0.730074574,8947,11.61348819,1015,14,3.754144531
15-05-2023,House,0.720380247,5627,8.73016957,992,19,4.212544224
03-01-2023,Condo,0.721242622,6617,7.434878435,1615,8,3.829221035
17-08-2023,Condo,0.8096179,6396,6.818734104,1823,6,4.23395855
16-05-2023,Apartment,0.830960557,5437,11.94586534,639,4,3.892994733
04-05-2023,Condo,0.792539211,8744,6.078627102,1897,18,4.420659615
31-03-2023,Condo,0.836227793,5774,6.476333588,1156,18,3.532596591
02-07-2023,Apartment,0.703989093,5324,9.511259831,611,14,3.532583009
29-10-2022,House,0.766867058,7545,10.26394892,1857,15,4.086610461
02-09-2023,Apartment,0.807114392,7750,9.356210299,1668,1,3.977468737
29-04-2023,House,0.727722581,9909,8.868805378,553,7,3.171794124
26-06-2023,Apartment,0.810995257,9308,7.203248049,1050,7,4.559353562
02-02-2023,House,0.772800581,5937,6.543994332,1703,20,4.783549164
03-12-2022,House,0.889564815,8684,8.665712688,626,5,3.585246047
17-05-2023,House,0.700161887,6719,8.725252918,1526,0,4.615586846
02-09-2023,Apartment,0.856029175,5109,8.114160589,1273,2,3.218512095
17-06-2023,Condo,0.775913774,8744,10.43381496,868,10,3.749982382
27-05-2023,Condo,0.844098521,6236,7.864690489,1589,8,4.203955231
26-08-2023,Apartment,0.92800651,7509,9.632454447,1830,18,3.115099871
07-01-2023,Apartment,0.884615314,9861,7.166359925,761,15,3.154200032
16-05-2023,Condo,0.713379546,5881,9.191443967,581,14,4.271466447
08-06-2023,House,0.845977775,7351,10.49674063,1604,13,4.829481806
23-04-2023,House,0.783610367,9308,9.948003369,1703,0,4.309470146
11-10-2022,House,0.756967598,6706,9.891319701,1755,16,4.31233727
19-04-2023,Apartment,0.707899626,6063,10.59542564,976,18,4.422146359
27-03-2023,Condo,0.913180505,9053,10.76644723,1701,14,3.604816326
01-07-2023,Apartment,0.894900333,7771,11.37706815,1363,19,4.731136056
10-10-2022,Condo,0.766023766,9982,10.25191207,1888,13,3.472114298
29-11-2022,House,0.824338241,5345,11.91433897,587,18,4.376072587
11-06-2023,House,0.704803217,8740,6.339593834,1862,1,4.604918208
08-11-2022,Apartment,0.91866537,5553,8.997971551,1354,16,3.27034428
20-01-2023,House,0.86409709,7178,7.885924173,735,18,3.175848144
31-07-2023,Apartment,0.774383975,6872,9.924731481,701,19,4.460633785
17-01-2023,Apartment,0.803735627,9213,10.5178507,835,17,4.966196144
04-12-2022,Apartment,0.734570132,6234,7.422823038,1079,15,3.63419894
14-03-2023,Condo,0.783509211,9241,10.52121888,872,0,4.611130456
04-04-2023,House,0.71154166,7146,10.55296651,1312,11,4.2782735
19-09-2023,House,0.842900359,8338,8.665720737,1179,9,3.292314668
23-09-2022,Condo,0.845568361,5962,10.49139988,921,9,3.641324061
17-03-2023,Apartment,0.735772493,5691,10.42892203,1560,19,4.426808717
02-04-2023,House,0.811794815,7395,7.866943432,1178,5,3.512210716
07-08-2023,Condo,0.768942096,9583,6.422257044,1425,14,3.026741186
14-11-2022,Condo,0.823709162,5519,6.523089758,957,5,3.513747652
02-01-2023,House,0.85046037,6375,6.182500065,1322,14,4.660613509
29-09-2022,House,0.939312077,7929,8.105210468,1499,11,4.895569191
17-05-2023,Apartment,0.815770855,9976,9.612922522,1231,3,3.268444436
05-06-2023,House,0.819006209,7355,7.962632454,1216,18,4.043657828
21-02-2023,Condo,0.840817643,9754,7.79342605,859,16,4.085407984
14-06-2023,Apartment,0.942982399,8418,6.546723139,1256,13,3.467864779
16-10-2022,Apartment,0.858292842,8458,8.356514584,992,12,4.879000209
27-01-2023,House,0.884406037,6918,10.68188,1792,15,4.456398513
11-05-2023,House,0.791077279,5142,11.04589818,918,6,3.583594967
26-02-2023,Condo,0.934426573,7496,6.933116026,1097,0,4.198921904
22-07-2023,Apartment,0.788874908,8804,7.627341555,1339,2,4.65814461
04-11-2022,Apartment,0.770458588,5594,11.7667617,1700,0,3.543073812
24-10-2022,House,0.713465065,6764,10.7771883,1810,6,3.800142576
18-07-2023,Apartment,0.935037229,9376,11.80482246,598,12,4.745215855
31-12-2022,Condo,0.858136099,7344,7.663980611,737,11,4.019008892
04-04-2023,Condo,0.714764673,9535,9.170916753,1430,9,4.186044481
22-02-2023,House,0.809195902,8959,6.422321267,508,16,3.716453577
19-10-2022,House,0.748491089,7695,11.26391218,1600,2,3.333132888
06-12-2022,House,0.881814928,9694,11.66606699,1039,18,4.717448134
01-04-2023,Apartment,0.863682189,9710,9.369456333,1759,14,4.56035342
21-04-2023,Condo,0.726603203,7175,8.569802371,661,9,4.928612744
03-10-2022,House,0.895523042,9437,11.83585386,822,11,3.803409046
24-12-2022,Apartment,0.848114871,9061,9.354799086,1021,12,3.19303157
13-04-2023,Condo,0.739746981,6738,6.807947106,885,7,3.363316217
26-08-2023,Apartment,0.813022754,5580,7.572868716,923,15,4.113782624
24-02-2023,House,0.860694945,5954,7.542564975,786,20,3.797159339
19-07-2023,Condo,0.914118317,6234,9.688106167,777,11,3.217754433
22-05-2023,House,0.700208515,6683,6.446036901,1453,15,4.734814176
07-04-2023,Condo,0.708415724,6557,9.998499122,1584,11,3.995746564
21-11-2022,Condo,0.811604583,8159,9.948200523,1065,17,4.868193678
21-04-2023,Apartment,0.848689577,9958,11.25512972,1880,9,4.565885562
16-11-2022,Apartment,0.926542712,6755,6.199403175,604,6,4.02032242
24-01-2023,House,0.790483649,9164,6.191228297,582,18,4.296678874
09-09-2023,House,0.702426905,7396,11.67230374,1921,11,4.762544891
24-11-2022,Condo,0.757671142,8820,6.070595413,1581,0,3.992942645
02-06-2023,Condo,0.83538603,6759,6.988296678,1117,9,4.516146038
18-11-2022,House,0.743058494,6851,10.11507114,528,11,3.981908293
20-02-2023,Apartment,0.853656642,7194,6.212826657,883,1,4.562007027
26-01-2023,Apartment,0.811154946,8067,10.94658648,784,14,4.965607575
25-05-2023,Condo,0.785205484,5999,11.5925953,1415,20,4.058737356
07-11-2022,Apartment,0.789026606,9656,8.753794351,1860,9,3.537738377
25-02-2023,House,0.768177829,5493,9.303545484,949,12,3.219037586
13-09-2023,Condo,0.734250508,9122,10.03723524,1751,6,3.001558485
07-01-2023,Apartment,0.880805279,8774,10.76391318,1580,1,3.915750917
06-04-2023,Condo,0.771465637,7626,7.442119358,1388,6,3.593223144
04-08-2023,House,0.77100578,9561,11.80030811,1158,10,3.714006307
29-05-2023,Apartment,0.919289928,7784,8.89266142,1958,8,4.255557427
27-04-2023,Condo,0.945344917,7565,8.188656649,1544,0,3.705982107
05-08-2023,Condo,0.763969712,6445,9.783250196,1682,1,4.228998653
15-12-2022,House,0.772572979,6022,10.07729866,1021,9,4.144131273
30-11-2022,Apartment,0.89025472,7388,9.467096085,782,13,4.683654396
22-03-2023,Apartment,0.709984329,9089,7.828533532,661,13,3.579414796
14-10-2022,Condo,0.742067221,6655,11.94920635,1210,8,3.450391375
15-11-2022,Apartment,0.72442443,6110,8.742071485,1153,20,3.873179901
14-06-2023,Condo,0.80435956,8445,7.796110574,1243,9,4.173317421
30-06-2023,House,0.845723795,8294,9.49518135,1632,15,3.878461022
10-07-2023,House,0.878514688,5003,10.66405466,654,0,3.330713812
23-08-2023,Apartment,0.817174538,6102,11.78431846,1536,19,3.242590322
16-07-2023,Apartment,0.934037933,5347,6.053560535,1586,9,3.564526637
27-04-2023,Apartment,0.89539007,7879,9.196921039,1473,9,3.071596827
01-08-2023,House,0.902363789,9218,8.888024421,1571,1,3.701662781
24-05-2023,Condo,0.881761555,7480,9.159828503,858,6,3.630401693
24-12-2022,House,0.839082548,5735,10.52222766,523,6,4.359174922
07-12-2022,Condo,0.906866619,5138,7.388322067,1837,10,4.908001734
25-06-2023,Condo,0.805711879,9481,10.54290527,1505,5,4.201063593
29-10-2022,Apartment,0.830208261,5416,8.98598247,1427,19,3.254839629
27-02-2023,Condo,0.731230685,5435,7.30422849,1814,0,4.580370714
20-01-2023,Condo,0.751143324,6036,8.308907841,577,0,3.944500818
04-12-2022,Apartment,0.924566273,9148,11.93348775,1094,5,3.245317953
17-08-2023,Apartment,0.777068027,6728,8.374712725,1635,3,3.860128446
07-03-2023,House,0.901022707,5921,7.963157498,1158,15,4.099284497
15-10-2022,Condo,0.83983496,6206,7.285568449,1418,13,4.986425888
12-09-2023,Apartment,0.766208561,5960,7.187679103,1527,13,3.141366256
22-02-2023,Condo,0.762952325,5443,7.893448151,1842,16,4.365107793
01-01-2023,House,0.897031502,7742,6.143307128,1767,12,3.428025192
24-08-2023,House,0.940656197,7896,7.915238508,1835,10,4.887160628
28-08-2023,Condo,0.759506662,8131,11.08327168,766,14,3.802053087
04-02-2023,Condo,0.878711902,8692,9.917337068,702,3,3.648897742
27-10-2022,Condo,0.872976751,8764,9.917315219,1196,11,4.380675452
07-05-2023,Apartment,0.743213744,7688,9.52843279,924,1,4.073461969
28-10-2022,House,0.826802955,5579,7.542216524,1600,15,3.181412663
04-08-2023,House,0.789166334,9352,6.820863614,1107,18,4.764782627
05-03-2023,Condo,0.748616437,5124,10.77224978,1734,8,4.059202394
30-01-2023,House,0.709545955,8131,9.107955442,933,5,4.658820678
21-01-2023,House,0.93605537,8016,9.402260982,1508,16,4.546713131
17-06-2023,Condo,0.731677715,6692,10.41836185,1529,5,3.336813834
20-08-2023,Condo,0.939467114,9636,7.050375463,1649,20,3.338829698
29-01-2023,Condo,0.89028701,9059,8.268246474,1153,17,4.96372861
29-06-2023,House,0.825538206,9420,8.393862828,1906,5,3.252419316
15-08-2023,Apartment,0.868637349,7267,6.740925071,600,18,3.070663674
18-04-2023,Condo,0.761033886,9047,8.782338387,1791,11,3.717505426
12-02-2023,House,0.920354191,9792,8.599221013,1178,2,4.799960587
29-08-2023,House,0.798216131,6529,11.61480966,984,19,3.118482301
20-09-2023,House,0.848905389,5506,9.636278977,1319,7,3.554956599
22-09-2023,Condo,0.906674275,9281,10.84554765,1277,15,4.281406645
16-11-2022,House,0.870099972,8234,10.35306487,1312,11,3.340042531
01-09-2023,Apartment,0.740089329,5939,11.25551783,926,8,4.293816931
14-10-2022,Apartment,0.8076364,6278,8.211707275,679,0,4.570802774
14-12-2022,Condo,0.717386225,5783,7.274115844,1487,0,3.213633576
21-01-2023,Apartment,0.74786277,5715,9.677349384,747,5,4.367175419
22-07-2023,Condo,0.913400815,5792,8.755549839,1079,5,4.790839858
04-05-2023,Apartment,0.842831902,9222,9.578225121,1114,12,4.600609759
19-11-2022,House,0.765562659,5731,6.232434908,1411,3,4.610181006
18-12-2022,Apartment,0.700691731,5385,7.446149895,1614,0,3.761982614
12-01-2023,Apartment,0.833185152,8094,9.595005471,1828,13,4.76093325
22-11-2022,Condo,0.907732759,7476,8.299971494,1503,12,3.431824891
21-09-2023,Apartment,0.846735302,5224,6.607721443,1166,5,3.607476455
25-04-2023,Apartment,0.945670361,7530,11.36558021,912,6,3.814545392
25-11-2022,House,0.744701679,6811,10.90464664,1625,2,4.71518786
29-08-2023,Apartment,0.755372153,5108,6.318095606,1509,15,3.364144783
17-06-2023,House,0.899503248,6375,7.726035911,1696,2,4.848817355
16-07-2023,Apartment,0.805709657,6722,11.91924688,537,17,4.850875421
18-10-2022,House,0.747350615,8187,8.064434929,625,19,4.853285399
09-09-2023,Condo,0.777503476,9309,8.59178794,1422,20,3.48254642
03-10-2022,House,0.917825271,7963,6.577718393,1398,17,4.172740355
11-03-2023,House,0.88279349,8804,7.061667853,1339,15,3.738050565
15-03-2023,House,0.78494008,5374,9.108202728,1780,6,4.711784086
02-09-2023,House,0.861968856,6908,6.891852866,1359,19,3.913286681
12-03-2023,House,0.797542916,5505,10.03010245,1366,10,4.702625962
09-07-2023,Apartment,0.739452467,9826,11.50001997,1208,10,4.234443716
27-01-2023,Condo,0.905054743,7923,7.738384454,1837,14,3.656168696
13-06-2023,Condo,0.875237557,7187,10.3779605,1145,12,4.859697373
19-08-2023,House,0.828528959,6675,10.6184531,915,2,3.114993126
15-02-2023,House,0.765961528,8395,11.62376268,1278,20,3.451300822
23-12-2022,Condo,0.715599973,9712,8.354398409,1551,9,4.450196766
04-04-2023,Condo,0.774915507,7555,11.29661491,1245,5,3.564772449
19-10-2022,House,0.719955615,8954,6.936578407,1110,10,4.157130273
15-04-2023,Condo,0.884926512,5037,8.24100835,1552,18,4.881694136
30-04-2023,House,0.804189795,8097,10.06526635,1617,2,4.925568845
17-08-2023,Apartment,0.771937352,9174,7.586663394,922,8,3.840132882
29-03-2023,House,0.786467356,9042,7.196844813,1642,6,4.465508656
06-11-2022,Apartment,0.72971212,8850,6.652094976,1384,3,4.115030317
17-05-2023,Condo,0.715150235,9611,11.43000596,1188,15,4.134355301
14-08-2023,House,0.813153792,8104,10.53908201,1137,18,4.53793279
07-02-2023,House,0.821388219,7987,8.342669841,1096,1,3.70260447
29-05-2023,Apartment,0.862433169,6396,9.652777996,1274,15,4.101058681
03-12-2022,House,0.744400702,8702,8.287066303,545,14,3.008820766
02-06-2023,Condo,0.797373198,9997,7.343514679,1644,19,3.570185437
11-09-2023,Apartment,0.83808107,9499,10.16331635,718,12,4.144714084
13-03-2023,House,0.859746742,7191,11.81171853,573,4,4.634660507
27-11-2022,Apartment,0.928020822,7970,11.56513648,980,9,3.434649872
21-03-2023,House,0.777262298,5996,6.824485783,1438,1,3.775229935
15-11-2022,House,0.84579395,7970,10.00415959,1348,19,4.678751247
15-06-2023,Condo,0.905693488,9925,7.572177827,1684,16,4.175249696
21-04-2023,House,0.734052897,7814,7.866985743,745,1,3.036991009
15-11-2022,Condo,0.932312311,5380,7.35036843,1765,12,4.85164452
17-02-2023,Apartment,0.816233435,6276,11.194916,1214,15,3.7546956
17-06-2023,House,0.908032382,5713,6.837700031,1802,12,4.593771192
21-02-2023,House,0.89024515,9883,10.08527437,1916,10,3.137610758
11-09-2023,House,0.896781303,7287,8.330258569,1008,16,3.207516951
07-09-2023,House,0.833838039,9454,7.630265411,1407,0,4.305669945
17-11-2022,House,0.731424582,7781,7.581411537,846,18,4.65948333
24-03-2023,Apartment,0.924453333,9348,8.200590619,1771,9,3.142570325
28-11-2022,Condo,0.811733857,6159,7.08631774,975,3,3.028626986
15-10-2022,House,0.940889769,5184,7.110913208,1037,2,3.146950445
01-09-2023,Condo,0.828869058,6117,10.38975439,662,14,3.784372545
17-11-2022,House,0.752190538,5182,6.976979291,861,18,3.259116303
04-05-2023,Apartment,0.923276538,9270,7.190593955,660,3,4.289052784
26-10-2022,Apartment,0.877622801,8085,7.241828623,806,13,3.66602835
25-05-2023,Condo,0.753786446,7679,10.51375514,766,18,4.6320155
18-08-2023,Condo,0.879149084,6575,8.261579368,715,2,3.384985085
24-08-2023,House,0.877224339,7738,11.38216585,1932,10,4.642070866
18-08-2023,House,0.729799803,7186,11.6274931,593,20,3.398005376
02-09-2023,Condo,0.902905164,6865,11.93449184,932,8,3.637711087
14-02-2023,House,0.89318848,5729,9.282816585,1576,17,4.172353535
04-03-2023,Condo,0.743737155,5159,11.76325747,1122,20,4.288621297
09-01-2023,House,0.834891687,8818,7.037340462,1497,0,4.061316016
15-01-2023,Apartment,0.762004836,6346,8.418864069,619,2,4.43928454
10-04-2023,Apartment,0.929837809,8538,6.872500743,1273,7,3.195394538
22-09-2023,House,0.85224928,8339,8.474558761,1484,0,4.561186234
13-12-2022,Condo,0.802276405,5115,9.026875884,1333,16,4.731009429
01-06-2023,Apartment,0.781198191,5584,8.938480028,669,7,4.923824677
31-08-2023,Condo,0.759023454,9985,9.188137272,977,0,4.572357567
15-08-2023,Apartment,0.727726338,8143,9.10942593,897,3,4.837800773
25-03-2023,House,0.704560131,6988,11.68915429,1723,0,3.082269105
21-06-2023,Condo,0.913997465,8135,7.73715221,507,11,3.678357889
24-11-2022,House,0.801747581,9481,11.88548068,1711,8,3.906591464
25-12-2022,Condo,0.872089655,5684,11.26081671,737,2,4.068813743
06-05-2023,Condo,0.757746418,6115,9.603277023,577,6,3.001129178
27-11-2022,Condo,0.701026453,5871,9.267962401,639,7,4.218228094
08-05-2023,House,0.761383542,7132,9.076308606,803,19,3.432715645
28-10-2022,Condo,0.9448355,5364,6.583375188,1482,11,3.403735711
29-09-2022,Apartment,0.903127341,7715,7.783415367,1471,3,3.992385068
19-08-2023,Apartment,0.828929379,7606,9.839133319,1224,5,4.788205807
02-07-2023,Condo,0.839332891,6517,11.71186068,1371,8,4.103962136
22-12-2022,House,0.72970979,6115,10.84855775,1417,15,4.288531018
16-05-2023,Apartment,0.861441439,6772,10.26727006,1569,3,4.722342808
23-11-2022,Apartment,0.704037737,5931,10.37279791,636,14,4.085190612
17-09-2023,House,0.762527021,8724,6.109042696,1498,20,4.934727785
03-12-2022,Condo,0.744936192,9381,8.458212166,1933,18,4.777034363
27-08-2023,Condo,0.818049968,9067,7.503180573,1725,12,4.598916379
18-11-2022,Condo,0.947608218,9521,9.698828028,820,16,3.572297706
12-04-2023,Apartment,0.778592841,7334,7.015577354,1992,9,3.283806713
17-04-2023,House,0.794688784,5957,7.780479566,1007,13,3.040947622
06-07-2023,Condo,0.775349716,7998,11.1284295,659,1,4.530176939
31-07-2023,Condo,0.947613565,6247,7.506140557,541,1,4.748489088
11-11-2022,Condo,0.770211039,5989,9.385735893,1871,17,4.129317227
15-07-2023,House,0.789825273,9274,6.706831986,588,17,4.638521715
20-03-2023,Apartment,0.891772429,8602,7.426722292,724,0,4.266579011
04-09-2023,Condo,0.885026726,9344,10.33258514,727,19,3.804741429
03-11-2022,House,0.744078219,7022,8.781715065,916,16,4.261598039
27-10-2022,Apartment,0.826931496,7789,6.075274299,922,19,4.272182816
16-07-2023,Apartment,0.879280004,7236,6.035608842,568,12,3.942865932
11-11-2022,Condo,0.842499407,6780,9.709801749,1420,0,4.022753517
13-12-2022,Apartment,0.920396463,6454,11.7635333,1763,3,3.823354483
23-05-2023,Apartment,0.916479606,5139,11.34665752,766,18,3.993664752
13-10-2022,Condo,0.914054236,5313,11.91514975,560,11,4.946306743
28-09-2022,Condo,0.866816974,5583,8.337996519,1382,6,3.353685277
29-12-2022,House,0.893594574,5282,10.4923054,1547,17,4.449305783
07-12-2022,Apartment,0.854468566,6854,6.397988017,614,12,4.690755007
04-01-2023,House,0.889727099,6230,11.42310839,1863,4,4.416490629
04-08-2023,Condo,0.881708371,7194,11.21880708,520,10,4.855313021
27-10-2022,House,0.722233336,6292,6.735586772,1647,19,4.788297953
28-01-2023,Condo,0.723540014,9008,11.67904506,958,15,4.694129922
24-08-2023,House,0.861039184,6121,11.64310198,1701,11,3.462776194
29-06-2023,House,0.790094457,6578,8.468402619,673,8,4.216858179
03-07-2023,Condo,0.816613012,6437,6.180646546,1416,5,4.242475011
05-08-2023,Apartment,0.811772349,8433,9.922044233,1824,17,4.809527227
14-12-2022,Condo,0.809826468,9900,10.45341964,1139,16,4.542072523
31-05-2023,House,0.828943063,8809,6.109052219,893,6,4.460211503
08-10-2022,Apartment,0.908326265,8681,7.012135994,931,6,4.915571576
10-06-2023,House,0.717570482,6394,10.50113903,1583,16,3.581399305
19-06-2023,Apartment,0.881476487,8337,7.568220983,1422,2,3.147635176
28-10-2022,House,0.72787638,9948,6.811013266,1956,4,3.154393585
06-10-2022,Apartment,0.79424215,5169,9.260425193,665,20,4.977766963
05-01-2023,Apartment,0.793264894,8443,10.92133043,829,10,3.842180109
05-03-2023,House,0.789991866,9889,6.388194116,1551,12,3.45590617
03-01-2023,Condo,0.818320991,9542,11.69763041,1485,2,3.076506717
24-02-2023,Apartment,0.707274048,5535,10.49750592,945,11,3.174899487
12-03-2023,Condo,0.770720794,7586,11.63472284,1081,12,3.071366035
11-12-2022,Condo,0.795269507,5401,11.73197313,865,19,4.558094091
24-02-2023,House,0.76061211,5013,11.97737191,1301,18,4.147241552
13-12-2022,Apartment,0.797294326,9473,11.99473824,962,14,3.44485376
05-05-2023,Condo,0.92603914,6990,8.411374185,721,8,4.440445032
23-12-2022,Apartment,0.728373759,5401,6.761966261,1072,5,4.751489355
15-04-2023,Condo,0.744893236,6226,11.69176156,551,9,3.30588569
02-04-2023,Apartment,0.760230953,8751,6.526480992,1913,0,4.359178045
01-07-2023,Apartment,0.85817405,9434,9.80401999,1974,20,4.654229605
28-09-2022,House,0.905225411,7148,7.102237379,1212,0,4.431751466
13-02-2023,Condo,0.702411448,5836,11.71058106,1674,12,3.929685539
29-03-2023,House,0.709793356,5225,6.41748081,588,11,4.83343248
14-03-2023,Condo,0.889089416,7508,8.43683773,643,4,4.052233176
04-03-2023,Apartment,0.912891291,8831,11.55409682,1396,1,4.101667808
31-10-2022,House,0.776840267,6296,6.084561818,1804,20,3.028724996
01-06-2023,House,0.850573143,9719,6.911690842,1570,14,3.167486676
17-07-2023,House,0.869068006,9000,7.894302056,1056,15,4.448659572
18-04-2023,Apartment,0.74025122,9332,6.437837386,1178,5,4.851749102
03-11-2022,Condo,0.795992708,7848,7.126830434,1448,1,3.660525745
23-10-2022,House,0.907781387,6780,11.46239146,1452,2,3.304230671
18-04-2023,House,0.908551438,5992,9.898769875,1093,16,4.11595072
03-05-2023,Condo,0.884871971,7467,11.53445319,1604,18,3.145134748
17-03-2023,House,0.861694183,8563,7.584453252,1687,8,3.699350056
16-04-2023,House,0.93781957,9902,6.343414172,862,16,4.898080008
05-11-2022,Apartment,0.705884188,9601,8.924228198,555,7,4.107998627
08-10-2022,House,0.778601459,6866,7.502291623,1786,17,4.106774003
04-04-2023,House,0.90138718,8147,9.76988413,1403,17,4.764405695
14-03-2023,Condo,0.766864958,9771,11.98993489,1913,9,3.46576922
22-06-2023,Apartment,0.741112645,7625,6.328419907,835,7,4.399441193
29-09-2022,House,0.850092816,5821,10.18957462,768,3,4.795110093
10-01-2023,Condo,0.841041609,5497,6.514376839,1323,5,3.347635324
03-01-2023,Condo,0.910732355,6861,11.04287871,602,12,3.105452207
03-04-2023,House,0.891557024,9035,9.513099505,530,4,4.257204701
14-09-2023,House,0.841895875,9831,11.82279034,1118,20,4.63592345
22-06-2023,House,0.742828596,7152,11.50653636,894,4,4.744635174
09-09-2023,House,0.929271186,7405,7.828103754,1600,10,4.040274821
30-04-2023,Apartment,0.715648119,6907,8.748133727,1671,10,3.77971603
23-11-2022,Apartment,0.946045637,9201,9.420125861,1138,6,3.8959548
06-01-2023,Condo,0.793807192,6083,7.364882464,1736,19,4.486098417
06-05-2023,Apartment,0.882904698,9186,10.94439646,748,4,4.908775658
28-07-2023,Condo,0.884994038,6938,11.92399537,1518,9,3.137465266
07-05-2023,Apartment,0.79895814,9457,8.591255909,1707,18,3.184461698
02-05-2023,House,0.847770581,7420,10.71430067,1385,6,4.926982161
08-09-2023,Apartment,0.855890878,5255,9.995459574,694,3,4.082597419
09-02-2023,House,0.901309346,8919,9.507580427,699,19,3.735026441
03-04-2023,House,0.700574228,8835,11.10850715,1453,2,4.863228992
31-01-2023,House,0.728345103,8810,6.420825143,1744,14,3.918586716
18-02-2023,House,0.752926191,8456,9.343502105,1460,4,3.996236668
01-07-2023,Condo,0.81677217,9632,7.248691733,538,10,4.983464209
28-10-2022,Condo,0.831569489,9505,10.39985028,924,20,3.587757809
10-02-2023,Apartment,0.899309834,6411,11.25718015,690,0,3.117560634
16-11-2022,Condo,0.777936343,6996,6.071583159,1208,18,4.857065762
21-05-2023,House,0.872382321,8649,7.05373931,885,17,3.568992447
26-10-2022,Condo,0.760121314,9160,10.91556393,969,2,3.697192622
28-03-2023,Condo,0.789356762,9477,8.061996576,1277,7,4.164632197
24-01-2023,Apartment,0.71739047,7831,8.221103002,1827,9,3.689103106
21-06-2023,House,0.842160221,6062,10.94615643,901,0,4.663432177
01-10-2022,Apartment,0.947360025,5660,8.762196268,1920,10,3.058189919
24-06-2023,Condo,0.88603068,8247,6.077655233,1691,3,3.802357541
11-09-2023,Apartment,0.760306128,7708,7.459718928,957,3,3.53273095
23-12-2022,Condo,0.915057791,6388,9.907744025,651,8,4.650027728
21-10-2022,Condo,0.733244875,9354,10.70745842,611,15,3.974277087
24-02-2023,Condo,0.795761302,8236,8.192982895,1814,10,3.277982534
05-04-2023,House,0.748151109,6756,7.888849753,1544,16,3.474148911
16-03-2023,Apartment,0.754535789,6668,9.802110584,636,17,3.621494419
13-06-2023,Condo,0.744115704,6252,11.26734537,656,2,3.868888992
25-05-2023,Apartment,0.800904032,7877,11.70218747,1057,15,3.448529188
01-02-2023,Condo,0.877640591,9787,11.67828082,666,4,3.359191353
30-04-2023,House,0.830907919,5503,11.84248063,1832,8,4.82293769
07-07-2023,Condo,0.729103918,7705,10.55879436,1252,15,3.289260255
09-05-2023,House,0.924348762,7659,8.410547937,821,13,4.324795167
28-05-2023,Apartment,0.88439662,9315,10.94360633,770,3,4.135305728
26-02-2023,Apartment,0.769301027,7180,8.14825332,1085,10,3.544518719
02-03-2023,House,0.925524935,9407,10.92029178,846,16,3.132426161
13-12-2022,Apartment,0.940930509,5568,9.702655663,592,3,3.538099065
29-09-2022,Apartment,0.940535776,5018,6.118849103,1202,19,3.432586078
19-11-2022,Condo,0.879360334,8733,11.07451132,1844,6,4.646297735
31-08-2023,House,0.814342886,7231,6.280086879,1649,16,3.868019376
04-06-2023,Apartment,0.930669786,8258,11.22271917,1402,15,3.011830687
02-08-2023,House,0.705598244,8902,8.075692517,1372,9,3.817507389
09-10-2022,Condo,0.827565008,5743,6.584311021,1938,6,4.460175887
25-01-2023,Apartment,0.749055903,7700,6.646609161,1752,13,4.345345842
17-05-2023,House,0.903869169,8099,6.324654183,1200,1,4.014398758
08-11-2022,House,0.712569058,8683,8.007885243,833,20,3.641399534
28-09-2022,Condo,0.930623046,9539,9.888553526,1264,8,4.953618987
27-09-2022,Condo,0.825084853,9301,9.265658183,912,4,4.743250621
18-11-2022,House,0.768513454,8703,6.096922887,546,19,3.724533661
12-01-2023,Condo,0.898181826,6764,8.965314939,831,5,3.812539833
04-04-2023,House,0.90432835,6322,8.157871005,1783,2,3.690263068
25-08-2023,Condo,0.87812161,5151,7.239340766,1861,18,4.632658491
29-10-2022,Apartment,0.908317215,8358,10.82958273,1373,7,3.962926119
12-04-2023,Condo,0.84171386,8368,10.04872538,832,9,4.946236498
04-12-2022,House,0.908315867,7286,9.981513339,1721,4,3.395207671
16-04-2023,Condo,0.729952904,5232,7.235959428,1976,0,4.344930168
23-04-2023,Condo,0.836009481,7183,11.13219813,641,16,4.146914723
24-01-2023,Apartment,0.887570645,5153,6.79899205,1502,7,3.845645279
28-05-2023,Apartment,0.723358053,7516,7.718356852,722,20,4.492048164
15-07-2023,Condo,0.837844183,5646,6.626292288,619,10,4.036675153
12-10-2022,Condo,0.727415065,6837,8.216610638,542,20,4.401239386
07-08-2023,Condo,0.737322395,9993,8.61746776,1894,20,4.287742181
19-05-2023,House,0.942721625,6369,7.634502495,1539,20,4.982720536
29-09-2022,House,0.772172055,7789,7.949283352,1593,2,3.19671151
19-06-2023,Condo,0.838815893,5725,11.87572429,1708,7,4.776638113
15-03-2023,Apartment,0.924366712,9928,8.202317904,602,9,3.260431671
26-12-2022,House,0.856271029,6390,6.20671771,1905,8,4.009769974
27-09-2022,House,0.800200484,6827,9.415021076,1119,13,3.265816429
31-05-2023,Condo,0.738816987,6480,11.43072767,1304,16,4.466992972
26-02-2023,Apartment,0.947069086,6817,6.062205007,662,15,3.940646954
03-06-2023,Condo,0.887855338,9362,11.67806861,1918,5,3.692659625
03-06-2023,Apartment,0.933781388,9294,10.29429977,1643,8,4.314504929
19-04-2023,Condo,0.893872103,5539,11.72241029,1501,15,4.286897062
11-08-2023,House,0.880025206,9669,6.375891221,658,9,4.429549005
08-02-2023,House,0.783656685,6018,11.98077685,1765,18,3.299359369
01-11-2022,House,0.834931577,5012,7.135560836,966,2,4.806957144
19-08-2023,House,0.854531281,5691,10.78751212,1063,20,4.708689959
22-12-2022,House,0.782285142,6709,9.265392364,633,8,4.683112591
02-05-2023,Apartment,0.803518753,6414,11.67804153,502,16,3.890410773
03-11-2022,Condo,0.914981475,6771,7.785432515,992,9,4.260946709
29-10-2022,House,0.907166751,7133,9.656310658,1276,5,3.934931372
08-02-2023,Condo,0.831614168,8375,8.691425705,1121,15,4.091569374
05-04-2023,House,0.806324347,6994,8.790918618,669,3,4.270733853
26-12-2022,House,0.764348982,8929,11.58351506,1382,1,3.639794662
06-10-2022,House,0.882674618,9131,8.537567609,1345,15,4.351281376
26-11-2022,Condo,0.73673187,7257,11.65656805,1295,5,4.402620673
15-07-2023,Apartment,0.914127483,8753,11.77494461,877,2,3.054788073
07-06-2023,House,0.828081115,9802,8.294351617,536,7,4.040102537
12-11-2022,Apartment,0.701187614,8776,10.56251805,1927,14,3.691860789
04-11-2022,House,0.7181429,5463,8.191940336,1653,9,4.906167894
10-02-2023,Condo,0.879178243,6819,6.426830116,1351,20,3.765725104
28-05-2023,House,0.905619898,8580,10.21176336,1295,2,3.092194837
11-05-2023,Condo,0.860674242,7091,7.005139431,1312,6,4.168481493
15-08-2023,Apartment,0.926484202,9546,8.127221444,1935,1,3.788787646
13-09-2023,Condo,0.852922146,5022,7.424628354,874,18,4.843934007
16-12-2022,Apartment,0.841008369,5157,10.16498744,1249,15,4.997535381
03-04-2023,Condo,0.705634746,5922,11.10629208,1765,1,4.850496961
10-02-2023,Condo,0.821310487,5241,10.4627768,504,2,3.384149859
13-03-2023,Condo,0.805976944,5107,9.100602325,541,16,3.510652966
11-08-2023,Apartment,0.833867445,7999,10.63901759,1819,15,3.599691253
19-08-2023,House,0.898387984,7384,7.193611926,1259,12,3.319629751
26-07-2023,Condo,0.787437068,9544,10.32518051,1166,5,3.409272928
23-01-2023,Apartment,0.86155801,8754,9.166910999,1499,1,3.975710751
30-10-2022,Condo,0.77473003,9389,7.077401463,543,6,4.975987592
07-06-2023,House,0.76450633,7690,9.90364535,1834,20,4.322794515
09-03-2023,Apartment,0.934343908,7759,11.5431924,1648,3,4.748080161
09-03-2023,Condo,0.812864965,9197,11.68306581,593,7,4.895078943
05-03-2023,Apartment,0.947870779,6512,8.66142613,1051,15,3.146918782
24-07-2023,House,0.735510975,9008,8.789756599,1765,17,4.312031669
18-10-2022,Condo,0.94600799,9273,8.404368919,1228,20,3.555533755
04-02-2023,Condo,0.878882557,7195,9.183518299,1150,12,4.614214161
29-11-2022,Condo,0.924531362,7475,10.05789478,701,20,3.802021281
14-06-2023,Apartment,0.813793177,9176,8.00983703,746,16,4.30421155
26-08-2023,Apartment,0.79819272,7859,11.59597008,1497,15,4.599421464
22-04-2023,Apartment,0.859430074,7583,8.201871616,1839,16,3.653182279
24-02-2023,Condo,0.737100636,7446,8.929838999,595,9,3.920585877
24-01-2023,Apartment,0.912111482,7202,11.67950732,1544,17,3.860723371
09-08-2023,Condo,0.92431866,8941,9.5090971,1394,4,4.68817534
29-11-2022,House,0.799674513,8361,10.83317813,1458,13,4.436326321
26-12-2022,Apartment,0.841536724,7970,9.231822992,765,4,3.127512096
13-07-2023,Condo,0.866141464,6632,11.8909476,1778,13,4.337138521
23-09-2022,Condo,0.835029194,6843,11.73372341,1014,14,3.819086566
16-02-2023,House,0.726599958,7162,11.9365047,1979,9,3.180049108
04-05-2023,House,0.877064623,7743,10.61031259,1683,19,3.086943654
31-08-2023,House,0.880312819,7734,9.237806508,1637,19,4.097415247
25-06-2023,Condo,0.926537117,7527,6.503297582,1058,10,4.143870121
01-09-2023,Apartment,0.787863152,8090,11.63757888,1410,18,4.798770746
05-10-2022,Apartment,0.86998095,9895,6.883931624,642,13,4.063200899
09-09-2023,House,0.904072586,7695,9.740482527,905,7,4.358310621
13-08-2023,Condo,0.773722285,8262,10.3431929,1675,18,3.843009321
13-08-2023,House,0.916232353,6183,11.71885234,1794,16,3.236423126
14-02-2023,House,0.803586447,5820,8.279628841,537,18,4.324992383
23-12-2022,House,0.944844746,9005,10.04676609,1695,17,3.520778895
15-05-2023,Apartment,0.813563566,6117,10.82897382,627,9,4.229096163
07-06-2023,Condo,0.719245404,6204,11.66729002,1515,20,4.028418826
17-11-2022,Apartment,0.764273121,8514,9.046355113,803,20,3.943227663
08-09-2023,House,0.929043773,9010,7.847832151,1264,8,4.739432473
18-07-2023,Condo,0.938536673,7174,7.427330523,1217,15,4.717786512
19-10-2022,Condo,0.913351154,7828,10.57676985,996,2,3.34369074
28-02-2023,House,0.931731101,7299,6.602884985,939,7,4.466923994
28-01-2023,Condo,0.929185266,8491,9.491693084,1114,4,3.065961897
24-01-2023,Condo,0.885606102,9642,9.185069719,988,18,4.779034838
23-04-2023,Apartment,0.864709895,7231,7.405802128,1136,14,4.824481364
21-07-2023,House,0.752471763,8593,8.561217141,2000,14,3.395842839
24-10-2022,House,0.737282084,8333,9.845752433,678,5,3.717101049
03-01-2023,Apartment,0.930831707,8624,7.314888122,1258,12,3.002407534
04-08-2023,Condo,0.769907232,8617,6.610429407,512,13,3.888575564
15-02-2023,Condo,0.810336102,9236,9.601194662,910,0,4.794189243
29-12-2022,Condo,0.756553785,7475,8.475436784,1432,3,4.110425193
04-09-2023,Condo,0.77786774,5761,9.618854786,753,12,3.002189966
23-01-2023,House,0.785872902,6730,11.71635106,1979,16,3.60270108
27-01-2023,House,0.890971971,9179,11.42910868,920,10,4.024146593
02-09-2023,Condo,0.900897871,9808,11.92023383,1143,6,3.896595899
11-10-2022,Condo,0.711520788,5680,8.628236951,1389,3,4.586657374
06-12-2022,Condo,0.907323389,5540,11.32555601,834,20,3.230255744
03-06-2023,House,0.818092695,6492,7.239037906,578,5,3.07801818
07-01-2023,Apartment,0.807085213,7293,10.23440228,1993,0,4.21197291
02-07-2023,Apartment,0.703567157,8332,8.231385901,875,1,3.366082197
01-11-2022,Condo,0.920472921,9325,9.721830656,1570,12,4.416199096
02-07-2023,House,0.730243521,7071,9.262198834,1044,8,3.004688503
13-11-2022,House,0.94854403,7608,8.294156848,1644,16,3.982250805
20-12-2022,House,0.714704807,8839,8.778627299,1785,16,3.436601448
14-03-2023,Condo,0.722426597,9816,8.429634501,1101,14,3.321177311
25-11-2022,House,0.904309499,6578,6.969510318,1703,11,3.58783049
11-08-2023,House,0.904160182,5750,11.17961945,1118,15,3.679398652
02-08-2023,House,0.75507886,7789,11.59949152,1452,5,3.329512673
13-04-2023,Apartment,0.749982013,9746,7.028485891,758,9,4.872692401
20-02-2023,Condo,0.856233322,6196,10.24571604,1617,20,3.455286163
14-11-2022,House,0.933882976,5896,6.772479406,1248,12,3.667113365
12-12-2022,Apartment,0.85892171,8065,10.95491536,1880,19,3.59325261
05-09-2023,Apartment,0.898775576,8136,10.53956363,1425,11,3.575358632
01-02-2023,Condo,0.846717558,8717,10.35386361,609,5,3.075777993
21-05-2023,Condo,0.849608877,7637,8.902617414,848,9,3.798867849
23-12-2022,Condo,0.721548658,6828,7.201166555,1333,16,4.369748795
05-06-2023,House,0.94530397,6832,10.34640768,1523,1,4.640575147
03-09-2023,Apartment,0.946627068,8321,8.458268844,1529,8,3.390287272
06-12-2022,Apartment,0.708042971,5931,7.356875896,1580,20,3.361918704
17-05-2023,House,0.735854511,8368,9.206363501,1052,0,4.321295183
15-05-2023,House,0.762644723,5555,11.30592313,1262,5,3.360610829
31-12-2022,Condo,0.730925442,6495,11.4007441,1306,7,3.043891037
22-11-2022,Condo,0.930545131,8114,6.601462189,1321,4,3.250962695
28-03-2023,Apartment,0.724484931,8170,8.706575801,710,11,3.293747714
05-11-2022,Condo,0.816260104,7917,9.352361858,807,12,4.965643663
11-01-2023,Apartment,0.924708922,6127,11.24420132,770,17,3.076005311
29-01-2023,Condo,0.847773532,8603,8.373452094,1214,12,4.944783744
19-09-2023,Condo,0.882999893,7167,9.277651569,1266,19,3.799939172
06-08-2023,Condo,0.895937059,7669,9.263771255,1456,2,4.320720257
02-02-2023,Apartment,0.905221583,8702,8.218851277,628,9,4.848318348
10-01-2023,Condo,0.892886903,6348,9.588819074,1536,3,3.328507883
21-02-2023,Apartment,0.752988813,7119,7.880800635,615,17,3.922171919
17-02-2023,Condo,0.852927809,5516,7.361591795,880,17,4.869011854
22-07-2023,House,0.751878104,9716,7.939903968,669,9,4.397124678
14-11-2022,Apartment,0.807786066,6742,11.72547336,961,19,3.952809596
08-10-2022,Condo,0.88022901,8236,7.879911901,822,6,3.133539812
15-10-2022,Apartment,0.945736039,9293,10.72803432,1614,1,3.637346109
04-01-2023,Condo,0.948457807,8974,11.21947195,1454,14,4.416332372
22-05-2023,Apartment,0.72355933,6791,9.623656053,573,7,3.015275358
14-12-2022,Condo,0.81553342,8181,10.68319135,1715,4,3.585130441
06-09-2023,Condo,0.760831659,9339,11.224888,1417,9,3.524591876
13-11-2022,Condo,0.794984679,8430,10.21436487,535,16,4.197055204
01-01-2023,House,0.932564555,6285,6.355723049,1909,0,3.720063696
27-05-2023,House,0.711255258,5381,9.407940309,1427,12,4.739132561
01-10-2022,House,0.72480874,5945,8.01925862,1061,12,4.709277948
25-06-2023,House,0.790742039,8179,11.10256816,651,7,3.186721358
23-02-2023,Apartment,0.899805407,7124,8.783861789,1986,17,3.137439576
31-08-2023,House,0.898996262,5033,8.468438665,915,9,4.804815749
11-07-2023,House,0.838891536,5955,7.046222198,753,10,3.818944708
08-09-2023,Apartment,0.821706855,6867,6.27445442,1671,19,3.074978625
26-11-2022,Condo,0.707408232,7445,11.88012122,1548,14,4.518078441
01-01-2023,House,0.868170537,5059,7.0433306,758,16,4.886659994
15-11-2022,House,0.848745494,6479,8.26643499,1047,4,4.303869592
29-05-2023,Apartment,0.731619426,8168,6.532638223,1519,5,3.304468994
17-11-2022,House,0.849549325,9465,11.49662169,1544,9,4.048913829
20-03-2023,Condo,0.794019276,8897,10.67290825,1483,12,4.912130988
05-08-2023,Condo,0.722334946,9468,7.614543327,647,15,3.362968481
22-12-2022,Apartment,0.769501447,6001,10.51127273,611,3,3.620506764
20-12-2022,Condo,0.880034947,8436,6.084262573,1478,0,3.318662743
11-03-2023,Apartment,0.799755829,5726,10.05348101,517,2,3.705156819
05-01-2023,Apartment,0.740454918,5490,8.065559743,668,11,4.828143576
26-02-2023,Condo,0.714027516,9203,9.82574702,1160,17,4.081740912
11-10-2022,Condo,0.744013171,6668,10.1392883,1623,7,3.209056107
12-05-2023,Condo,0.844085683,8974,8.722402434,755,7,4.758868238
01-08-2023,Apartment,0.729261639,9613,10.24043933,1128,10,4.586828038
19-07-2023,Condo,0.923198549,9949,9.710038923,1771,14,3.665451239
25-01-2023,House,0.884105948,8721,10.25113576,595,1,3.65220866
05-07-2023,Apartment,0.827889375,6205,11.05768509,1551,1,3.92917647
26-04-2023,House,0.884538879,5293,10.25111813,1153,0,4.576721882
31-07-2023,Condo,0.820020437,7447,10.01370246,630,1,3.54845526
10-08-2023,Apartment,0.887360655,8828,10.86014205,1959,7,3.750823258
10-06-2023,Apartment,0.944050035,9815,8.644079273,1273,12,4.180520915
17-03-2023,Condo,0.792870478,8654,8.496890442,905,3,4.041981732
22-03-2023,Apartment,0.868614665,9626,10.99588352,528,16,4.807104888
27-02-2023,Condo,0.919823376,9778,10.37186729,1847,1,4.023484098
30-09-2022,House,0.869597881,7976,6.476442914,1959,3,3.130736739
26-06-2023,House,0.736730329,8784,7.684987313,1017,7,3.253075525
08-03-2023,Condo,0.924441165,5667,10.24121121,1394,10,3.677105282
24-09-2022,Apartment,0.763202731,5726,10.60289153,1090,12,4.740042115
20-08-2023,Apartment,0.839115529,9299,11.81839472,862,7,3.642570669
27-06-2023,House,0.896262301,5526,8.791929876,1321,18,4.574505531
12-09-2023,Apartment,0.927674583,9475,10.89635169,624,2,3.462657738
24-10-2022,Condo,0.884884001,5687,8.213933471,1021,3,4.875315106
14-07-2023,House,0.83630368,5424,6.932948728,1003,14,3.730816807
22-02-2023,House,0.892824749,5220,7.334522888,1720,3,3.652596516
10-11-2022,Condo,0.886551846,8553,7.309879692,1057,18,3.249197594
12-09-2023,Condo,0.864559941,6043,7.140090899,1445,16,3.17572473
21-02-2023,Condo,0.879686048,8068,6.78777338,1672,18,3.795440712
24-07-2023,Apartment,0.852253128,5373,10.68182469,1404,7,4.055577991
16-03-2023,Condo,0.749875736,8720,6.882189063,862,14,4.024728158
20-04-2023,Apartment,0.914718636,6755,11.19232696,725,3,3.642438308
08-07-2023,Condo,0.870987897,8912,10.3901762,959,15,3.595432878
29-11-2022,House,0.899017392,7576,6.857552845,1885,8,3.362054535
14-02-2023,House,0.704876455,5398,9.622415492,1498,0,3.876024363
15-08-2023,House,0.769504803,9511,6.569792881,1119,15,3.950403847
16-04-2023,Apartment,0.802628574,9267,6.33624957,1858,8,3.90892807
22-07-2023,Condo,0.928930721,7685,7.202688258,1889,14,4.460150848
29-03-2023,Condo,0.751206005,7095,10.24177228,1470,13,3.971054753
13-09-2023,Condo,0.706176697,8586,11.41649678,1081,7,4.106181671
08-11-2022,House,0.943862942,5257,7.343287357,1871,2,4.252890849
17-03-2023,Condo,0.911748513,6312,6.688403586,1541,2,3.782278555
25-02-2023,Condo,0.82271691,7509,7.640233941,1223,10,4.364403644
03-07-2023,House,0.900423367,9962,8.664671788,1732,16,4.381787451
31-08-2023,Condo,0.710401184,8849,7.960013563,1293,0,3.007573305
07-09-2023,Condo,0.764666829,6811,6.941355971,1635,8,3.755624928
28-06-2023,Condo,0.707564162,7203,8.452034417,1819,14,4.590673246
12-12-2022,House,0.778306022,7996,6.859555343,1871,6,3.506124513
24-07-2023,Condo,0.936861871,9920,6.669991529,1219,12,4.609274951
08-10-2022,House,0.728478343,9484,6.209490904,1789,12,4.512130547
06-08-2023,House,0.846699722,8659,6.435098264,959,16,3.428917397
09-10-2022,Apartment,0.721933448,5485,8.700833506,1902,5,3.458825286
01-06-2023,Apartment,0.873549644,5701,7.041650458,1600,1,4.89195728
05-05-2023,Apartment,0.920223773,7673,11.70767475,1223,3,3.629181237
11-10-2022,Apartment,0.875130145,5669,7.919111426,692,11,3.64425569
14-11-2022,House,0.7895426,5352,11.56213891,1761,9,3.72783875
03-10-2022,Condo,0.939831771,5834,7.758728059,789,6,4.863856781
21-06-2023,House,0.904936753,5646,11.68332637,1839,0,3.11570271
15-09-2023,Apartment,0.817586201,5938,8.289582259,528,8,3.21213288
29-10-2022,House,0.868208461,9683,7.426962597,1610,5,4.969280113
08-04-2023,Condo,0.712460287,6487,7.234678489,1110,6,3.40579097
06-04-2023,Condo,0.927723301,8442,7.592616007,1690,6,4.163401352
24-07-2023,Apartment,0.763286682,6015,6.993483445,1373,19,4.155578019
10-05-2023,House,0.850182621,6825,11.66203855,843,10,4.638014751
08-11-2022,Apartment,0.71954734,9571,7.422911236,1076,9,3.377598225
19-04-2023,House,0.811551378,5488,7.60694286,1694,9,3.440275368
13-03-2023,House,0.918826325,6376,8.566849157,1376,17,4.511637887
09-04-2023,House,0.831887033,7774,8.93452544,577,6,4.055668908
14-08-2023,Apartment,0.900052471,7261,10.2227117,1194,11,4.798714074
07-03-2023,Condo,0.788362423,9890,7.70212521,1459,19,4.861122263
15-05-2023,Apartment,0.834694637,9915,9.817596529,1861,11,4.810525872
15-11-2022,Apartment,0.717577616,8711,9.326815744,1833,15,4.731277542
12-08-2023,Apartment,0.900457664,7456,8.204464629,1061,0,4.063570153
16-11-2022,House,0.851685021,6505,10.75371671,1077,1,4.74602648
15-03-2023,House,0.711885986,8763,7.657751109,1317,19,4.012764224
11-12-2022,House,0.76108958,8336,6.010189124,810,10,3.059077927
22-11-2022,House,0.707915094,6267,8.797350651,680,14,4.213291872
20-10-2022,Condo,0.829817989,9493,10.20409484,1358,19,4.617311397
14-11-2022,Condo,0.778688291,7871,11.75680707,950,16,3.510780693
07-11-2022,Condo,0.751688857,5683,6.327340593,1472,7,3.317647126
17-07-2023,Condo,0.735584309,7653,7.063996573,905,6,4.231909238
12-07-2023,Condo,0.938270652,8510,7.215464468,1723,4,4.600668507
01-12-2022,Apartment,0.784186918,8199,7.721904636,1656,18,4.688457815
09-06-2023,Apartment,0.769686871,5078,10.11926971,521,11,4.559596544
10-03-2023,House,0.94876856,7081,9.205328315,616,15,4.664583816
11-03-2023,Apartment,0.929895899,9283,6.293980924,960,14,3.543865713
30-11-2022,Condo,0.7859072,9658,9.692165836,1802,2,3.65937143
30-01-2023,House,0.715848496,7658,11.05046496,988,8,4.941715899
